-30.076156,2.970162,2.970162,2.970162,2.970162,2.970162,2.970162,2.970162,2.970162,2.970162,2.970162,2.970162,2.970162,2.970162,2.970162,2.970162,2.970162,1.980108,1.980108,1.980108,1.980108,1.980108,1.980108,1.980108,1.980108,1.980108,1.980108,1.980108,1.980108,1.980108,1.980108,1.980108,2.970162,1.980108,1.980108,1.980108,1.980108,1.980108,1.980108,1.980108,1.980108,1.980108,1.980108,1.980108,1.980108,1.980108,1.980108,1.980108,2.970162,1.980108,1.980108,1.980108,1.980108,1.980108,1.980108,1.980108,1.980108,1.980108,1.980108,1.980108,1.980108,1.980108,1.980108,1.980108,2.970162,1.980108,1.980108,1.980108,1.980108,1.980108,1.980108,1.980108,1.980108,1.980108,1.980108,1.980108,1.980108,1.980108,1.980108,1.980108,2.970162,1.980108,1.980108,1.980108,1.980108,1.980108,1.980108,1.980108,1.980108,1.980108,1.980108,1.980108,1.980108,1.980108,1.980108,1.980108,2.970162,1.980108,1.980108,1.980108,1.980108,1.980108,1.980108,1.980108,1.980108,1.980108,1.980108,1.980108,1.980108,1.980108,1.980108,1.980108,2.970162,1.980108,1.980108,1.980108,1.980108,1.980108,1.980108,1.980108,1.980108,1.980108,1.980108,1.980108,1.980108,1.980108,1.980108,1.980108,2.970162,1.980108,1.980108,1.980108,1.980108,1.980108,1.980108,1.980108,1.980108,1.980108,1.980108,1.980108,1.980108,1.980108,1.980108,1.980108,2.970162,1.980108,1.980108,1.980108,1.980108,1.980108,1.980108,1.980108,1.980108,1.980108,1.980108,1.980108,1.980108,1.980108,1.980108,1.980108,2.970162,1.980108,1.980108,1.980108,1.980108,1.980108,1.980108,1.980108,1.980108,1.980108,1.980108,1.980108,1.980108,1.980108,1.980108,1.980108,2.970162,1.980108,1.980108,1.980108,1.980108,1.980108,1.980108,1.980108,1.980108,1.980108,1.980108,1.980108,1.980108,1.980108,1.980108,1.980108,2.970162,1.980108,1.980108,1.980108,1.980108,1.980108,1.980108,1.980108,1.980108,1.980108,1.980108,1.980108,1.980108,1.980108,1.980108,1.980108,2.970162,1.980108,1.980108,1.980108,1.980108,1.980108,1.980108,1.980108,1.980108,1.980108,1.980108,1.980108,1.980108,1.980108,1.980108,1.980108,2.970162,1.980108,1.980108,1.980108,1.980108,1.980108,1.980108,1.980108,1.980108,1.980108,1.980108,1.980108,1.980108,1.980108,1.980108,1.980108,2.970162,1.980108,1.980108,1.980108,1.980108,1.980108,1.980108,1.980108,1.980108,1.980108,1.980108,1.980108,1.980108,1.980108,1.980108,1.980108,2.970162,1.980108,1.980108,1.980108,1.980108,1.980108,1.980108,1.980108,1.980108,1.980108,1.980108,1.980108,1.980108,1.980108,1.980108,1.980108,2.970162,1.980108,1.980108,1.980108,1.980108,1.980108,1.980108,1.980108,1.980108,1.980108,1.980108,1.980108,1.980108,1.980108,1.980108,1.980108,2.970162,1.980108,1.980108,1.980108,1.980108,1.980108,1.980108,1.980108,1.980108,1.980108,1.980108,1.980108,1.980108,1.980108,1.980108,1.980108,2.970162,1.980108,1.980108,1.980108,1.980108,1.980108,1.980108,1.980108,1.980108,1.980108,1.980108,1.980108,1.980108,1.980108,1.980108,1.980108
2.970162,-30.652330,2.970162,2.970162,2.970162,2.970162,2.970162,2.970162,2.970162,2.970162,2.970162,2.970162,2.970162,2.970162,2.970162,2.970162,1.980108,2.970162,1.980108,1.980108,1.980108,1.980108,1.980108,1.980108,1.980108,1.980108,1.980108,1.980108,1.980108,1.980108,1.980108,1.980108,1.980108,2.970162,1.980108,1.980108,1.980108,1.980108,1.980108,1.980108,1.980108,1.980108,1.980108,1.980108,1.980108,1.980108,1.980108,1.980108,1.980108,2.970162,1.980108,1.980108,1.980108,1.980108,1.980108,1.980108,1.980108,1.980108,1.980108,1.980108,1.980108,1.980108,1.980108,1.980108,1.980108,2.970162,1.980108,1.980108,1.980108,1.980108,1.980108,1.980108,1.980108,1.980108,1.980108,1.980108,1.980108,1.980108,1.980108,1.980108,1.980108,2.970162,1.980108,1.980108,1.980108,1.980108,1.980108,1.980108,1.980108,1.980108,1.980108,1.980108,1.980108,1.980108,1.980108,1.980108,1.980108,2.970162,1.980108,1.980108,1.980108,1.980108,1.980108,1.980108,1.980108,1.980108,1.980108,1.980108,1.980108,1.980108,1.980108,1.980108,1.980108,2.970162,1.980108,1.980108,1.980108,1.980108,1.980108,1.980108,1.980108,1.980108,1.980108,1.980108,1.980108,1.980108,1.980108,1.980108,1.980108,2.970162,1.980108,1.980108,1.980108,1.980108,1.980108,1.980108,1.980108,1.980108,1.980108,1.980108,1.980108,1.980108,1.980108,1.980108,1.980108,2.970162,1.980108,1.980108,1.980108,1.980108,1.980108,1.980108,1.980108,1.980108,1.980108,1.980108,1.980108,1.980108,1.980108,1.980108,1.980108,2.970162,1.980108,1.980108,1.980108,1.980108,1.980108,1.980108,1.980108,1.980108,1.980108,1.980108,1.980108,1.980108,1.980108,1.980108,1.980108,2.970162,1.980108,1.980108,1.980108,1.980108,1.980108,1.980108,1.980108,1.980108,1.980108,1.980108,1.980108,1.980108,1.980108,1.980108,1.980108,2.970162,1.980108,1.980108,1.980108,1.980108,1.980108,1.980108,1.980108,1.980108,1.980108,1.980108,1.980108,1.980108,1.980108,1.980108,1.980108,2.970162,1.980108,1.980108,1.980108,1.980108,1.980108,1.980108,1.980108,1.980108,1.980108,1.980108,1.980108,1.980108,1.980108,1.980108,1.980108,2.970162,1.980108,1.980108,1.980108,1.980108,1.980108,1.980108,1.980108,1.980108,1.980108,1.980108,1.980108,1.980108,1.980108,1.980108,1.980108,2.970162,1.980108,1.980108,1.980108,1.980108,1.980108,1.980108,1.980108,1.980108,1.980108,1.980108,1.980108,1.980108,1.980108,1.980108,1.980108,2.970162,1.980108,1.980108,1.980108,1.980108,1.980108,1.980108,1.980108,1.980108,1.980108,1.980108,1.980108,1.980108,1.980108,1.980108,1.980108,2.970162,1.980108,1.980108,1.980108,1.980108,1.980108,1.980108,1.980108,1.980108,1.980108,1.980108,1.980108,1.980108,1.980108,1.980108,1.980108,2.970162,1.980108,1.980108,1.980108,1.980108,1.980108,1.980108,1.980108,1.980108,1.980108,1.980108,1.980108,1.980108,1.980108,1.980108,1.980108,2.970162,1.980108,1.980108,1.980108,1.980108,1.980108,1.980108,1.980108,1.980108,1.980108,1.980108,1.980108,1.980108,1.980108,1.980108
2.970162,2.970162,-30.433609,2.970162,2.970162,2.970162,2.970162,2.970162,2.970162,2.970162,2.970162,2.970162,2.970162,2.970162,2.970162,2.970162,1.980108,1.980108,2.970162,1.980108,1.980108,1.980108,1.980108,1.980108,1.980108,1.980108,1.980108,1.980108,1.980108,1.980108,1.980108,1.980108,1.980108,1.980108,2.970162,1.980108,1.980108,1.980108,1.980108,1.980108,1.980108,1.980108,1.980108,1.980108,1.980108,1.980108,1.980108,1.980108,1.980108,1.980108,2.970162,1.980108,1.980108,1.980108,1.980108,1.980108,1.980108,1.980108,1.980108,1.980108,1.980108,1.980108,1.980108,1.980108,1.980108,1.980108,2.970162,1.980108,1.980108,1.980108,1.980108,1.980108,1.980108,1.980108,1.980108,1.980108,1.980108,1.980108,1.980108,1.980108,1.980108,1.980108,2.970162,1.980108,1.980108,1.980108,1.980108,1.980108,1.980108,1.980108,1.980108,1.980108,1.980108,1.980108,1.980108,1.980108,1.980108,1.980108,2.970162,1.980108,1.980108,1.980108,1.980108,1.980108,1.980108,1.980108,1.980108,1.980108,1.980108,1.980108,1.980108,1.980108,1.980108,1.980108,2.970162,1.980108,1.980108,1.980108,1.980108,1.980108,1.980108,1.980108,1.980108,1.980108,1.980108,1.980108,1.980108,1.980108,1.980108,1.980108,2.970162,1.980108,1.980108,1.980108,1.980108,1.980108,1.980108,1.980108,1.980108,1.980108,1.980108,1.980108,1.980108,1.980108,1.980108,1.980108,2.970162,1.980108,1.980108,1.980108,1.980108,1.980108,1.980108,1.980108,1.980108,1.980108,1.980108,1.980108,1.980108,1.980108,1.980108,1.980108,2.970162,1.980108,1.980108,1.980108,1.980108,1.980108,1.980108,1.980108,1.980108,1.980108,1.980108,1.980108,1.980108,1.980108,1.980108,1.980108,2.970162,1.980108,1.980108,1.980108,1.980108,1.980108,1.980108,1.980108,1.980108,1.980108,1.980108,1.980108,1.980108,1.980108,1.980108,1.980108,2.970162,1.980108,1.980108,1.980108,1.980108,1.980108,1.980108,1.980108,1.980108,1.980108,1.980108,1.980108,1.980108,1.980108,1.980108,1.980108,2.970162,1.980108,1.980108,1.980108,1.980108,1.980108,1.980108,1.980108,1.980108,1.980108,1.980108,1.980108,1.980108,1.980108,1.980108,1.980108,2.970162,1.980108,1.980108,1.980108,1.980108,1.980108,1.980108,1.980108,1.980108,1.980108,1.980108,1.980108,1.980108,1.980108,1.980108,1.980108,2.970162,1.980108,1.980108,1.980108,1.980108,1.980108,1.980108,1.980108,1.980108,1.980108,1.980108,1.980108,1.980108,1.980108,1.980108,1.980108,2.970162,1.980108,1.980108,1.980108,1.980108,1.980108,1.980108,1.980108,1.980108,1.980108,1.980108,1.980108,1.980108,1.980108,1.980108,1.980108,2.970162,1.980108,1.980108,1.980108,1.980108,1.980108,1.980108,1.980108,1.980108,1.980108,1.980108,1.980108,1.980108,1.980108,1.980108,1.980108,2.970162,1.980108,1.980108,1.980108,1.980108,1.980108,1.980108,1.980108,1.980108,1.980108,1.980108,1.980108,1.980108,1.980108,1.980108,1.980108,2.970162,1.980108,1.980108,1.980108,1.980108,1.980108,1.980108,1.980108,1.980108,1.980108,1.980108,1.980108,1.980108,1.980108
2.970162,2.970162,2.970162,-30.300274,2.970162,2.970162,2.970162,2.970162,2.970162,2.970162,2.970162,2.970162,2.970162,2.970162,2.970162,2.970162,1.980108,1.980108,1.980108,2.970162,1.980108,1.980108,1.980108,1.980108,1.980108,1.980108,1.980108,1.980108,1.980108,1.980108,1.980108,1.980108,1.980108,1.980108,1.980108,2.970162,1.980108,1.980108,1.980108,1.980108,1.980108,1.980108,1.980108,1.980108,1.980108,1.980108,1.980108,1.980108,1.980108,1.980108,1.980108,2.970162,1.980108,1.980108,1.980108,1.980108,1.980108,1.980108,1.980108,1.980108,1.980108,1.980108,1.980108,1.980108,1.980108,1.980108,1.980108,2.970162,1.980108,1.980108,1.980108,1.980108,1.980108,1.980108,1.980108,1.980108,1.980108,1.980108,1.980108,1.980108,1.980108,1.980108,1.980108,2.970162,1.980108,1.980108,1.980108,1.980108,1.980108,1.980108,1.980108,1.980108,1.980108,1.980108,1.980108,1.980108,1.980108,1.980108,1.980108,2.970162,1.980108,1.980108,1.980108,1.980108,1.980108,1.980108,1.980108,1.980108,1.980108,1.980108,1.980108,1.980108,1.980108,1.980108,1.980108,2.970162,1.980108,1.980108,1.980108,1.980108,1.980108,1.980108,1.980108,1.980108,1.980108,1.980108,1.980108,1.980108,1.980108,1.980108,1.980108,2.970162,1.980108,1.980108,1.980108,1.980108,1.980108,1.980108,1.980108,1.980108,1.980108,1.980108,1.980108,1.980108,1.980108,1.980108,1.980108,2.970162,1.980108,1.980108,1.980108,1.980108,1.980108,1.980108,1.980108,1.980108,1.980108,1.980108,1.980108,1.980108,1.980108,1.980108,1.980108,2.970162,1.980108,1.980108,1.980108,1.980108,1.980108,1.980108,1.980108,1.980108,1.980108,1.980108,1.980108,1.980108,1.980108,1.980108,1.980108,2.970162,1.980108,1.980108,1.980108,1.980108,1.980108,1.980108,1.980108,1.980108,1.980108,1.980108,1.980108,1.980108,1.980108,1.980108,1.980108,2.970162,1.980108,1.980108,1.980108,1.980108,1.980108,1.980108,1.980108,1.980108,1.980108,1.980108,1.980108,1.980108,1.980108,1.980108,1.980108,2.970162,1.980108,1.980108,1.980108,1.980108,1.980108,1.980108,1.980108,1.980108,1.980108,1.980108,1.980108,1.980108,1.980108,1.980108,1.980108,2.970162,1.980108,1.980108,1.980108,1.980108,1.980108,1.980108,1.980108,1.980108,1.980108,1.980108,1.980108,1.980108,1.980108,1.980108,1.980108,2.970162,1.980108,1.980108,1.980108,1.980108,1.980108,1.980108,1.980108,1.980108,1.980108,1.980108,1.980108,1.980108,1.980108,1.980108,1.980108,2.970162,1.980108,1.980108,1.980108,1.980108,1.980108,1.980108,1.980108,1.980108,1.980108,1.980108,1.980108,1.980108,1.980108,1.980108,1.980108,2.970162,1.980108,1.980108,1.980108,1.980108,1.980108,1.980108,1.980108,1.980108,1.980108,1.980108,1.980108,1.980108,1.980108,1.980108,1.980108,2.970162,1.980108,1.980108,1.980108,1.980108,1.980108,1.980108,1.980108,1.980108,1.980108,1.980108,1.980108,1.980108,1.980108,1.980108,1.980108,2.970162,1.980108,1.980108,1.980108,1.980108,1.980108,1.980108,1.980108,1.980108,1.980108,1.980108,1.980108,1.980108
2.970162,2.970162,2.970162,2.970162,-29.857634,2.970162,2.970162,2.970162,2.970162,2.970162,2.970162,2.970162,2.970162,2.970162,2.970162,2.970162,1.980108,1.980108,1.980108,1.980108,2.970162,1.980108,1.980108,1.980108,1.980108,1.980108,1.980108,1.980108,1.980108,1.980108,1.980108,1.980108,1.980108,1.980108,1.980108,1.980108,2.970162,1.980108,1.980108,1.980108,1.980108,1.980108,1.980108,1.980108,1.980108,1.980108,1.980108,1.980108,1.980108,1.980108,1.980108,1.980108,2.970162,1.980108,1.980108,1.980108,1.980108,1.980108,1.980108,1.980108,1.980108,1.980108,1.980108,1.980108,1.980108,1.980108,1.980108,1.980108,2.970162,1.980108,1.980108,1.980108,1.980108,1.980108,1.980108,1.980108,1.980108,1.980108,1.980108,1.980108,1.980108,1.980108,1.980108,1.980108,2.970162,1.980108,1.980108,1.980108,1.980108,1.980108,1.980108,1.980108,1.980108,1.980108,1.980108,1.980108,1.980108,1.980108,1.980108,1.980108,2.970162,1.980108,1.980108,1.980108,1.980108,1.980108,1.980108,1.980108,1.980108,1.980108,1.980108,1.980108,1.980108,1.980108,1.980108,1.980108,2.970162,1.980108,1.980108,1.980108,1.980108,1.980108,1.980108,1.980108,1.980108,1.980108,1.980108,1.980108,1.980108,1.980108,1.980108,1.980108,2.970162,1.980108,1.980108,1.980108,1.980108,1.980108,1.980108,1.980108,1.980108,1.980108,1.980108,1.980108,1.980108,1.980108,1.980108,1.980108,2.970162,1.980108,1.980108,1.980108,1.980108,1.980108,1.980108,1.980108,1.980108,1.980108,1.980108,1.980108,1.980108,1.980108,1.980108,1.980108,2.970162,1.980108,1.980108,1.980108,1.980108,1.980108,1.980108,1.980108,1.980108,1.980108,1.980108,1.980108,1.980108,1.980108,1.980108,1.980108,2.970162,1.980108,1.980108,1.980108,1.980108,1.980108,1.980108,1.980108,1.980108,1.980108,1.980108,1.980108,1.980108,1.980108,1.980108,1.980108,2.970162,1.980108,1.980108,1.980108,1.980108,1.980108,1.980108,1.980108,1.980108,1.980108,1.980108,1.980108,1.980108,1.980108,1.980108,1.980108,2.970162,1.980108,1.980108,1.980108,1.980108,1.980108,1.980108,1.980108,1.980108,1.980108,1.980108,1.980108,1.980108,1.980108,1.980108,1.980108,2.970162,1.980108,1.980108,1.980108,1.980108,1.980108,1.980108,1.980108,1.980108,1.980108,1.980108,1.980108,1.980108,1.980108,1.980108,1.980108,2.970162,1.980108,1.980108,1.980108,1.980108,1.980108,1.980108,1.980108,1.980108,1.980108,1.980108,1.980108,1.980108,1.980108,1.980108,1.980108,2.970162,1.980108,1.980108,1.980108,1.980108,1.980108,1.980108,1.980108,1.980108,1.980108,1.980108,1.980108,1.980108,1.980108,1.980108,1.980108,2.970162,1.980108,1.980108,1.980108,1.980108,1.980108,1.980108,1.980108,1.980108,1.980108,1.980108,1.980108,1.980108,1.980108,1.980108,1.980108,2.970162,1.980108,1.980108,1.980108,1.980108,1.980108,1.980108,1.980108,1.980108,1.980108,1.980108,1.980108,1.980108,1.980108,1.980108,1.980108,2.970162,1.980108,1.980108,1.980108,1.980108,1.980108,1.980108,1.980108,1.980108,1.980108,1.980108,1.980108
2.970162,2.970162,2.970162,2.970162,2.970162,-29.857610,2.970162,2.970162,2.970162,2.970162,2.970162,2.970162,2.970162,2.970162,2.970162,2.970162,1.980108,1.980108,1.980108,1.980108,1.980108,2.970162,1.980108,1.980108,1.980108,1.980108,1.980108,1.980108,1.980108,1.980108,1.980108,1.980108,1.980108,1.980108,1.980108,1.980108,1.980108,2.970162,1.980108,1.980108,1.980108,1.980108,1.980108,1.980108,1.980108,1.980108,1.980108,1.980108,1.980108,1.980108,1.980108,1.980108,1.980108,2.970162,1.980108,1.980108,1.980108,1.980108,1.980108,1.980108,1.980108,1.980108,1.980108,1.980108,1.980108,1.980108,1.980108,1.980108,1.980108,2.970162,1.980108,1.980108,1.980108,1.980108,1.980108,1.980108,1.980108,1.980108,1.980108,1.980108,1.980108,1.980108,1.980108,1.980108,1.980108,2.970162,1.980108,1.980108,1.980108,1.980108,1.980108,1.980108,1.980108,1.980108,1.980108,1.980108,1.980108,1.980108,1.980108,1.980108,1.980108,2.970162,1.980108,1.980108,1.980108,1.980108,1.980108,1.980108,1.980108,1.980108,1.980108,1.980108,1.980108,1.980108,1.980108,1.980108,1.980108,2.970162,1.980108,1.980108,1.980108,1.980108,1.980108,1.980108,1.980108,1.980108,1.980108,1.980108,1.980108,1.980108,1.980108,1.980108,1.980108,2.970162,1.980108,1.980108,1.980108,1.980108,1.980108,1.980108,1.980108,1.980108,1.980108,1.980108,1.980108,1.980108,1.980108,1.980108,1.980108,2.970162,1.980108,1.980108,1.980108,1.980108,1.980108,1.980108,1.980108,1.980108,1.980108,1.980108,1.980108,1.980108,1.980108,1.980108,1.980108,2.970162,1.980108,1.980108,1.980108,1.980108,1.980108,1.980108,1.980108,1.980108,1.980108,1.980108,1.980108,1.980108,1.980108,1.980108,1.980108,2.970162,1.980108,1.980108,1.980108,1.980108,1.980108,1.980108,1.980108,1.980108,1.980108,1.980108,1.980108,1.980108,1.980108,1.980108,1.980108,2.970162,1.980108,1.980108,1.980108,1.980108,1.980108,1.980108,1.980108,1.980108,1.980108,1.980108,1.980108,1.980108,1.980108,1.980108,1.980108,2.970162,1.980108,1.980108,1.980108,1.980108,1.980108,1.980108,1.980108,1.980108,1.980108,1.980108,1.980108,1.980108,1.980108,1.980108,1.980108,2.970162,1.980108,1.980108,1.980108,1.980108,1.980108,1.980108,1.980108,1.980108,1.980108,1.980108,1.980108,1.980108,1.980108,1.980108,1.980108,2.970162,1.980108,1.980108,1.980108,1.980108,1.980108,1.980108,1.980108,1.980108,1.980108,1.980108,1.980108,1.980108,1.980108,1.980108,1.980108,2.970162,1.980108,1.980108,1.980108,1.980108,1.980108,1.980108,1.980108,1.980108,1.980108,1.980108,1.980108,1.980108,1.980108,1.980108,1.980108,2.970162,1.980108,1.980108,1.980108,1.980108,1.980108,1.980108,1.980108,1.980108,1.980108,1.980108,1.980108,1.980108,1.980108,1.980108,1.980108,2.970162,1.980108,1.980108,1.980108,1.980108,1.980108,1.980108,1.980108,1.980108,1.980108,1.980108,1.980108,1.980108,1.980108,1.980108,1.980108,2.970162,1.980108,1.980108,1.980108,1.980108,1.980108,1.980108,1.980108,1.980108,1.980108,1.980108
2.970162,2.970162,2.970162,2.970162,2.970162,2.970162,-29.759699,2.970162,2.970162,2.970162,2.970162,2.970162,2.970162,2.970162,2.970162,2.970162,1.980108,1.980108,1.980108,1.980108,1.980108,1.980108,2.970162,1.980108,1.980108,1.980108,1.980108,1.980108,1.980108,1.980108,1.980108,1.980108,1.980108,1.980108,1.980108,1.980108,1.980108,1.980108,2.970162,1.980108,1.980108,1.980108,1.980108,1.980108,1.980108,1.980108,1.980108,1.980108,1.980108,1.980108,1.980108,1.980108,1.980108,1.980108,2.970162,1.980108,1.980108,1.980108,1.980108,1.980108,1.980108,1.980108,1.980108,1.980108,1.980108,1.980108,1.980108,1.980108,1.980108,1.980108,2.970162,1.980108,1.980108,1.980108,1.980108,1.980108,1.980108,1.980108,1.980108,1.980108,1.980108,1.980108,1.980108,1.980108,1.980108,1.980108,2.970162,1.980108,1.980108,1.980108,1.980108,1.980108,1.980108,1.980108,1.980108,1.980108,1.980108,1.980108,1.980108,1.980108,1.980108,1.980108,2.970162,1.980108,1.980108,1.980108,1.980108,1.980108,1.980108,1.980108,1.980108,1.980108,1.980108,1.980108,1.980108,1.980108,1.980108,1.980108,2.970162,1.980108,1.980108,1.980108,1.980108,1.980108,1.980108,1.980108,1.980108,1.980108,1.980108,1.980108,1.980108,1.980108,1.980108,1.980108,2.970162,1.980108,1.980108,1.980108,1.980108,1.980108,1.980108,1.980108,1.980108,1.980108,1.980108,1.980108,1.980108,1.980108,1.980108,1.980108,2.970162,1.980108,1.980108,1.980108,1.980108,1.980108,1.980108,1.980108,1.980108,1.980108,1.980108,1.980108,1.980108,1.980108,1.980108,1.980108,2.970162,1.980108,1.980108,1.980108,1.980108,1.980108,1.980108,1.980108,1.980108,1.980108,1.980108,1.980108,1.980108,1.980108,1.980108,1.980108,2.970162,1.980108,1.980108,1.980108,1.980108,1.980108,1.980108,1.980108,1.980108,1.980108,1.980108,1.980108,1.980108,1.980108,1.980108,1.980108,2.970162,1.980108,1.980108,1.980108,1.980108,1.980108,1.980108,1.980108,1.980108,1.980108,1.980108,1.980108,1.980108,1.980108,1.980108,1.980108,2.970162,1.980108,1.980108,1.980108,1.980108,1.980108,1.980108,1.980108,1.980108,1.980108,1.980108,1.980108,1.980108,1.980108,1.980108,1.980108,2.970162,1.980108,1.980108,1.980108,1.980108,1.980108,1.980108,1.980108,1.980108,1.980108,1.980108,1.980108,1.980108,1.980108,1.980108,1.980108,2.970162,1.980108,1.980108,1.980108,1.980108,1.980108,1.980108,1.980108,1.980108,1.980108,1.980108,1.980108,1.980108,1.980108,1.980108,1.980108,2.970162,1.980108,1.980108,1.980108,1.980108,1.980108,1.980108,1.980108,1.980108,1.980108,1.980108,1.980108,1.980108,1.980108,1.980108,1.980108,2.970162,1.980108,1.980108,1.980108,1.980108,1.980108,1.980108,1.980108,1.980108,1.980108,1.980108,1.980108,1.980108,1.980108,1.980108,1.980108,2.970162,1.980108,1.980108,1.980108,1.980108,1.980108,1.980108,1.980108,1.980108,1.980108,1.980108,1.980108,1.980108,1.980108,1.980108,1.980108,2.970162,1.980108,1.980108,1.980108,1.980108,1.980108,1.980108,1.980108,1.980108,1.980108
2.970162,2.970162,2.970162,2.970162,2.970162,2.970162,2.970162,-30.567792,2.970162,2.970162,2.970162,2.970162,2.970162,2.970162,2.970162,2.970162,1.980108,1.980108,1.980108,1.980108,1.980108,1.980108,1.980108,2.970162,1.980108,1.980108,1.980108,1.980108,1.980108,1.980108,1.980108,1.980108,1.980108,1.980108,1.980108,1.980108,1.980108,1.980108,1.980108,2.970162,1.980108,1.980108,1.980108,1.980108,1.980108,1.980108,1.980108,1.980108,1.980108,1.980108,1.980108,1.980108,1.980108,1.980108,1.980108,2.970162,1.980108,1.980108,1.980108,1.980108,1.980108,1.980108,1.980108,1.980108,1.980108,1.980108,1.980108,1.980108,1.980108,1.980108,1.980108,2.970162,1.980108,1.980108,1.980108,1.980108,1.980108,1.980108,1.980108,1.980108,1.980108,1.980108,1.980108,1.980108,1.980108,1.980108,1.980108,2.970162,1.980108,1.980108,1.980108,1.980108,1.980108,1.980108,1.980108,1.980108,1.980108,1.980108,1.980108,1.980108,1.980108,1.980108,1.980108,2.970162,1.980108,1.980108,1.980108,1.980108,1.980108,1.980108,1.980108,1.980108,1.980108,1.980108,1.980108,1.980108,1.980108,1.980108,1.980108,2.970162,1.980108,1.980108,1.980108,1.980108,1.980108,1.980108,1.980108,1.980108,1.980108,1.980108,1.980108,1.980108,1.980108,1.980108,1.980108,2.970162,1.980108,1.980108,1.980108,1.980108,1.980108,1.980108,1.980108,1.980108,1.980108,1.980108,1.980108,1.980108,1.980108,1.980108,1.980108,2.970162,1.980108,1.980108,1.980108,1.980108,1.980108,1.980108,1.980108,1.980108,1.980108,1.980108,1.980108,1.980108,1.980108,1.980108,1.980108,2.970162,1.980108,1.980108,1.980108,1.980108,1.980108,1.980108,1.980108,1.980108,1.980108,1.980108,1.980108,1.980108,1.980108,1.980108,1.980108,2.970162,1.980108,1.980108,1.980108,1.980108,1.980108,1.980108,1.980108,1.980108,1.980108,1.980108,1.980108,1.980108,1.980108,1.980108,1.980108,2.970162,1.980108,1.980108,1.980108,1.980108,1.980108,1.980108,1.980108,1.980108,1.980108,1.980108,1.980108,1.980108,1.980108,1.980108,1.980108,2.970162,1.980108,1.980108,1.980108,1.980108,1.980108,1.980108,1.980108,1.980108,1.980108,1.980108,1.980108,1.980108,1.980108,1.980108,1.980108,2.970162,1.980108,1.980108,1.980108,1.980108,1.980108,1.980108,1.980108,1.980108,1.980108,1.980108,1.980108,1.980108,1.980108,1.980108,1.980108,2.970162,1.980108,1.980108,1.980108,1.980108,1.980108,1.980108,1.980108,1.980108,1.980108,1.980108,1.980108,1.980108,1.980108,1.980108,1.980108,2.970162,1.980108,1.980108,1.980108,1.980108,1.980108,1.980108,1.980108,1.980108,1.980108,1.980108,1.980108,1.980108,1.980108,1.980108,1.980108,2.970162,1.980108,1.980108,1.980108,1.980108,1.980108,1.980108,1.980108,1.980108,1.980108,1.980108,1.980108,1.980108,1.980108,1.980108,1.980108,2.970162,1.980108,1.980108,1.980108,1.980108,1.980108,1.980108,1.980108,1.980108,1.980108,1.980108,1.980108,1.980108,1.980108,1.980108,1.980108,2.970162,1.980108,1.980108,1.980108,1.980108,1.980108,1.980108,1.980108,1.980108
2.970162,2.970162,2.970162,2.970162,2.970162,2.970162,2.970162,2.970162,-30.302731,2.970162,2.970162,2.970162,2.970162,2.970162,2.970162,2.970162,1.980108,1.980108,1.980108,1.980108,1.980108,1.980108,1.980108,1.980108,2.970162,1.980108,1.980108,1.980108,1.980108,1.980108,1.980108,1.980108,1.980108,1.980108,1.980108,1.980108,1.980108,1.980108,1.980108,1.980108,2.970162,1.980108,1.980108,1.980108,1.980108,1.980108,1.980108,1.980108,1.980108,1.980108,1.980108,1.980108,1.980108,1.980108,1.980108,1.980108,2.970162,1.980108,1.980108,1.980108,1.980108,1.980108,1.980108,1.980108,1.980108,1.980108,1.980108,1.980108,1.980108,1.980108,1.980108,1.980108,2.970162,1.980108,1.980108,1.980108,1.980108,1.980108,1.980108,1.980108,1.980108,1.980108,1.980108,1.980108,1.980108,1.980108,1.980108,1.980108,2.970162,1.980108,1.980108,1.980108,1.980108,1.980108,1.980108,1.980108,1.980108,1.980108,1.980108,1.980108,1.980108,1.980108,1.980108,1.980108,2.970162,1.980108,1.980108,1.980108,1.980108,1.980108,1.980108,1.980108,1.980108,1.980108,1.980108,1.980108,1.980108,1.980108,1.980108,1.980108,2.970162,1.980108,1.980108,1.980108,1.980108,1.980108,1.980108,1.980108,1.980108,1.980108,1.980108,1.980108,1.980108,1.980108,1.980108,1.980108,2.970162,1.980108,1.980108,1.980108,1.980108,1.980108,1.980108,1.980108,1.980108,1.980108,1.980108,1.980108,1.980108,1.980108,1.980108,1.980108,2.970162,1.980108,1.980108,1.980108,1.980108,1.980108,1.980108,1.980108,1.980108,1.980108,1.980108,1.980108,1.980108,1.980108,1.980108,1.980108,2.970162,1.980108,1.980108,1.980108,1.980108,1.980108,1.980108,1.980108,1.980108,1.980108,1.980108,1.980108,1.980108,1.980108,1.980108,1.980108,2.970162,1.980108,1.980108,1.980108,1.980108,1.980108,1.980108,1.980108,1.980108,1.980108,1.980108,1.980108,1.980108,1.980108,1.980108,1.980108,2.970162,1.980108,1.980108,1.980108,1.980108,1.980108,1.980108,1.980108,1.980108,1.980108,1.980108,1.980108,1.980108,1.980108,1.980108,1.980108,2.970162,1.980108,1.980108,1.980108,1.980108,1.980108,1.980108,1.980108,1.980108,1.980108,1.980108,1.980108,1.980108,1.980108,1.980108,1.980108,2.970162,1.980108,1.980108,1.980108,1.980108,1.980108,1.980108,1.980108,1.980108,1.980108,1.980108,1.980108,1.980108,1.980108,1.980108,1.980108,2.970162,1.980108,1.980108,1.980108,1.980108,1.980108,1.980108,1.980108,1.980108,1.980108,1.980108,1.980108,1.980108,1.980108,1.980108,1.980108,2.970162,1.980108,1.980108,1.980108,1.980108,1.980108,1.980108,1.980108,1.980108,1.980108,1.980108,1.980108,1.980108,1.980108,1.980108,1.980108,2.970162,1.980108,1.980108,1.980108,1.980108,1.980108,1.980108,1.980108,1.980108,1.980108,1.980108,1.980108,1.980108,1.980108,1.980108,1.980108,2.970162,1.980108,1.980108,1.980108,1.980108,1.980108,1.980108,1.980108,1.980108,1.980108,1.980108,1.980108,1.980108,1.980108,1.980108,1.980108,2.970162,1.980108,1.980108,1.980108,1.980108,1.980108,1.980108,1.980108
2.970162,2.970162,2.970162,2.970162,2.970162,2.970162,2.970162,2.970162,2.970162,-30.409688,2.970162,2.970162,2.970162,2.970162,2.970162,2.970162,1.980108,1.980108,1.980108,1.980108,1.980108,1.980108,1.980108,1.980108,1.980108,2.970162,1.980108,1.980108,1.980108,1.980108,1.980108,1.980108,1.980108,1.980108,1.980108,1.980108,1.980108,1.980108,1.980108,1.980108,1.980108,2.970162,1.980108,1.980108,1.980108,1.980108,1.980108,1.980108,1.980108,1.980108,1.980108,1.980108,1.980108,1.980108,1.980108,1.980108,1.980108,2.970162,1.980108,1.980108,1.980108,1.980108,1.980108,1.980108,1.980108,1.980108,1.980108,1.980108,1.980108,1.980108,1.980108,1.980108,1.980108,2.970162,1.980108,1.980108,1.980108,1.980108,1.980108,1.980108,1.980108,1.980108,1.980108,1.980108,1.980108,1.980108,1.980108,1.980108,1.980108,2.970162,1.980108,1.980108,1.980108,1.980108,1.980108,1.980108,1.980108,1.980108,1.980108,1.980108,1.980108,1.980108,1.980108,1.980108,1.980108,2.970162,1.980108,1.980108,1.980108,1.980108,1.980108,1.980108,1.980108,1.980108,1.980108,1.980108,1.980108,1.980108,1.980108,1.980108,1.980108,2.970162,1.980108,1.980108,1.980108,1.980108,1.980108,1.980108,1.980108,1.980108,1.980108,1.980108,1.980108,1.980108,1.980108,1.980108,1.980108,2.970162,1.980108,1.980108,1.980108,1.980108,1.980108,1.980108,1.980108,1.980108,1.980108,1.980108,1.980108,1.980108,1.980108,1.980108,1.980108,2.970162,1.980108,1.980108,1.980108,1.980108,1.980108,1.980108,1.980108,1.980108,1.980108,1.980108,1.980108,1.980108,1.980108,1.980108,1.980108,2.970162,1.980108,1.980108,1.980108,1.980108,1.980108,1.980108,1.980108,1.980108,1.980108,1.980108,1.980108,1.980108,1.980108,1.980108,1.980108,2.970162,1.980108,1.980108,1.980108,1.980108,1.980108,1.980108,1.980108,1.980108,1.980108,1.980108,1.980108,1.980108,1.980108,1.980108,1.980108,2.970162,1.980108,1.980108,1.980108,1.980108,1.980108,1.980108,1.980108,1.980108,1.980108,1.980108,1.980108,1.980108,1.980108,1.980108,1.980108,2.970162,1.980108,1.980108,1.980108,1.980108,1.980108,1.980108,1.980108,1.980108,1.980108,1.980108,1.980108,1.980108,1.980108,1.980108,1.980108,2.970162,1.980108,1.980108,1.980108,1.980108,1.980108,1.980108,1.980108,1.980108,1.980108,1.980108,1.980108,1.980108,1.980108,1.980108,1.980108,2.970162,1.980108,1.980108,1.980108,1.980108,1.980108,1.980108,1.980108,1.980108,1.980108,1.980108,1.980108,1.980108,1.980108,1.980108,1.980108,2.970162,1.980108,1.980108,1.980108,1.980108,1.980108,1.980108,1.980108,1.980108,1.980108,1.980108,1.980108,1.980108,1.980108,1.980108,1.980108,2.970162,1.980108,1.980108,1.980108,1.980108,1.980108,1.980108,1.980108,1.980108,1.980108,1.980108,1.980108,1.980108,1.980108,1.980108,1.980108,2.970162,1.980108,1.980108,1.980108,1.980108,1.980108,1.980108,1.980108,1.980108,1.980108,1.980108,1.980108,1.980108,1.980108,1.980108,1.980108,2.970162,1.980108,1.980108,1.980108,1.980108,1.980108,1.980108
2.970162,2.970162,2.970162,2.970162,2.970162,2.970162,2.970162,2.970162,2.970162,2.970162,-29.722200,2.970162,2.970162,2.970162,2.970162,2.970162,1.980108,1.980108,1.980108,1.980108,1.980108,1.980108,1.980108,1.980108,1.980108,1.980108,2.970162,1.980108,1.980108,1.980108,1.980108,1.980108,1.980108,1.980108,1.980108,1.980108,1.980108,1.980108,1.980108,1.980108,1.980108,1.980108,2.970162,1.980108,1.980108,1.980108,1.980108,1.980108,1.980108,1.980108,1.980108,1.980108,1.980108,1.980108,1.980108,1.980108,1.980108,1.980108,2.970162,1.980108,1.980108,1.980108,1.980108,1.980108,1.980108,1.980108,1.980108,1.980108,1.980108,1.980108,1.980108,1.980108,1.980108,1.980108,2.970162,1.980108,1.980108,1.980108,1.980108,1.980108,1.980108,1.980108,1.980108,1.980108,1.980108,1.980108,1.980108,1.980108,1.980108,1.980108,2.970162,1.980108,1.980108,1.980108,1.980108,1.980108,1.980108,1.980108,1.980108,1.980108,1.980108,1.980108,1.980108,1.980108,1.980108,1.980108,2.970162,1.980108,1.980108,1.980108,1.980108,1.980108,1.980108,1.980108,1.980108,1.980108,1.980108,1.980108,1.980108,1.980108,1.980108,1.980108,2.970162,1.980108,1.980108,1.980108,1.980108,1.980108,1.980108,1.980108,1.980108,1.980108,1.980108,1.980108,1.980108,1.980108,1.980108,1.980108,2.970162,1.980108,1.980108,1.980108,1.980108,1.980108,1.980108,1.980108,1.980108,1.980108,1.980108,1.980108,1.980108,1.980108,1.980108,1.980108,2.970162,1.980108,1.980108,1.980108,1.980108,1.980108,1.980108,1.980108,1.980108,1.980108,1.980108,1.980108,1.980108,1.980108,1.980108,1.980108,2.970162,1.980108,1.980108,1.980108,1.980108,1.980108,1.980108,1.980108,1.980108,1.980108,1.980108,1.980108,1.980108,1.980108,1.980108,1.980108,2.970162,1.980108,1.980108,1.980108,1.980108,1.980108,1.980108,1.980108,1.980108,1.980108,1.980108,1.980108,1.980108,1.980108,1.980108,1.980108,2.970162,1.980108,1.980108,1.980108,1.980108,1.980108,1.980108,1.980108,1.980108,1.980108,1.980108,1.980108,1.980108,1.980108,1.980108,1.980108,2.970162,1.980108,1.980108,1.980108,1.980108,1.980108,1.980108,1.980108,1.980108,1.980108,1.980108,1.980108,1.980108,1.980108,1.980108,1.980108,2.970162,1.980108,1.980108,1.980108,1.980108,1.980108,1.980108,1.980108,1.980108,1.980108,1.980108,1.980108,1.980108,1.980108,1.980108,1.980108,2.970162,1.980108,1.980108,1.980108,1.980108,1.980108,1.980108,1.980108,1.980108,1.980108,1.980108,1.980108,1.980108,1.980108,1.980108,1.980108,2.970162,1.980108,1.980108,1.980108,1.980108,1.980108,1.980108,1.980108,1.980108,1.980108,1.980108,1.980108,1.980108,1.980108,1.980108,1.980108,2.970162,1.980108,1.980108,1.980108,1.980108,1.980108,1.980108,1.980108,1.980108,1.980108,1.980108,1.980108,1.980108,1.980108,1.980108,1.980108,2.970162,1.980108,1.980108,1.980108,1.980108,1.980108,1.980108,1.980108,1.980108,1.980108,1.980108,1.980108,1.980108,1.980108,1.980108,1.980108,2.970162,1.980108,1.980108,1.980108,1.980108,1.980108
2.970162,2.970162,2.970162,2.970162,2.970162,2.970162,2.970162,2.970162,2.970162,2.970162,2.970162,-30.671525,2.970162,2.970162,2.970162,2.970162,1.980108,1.980108,1.980108,1.980108,1.980108,1.980108,1.980108,1.980108,1.980108,1.980108,1.980108,2.970162,1.980108,1.980108,1.980108,1.980108,1.980108,1.980108,1.980108,1.980108,1.980108,1.980108,1.980108,1.980108,1.980108,1.980108,1.980108,2.970162,1.980108,1.980108,1.980108,1.980108,1.980108,1.980108,1.980108,1.980108,1.980108,1.980108,1.980108,1.980108,1.980108,1.980108,1.980108,2.970162,1.980108,1.980108,1.980108,1.980108,1.980108,1.980108,1.980108,1.980108,1.980108,1.980108,1.980108,1.980108,1.980108,1.980108,1.980108,2.970162,1.980108,1.980108,1.980108,1.980108,1.980108,1.980108,1.980108,1.980108,1.980108,1.980108,1.980108,1.980108,1.980108,1.980108,1.980108,2.970162,1.980108,1.980108,1.980108,1.980108,1.980108,1.980108,1.980108,1.980108,1.980108,1.980108,1.980108,1.980108,1.980108,1.980108,1.980108,2.970162,1.980108,1.980108,1.980108,1.980108,1.980108,1.980108,1.980108,1.980108,1.980108,1.980108,1.980108,1.980108,1.980108,1.980108,1.980108,2.970162,1.980108,1.980108,1.980108,1.980108,1.980108,1.980108,1.980108,1.980108,1.980108,1.980108,1.980108,1.980108,1.980108,1.980108,1.980108,2.970162,1.980108,1.980108,1.980108,1.980108,1.980108,1.980108,1.980108,1.980108,1.980108,1.980108,1.980108,1.980108,1.980108,1.980108,1.980108,2.970162,1.980108,1.980108,1.980108,1.980108,1.980108,1.980108,1.980108,1.980108,1.980108,1.980108,1.980108,1.980108,1.980108,1.980108,1.980108,2.970162,1.980108,1.980108,1.980108,1.980108,1.980108,1.980108,1.980108,1.980108,1.980108,1.980108,1.980108,1.980108,1.980108,1.980108,1.980108,2.970162,1.980108,1.980108,1.980108,1.980108,1.980108,1.980108,1.980108,1.980108,1.980108,1.980108,1.980108,1.980108,1.980108,1.980108,1.980108,2.970162,1.980108,1.980108,1.980108,1.980108,1.980108,1.980108,1.980108,1.980108,1.980108,1.980108,1.980108,1.980108,1.980108,1.980108,1.980108,2.970162,1.980108,1.980108,1.980108,1.980108,1.980108,1.980108,1.980108,1.980108,1.980108,1.980108,1.980108,1.980108,1.980108,1.980108,1.980108,2.970162,1.980108,1.980108,1.980108,1.980108,1.980108,1.980108,1.980108,1.980108,1.980108,1.980108,1.980108,1.980108,1.980108,1.980108,1.980108,2.970162,1.980108,1.980108,1.980108,1.980108,1.980108,1.980108,1.980108,1.980108,1.980108,1.980108,1.980108,1.980108,1.980108,1.980108,1.980108,2.970162,1.980108,1.980108,1.980108,1.980108,1.980108,1.980108,1.980108,1.980108,1.980108,1.980108,1.980108,1.980108,1.980108,1.980108,1.980108,2.970162,1.980108,1.980108,1.980108,1.980108,1.980108,1.980108,1.980108,1.980108,1.980108,1.980108,1.980108,1.980108,1.980108,1.980108,1.980108,2.970162,1.980108,1.980108,1.980108,1.980108,1.980108,1.980108,1.980108,1.980108,1.980108,1.980108,1.980108,1.980108,1.980108,1.980108,1.980108,2.970162,1.980108,1.980108,1.980108,1.980108
2.970162,2.970162,2.970162,2.970162,2.970162,2.970162,2.970162,2.970162,2.970162,2.970162,2.970162,2.970162,-30.534058,2.970162,2.970162,2.970162,1.980108,1.980108,1.980108,1.980108,1.980108,1.980108,1.980108,1.980108,1.980108,1.980108,1.980108,1.980108,2.970162,1.980108,1.980108,1.980108,1.980108,1.980108,1.980108,1.980108,1.980108,1.980108,1.980108,1.980108,1.980108,1.980108,1.980108,1.980108,2.970162,1.980108,1.980108,1.980108,1.980108,1.980108,1.980108,1.980108,1.980108,1.980108,1.980108,1.980108,1.980108,1.980108,1.980108,1.980108,2.970162,1.980108,1.980108,1.980108,1.980108,1.980108,1.980108,1.980108,1.980108,1.980108,1.980108,1.980108,1.980108,1.980108,1.980108,1.980108,2.970162,1.980108,1.980108,1.980108,1.980108,1.980108,1.980108,1.980108,1.980108,1.980108,1.980108,1.980108,1.980108,1.980108,1.980108,1.980108,2.970162,1.980108,1.980108,1.980108,1.980108,1.980108,1.980108,1.980108,1.980108,1.980108,1.980108,1.980108,1.980108,1.980108,1.980108,1.980108,2.970162,1.980108,1.980108,1.980108,1.980108,1.980108,1.980108,1.980108,1.980108,1.980108,1.980108,1.980108,1.980108,1.980108,1.980108,1.980108,2.970162,1.980108,1.980108,1.980108,1.980108,1.980108,1.980108,1.980108,1.980108,1.980108,1.980108,1.980108,1.980108,1.980108,1.980108,1.980108,2.970162,1.980108,1.980108,1.980108,1.980108,1.980108,1.980108,1.980108,1.980108,1.980108,1.980108,1.980108,1.980108,1.980108,1.980108,1.980108,2.970162,1.980108,1.980108,1.980108,1.980108,1.980108,1.980108,1.980108,1.980108,1.980108,1.980108,1.980108,1.980108,1.980108,1.980108,1.980108,2.970162,1.980108,1.980108,1.980108,1.980108,1.980108,1.980108,1.980108,1.980108,1.980108,1.980108,1.980108,1.980108,1.980108,1.980108,1.980108,2.970162,1.980108,1.980108,1.980108,1.980108,1.980108,1.980108,1.980108,1.980108,1.980108,1.980108,1.980108,1.980108,1.980108,1.980108,1.980108,2.970162,1.980108,1.980108,1.980108,1.980108,1.980108,1.980108,1.980108,1.980108,1.980108,1.980108,1.980108,1.980108,1.980108,1.980108,1.980108,2.970162,1.980108,1.980108,1.980108,1.980108,1.980108,1.980108,1.980108,1.980108,1.980108,1.980108,1.980108,1.980108,1.980108,1.980108,1.980108,2.970162,1.980108,1.980108,1.980108,1.980108,1.980108,1.980108,1.980108,1.980108,1.980108,1.980108,1.980108,1.980108,1.980108,1.980108,1.980108,2.970162,1.980108,1.980108,1.980108,1.980108,1.980108,1.980108,1.980108,1.980108,1.980108,1.980108,1.980108,1.980108,1.980108,1.980108,1.980108,2.970162,1.980108,1.980108,1.980108,1.980108,1.980108,1.980108,1.980108,1.980108,1.980108,1.980108,1.980108,1.980108,1.980108,1.980108,1.980108,2.970162,1.980108,1.980108,1.980108,1.980108,1.980108,1.980108,1.980108,1.980108,1.980108,1.980108,1.980108,1.980108,1.980108,1.980108,1.980108,2.970162,1.980108,1.980108,1.980108,1.980108,1.980108,1.980108,1.980108,1.980108,1.980108,1.980108,1.980108,1.980108,1.980108,1.980108,1.980108,2.970162,1.980108,1.980108,1.980108
2.970162,2.970162,2.970162,2.970162,2.970162,2.970162,2.970162,2.970162,2.970162,2.970162,2.970162,2.970162,2.970162,-29.913955,2.970162,2.970162,1.980108,1.980108,1.980108,1.980108,1.980108,1.980108,1.980108,1.980108,1.980108,1.980108,1.980108,1.980108,1.980108,2.970162,1.980108,1.980108,1.980108,1.980108,1.980108,1.980108,1.980108,1.980108,1.980108,1.980108,1.980108,1.980108,1.980108,1.980108,1.980108,2.970162,1.980108,1.980108,1.980108,1.980108,1.980108,1.980108,1.980108,1.980108,1.980108,1.980108,1.980108,1.980108,1.980108,1.980108,1.980108,2.970162,1.980108,1.980108,1.980108,1.980108,1.980108,1.980108,1.980108,1.980108,1.980108,1.980108,1.980108,1.980108,1.980108,1.980108,1.980108,2.970162,1.980108,1.980108,1.980108,1.980108,1.980108,1.980108,1.980108,1.980108,1.980108,1.980108,1.980108,1.980108,1.980108,1.980108,1.980108,2.970162,1.980108,1.980108,1.980108,1.980108,1.980108,1.980108,1.980108,1.980108,1.980108,1.980108,1.980108,1.980108,1.980108,1.980108,1.980108,2.970162,1.980108,1.980108,1.980108,1.980108,1.980108,1.980108,1.980108,1.980108,1.980108,1.980108,1.980108,1.980108,1.980108,1.980108,1.980108,2.970162,1.980108,1.980108,1.980108,1.980108,1.980108,1.980108,1.980108,1.980108,1.980108,1.980108,1.980108,1.980108,1.980108,1.980108,1.980108,2.970162,1.980108,1.980108,1.980108,1.980108,1.980108,1.980108,1.980108,1.980108,1.980108,1.980108,1.980108,1.980108,1.980108,1.980108,1.980108,2.970162,1.980108,1.980108,1.980108,1.980108,1.980108,1.980108,1.980108,1.980108,1.980108,1.980108,1.980108,1.980108,1.980108,1.980108,1.980108,2.970162,1.980108,1.980108,1.980108,1.980108,1.980108,1.980108,1.980108,1.980108,1.980108,1.980108,1.980108,1.980108,1.980108,1.980108,1.980108,2.970162,1.980108,1.980108,1.980108,1.980108,1.980108,1.980108,1.980108,1.980108,1.980108,1.980108,1.980108,1.980108,1.980108,1.980108,1.980108,2.970162,1.980108,1.980108,1.980108,1.980108,1.980108,1.980108,1.980108,1.980108,1.980108,1.980108,1.980108,1.980108,1.980108,1.980108,1.980108,2.970162,1.980108,1.980108,1.980108,1.980108,1.980108,1.980108,1.980108,1.980108,1.980108,1.980108,1.980108,1.980108,1.980108,1.980108,1.980108,2.970162,1.980108,1.980108,1.980108,1.980108,1.980108,1.980108,1.980108,1.980108,1.980108,1.980108,1.980108,1.980108,1.980108,1.980108,1.980108,2.970162,1.980108,1.980108,1.980108,1.980108,1.980108,1.980108,1.980108,1.980108,1.980108,1.980108,1.980108,1.980108,1.980108,1.980108,1.980108,2.970162,1.980108,1.980108,1.980108,1.980108,1.980108,1.980108,1.980108,1.980108,1.980108,1.980108,1.980108,1.980108,1.980108,1.980108,1.980108,2.970162,1.980108,1.980108,1.980108,1.980108,1.980108,1.980108,1.980108,1.980108,1.980108,1.980108,1.980108,1.980108,1.980108,1.980108,1.980108,2.970162,1.980108,1.980108,1.980108,1.980108,1.980108,1.980108,1.980108,1.980108,1.980108,1.980108,1.980108,1.980108,1.980108,1.980108,1.980108,2.970162,1.980108,1.980108
2.970162,2.970162,2.970162,2.970162,2.970162,2.970162,2.970162,2.970162,2.970162,2.970162,2.970162,2.970162,2.970162,2.970162,-29.883440,2.970162,1.980108,1.980108,1.980108,1.980108,1.980108,1.980108,1.980108,1.980108,1.980108,1.980108,1.980108,1.980108,1.980108,1.980108,2.970162,1.980108,1.980108,1.980108,1.980108,1.980108,1.980108,1.980108,1.980108,1.980108,1.980108,1.980108,1.980108,1.980108,1.980108,1.980108,2.970162,1.980108,1.980108,1.980108,1.980108,1.980108,1.980108,1.980108,1.980108,1.980108,1.980108,1.980108,1.980108,1.980108,1.980108,1.980108,2.970162,1.980108,1.980108,1.980108,1.980108,1.980108,1.980108,1.980108,1.980108,1.980108,1.980108,1.980108,1.980108,1.980108,1.980108,1.980108,2.970162,1.980108,1.980108,1.980108,1.980108,1.980108,1.980108,1.980108,1.980108,1.980108,1.980108,1.980108,1.980108,1.980108,1.980108,1.980108,2.970162,1.980108,1.980108,1.980108,1.980108,1.980108,1.980108,1.980108,1.980108,1.980108,1.980108,1.980108,1.980108,1.980108,1.980108,1.980108,2.970162,1.980108,1.980108,1.980108,1.980108,1.980108,1.980108,1.980108,1.980108,1.980108,1.980108,1.980108,1.980108,1.980108,1.980108,1.980108,2.970162,1.980108,1.980108,1.980108,1.980108,1.980108,1.980108,1.980108,1.980108,1.980108,1.980108,1.980108,1.980108,1.980108,1.980108,1.980108,2.970162,1.980108,1.980108,1.980108,1.980108,1.980108,1.980108,1.980108,1.980108,1.980108,1.980108,1.980108,1.980108,1.980108,1.980108,1.980108,2.970162,1.980108,1.980108,1.980108,1.980108,1.980108,1.980108,1.980108,1.980108,1.980108,1.980108,1.980108,1.980108,1.980108,1.980108,1.980108,2.970162,1.980108,1.980108,1.980108,1.980108,1.980108,1.980108,1.980108,1.980108,1.980108,1.980108,1.980108,1.980108,1.980108,1.980108,1.980108,2.970162,1.980108,1.980108,1.980108,1.980108,1.980108,1.980108,1.980108,1.980108,1.980108,1.980108,1.980108,1.980108,1.980108,1.980108,1.980108,2.970162,1.980108,1.980108,1.980108,1.980108,1.980108,1.980108,1.980108,1.980108,1.980108,1.980108,1.980108,1.980108,1.980108,1.980108,1.980108,2.970162,1.980108,1.980108,1.980108,1.980108,1.980108,1.980108,1.980108,1.980108,1.980108,1.980108,1.980108,1.980108,1.980108,1.980108,1.980108,2.970162,1.980108,1.980108,1.980108,1.980108,1.980108,1.980108,1.980108,1.980108,1.980108,1.980108,1.980108,1.980108,1.980108,1.980108,1.980108,2.970162,1.980108,1.980108,1.980108,1.980108,1.980108,1.980108,1.980108,1.980108,1.980108,1.980108,1.980108,1.980108,1.980108,1.980108,1.980108,2.970162,1.980108,1.980108,1.980108,1.980108,1.980108,1.980108,1.980108,1.980108,1.980108,1.980108,1.980108,1.980108,1.980108,1.980108,1.980108,2.970162,1.980108,1.980108,1.980108,1.980108,1.980108,1.980108,1.980108,1.980108,1.980108,1.980108,1.980108,1.980108,1.980108,1.980108,1.980108,2.970162,1.980108,1.980108,1.980108,1.980108,1.980108,1.980108,1.980108,1.980108,1.980108,1.980108,1.980108,1.980108,1.980108,1.980108,1.980108,2.970162,1.980108
2.970162,2.970162,2.970162,2.970162,2.970162,2.970162,2.970162,2.970162,2.970162,2.970162,2.970162,2.970162,2.970162,2.970162,2.970162,-29.885020,1.980108,1.980108,1.980108,1.980108,1.980108,1.980108,1.980108,1.980108,1.980108,1.980108,1.980108,1.980108,1.980108,1.980108,1.980108,2.970162,1.980108,1.980108,1.980108,1.980108,1.980108,1.980108,1.980108,1.980108,1.980108,1.980108,1.980108,1.980108,1.980108,1.980108,1.980108,2.970162,1.980108,1.980108,1.980108,1.980108,1.980108,1.980108,1.980108,1.980108,1.980108,1.980108,1.980108,1.980108,1.980108,1.980108,1.980108,2.970162,1.980108,1.980108,1.980108,1.980108,1.980108,1.980108,1.980108,1.980108,1.980108,1.980108,1.980108,1.980108,1.980108,1.980108,1.980108,2.970162,1.980108,1.980108,1.980108,1.980108,1.980108,1.980108,1.980108,1.980108,1.980108,1.980108,1.980108,1.980108,1.980108,1.980108,1.980108,2.970162,1.980108,1.980108,1.980108,1.980108,1.980108,1.980108,1.980108,1.980108,1.980108,1.980108,1.980108,1.980108,1.980108,1.980108,1.980108,2.970162,1.980108,1.980108,1.980108,1.980108,1.980108,1.980108,1.980108,1.980108,1.980108,1.980108,1.980108,1.980108,1.980108,1.980108,1.980108,2.970162,1.980108,1.980108,1.980108,1.980108,1.980108,1.980108,1.980108,1.980108,1.980108,1.980108,1.980108,1.980108,1.980108,1.980108,1.980108,2.970162,1.980108,1.980108,1.980108,1.980108,1.980108,1.980108,1.980108,1.980108,1.980108,1.980108,1.980108,1.980108,1.980108,1.980108,1.980108,2.970162,1.980108,1.980108,1.980108,1.980108,1.980108,1.980108,1.980108,1.980108,1.980108,1.980108,1.980108,1.980108,1.980108,1.980108,1.980108,2.970162,1.980108,1.980108,1.980108,1.980108,1.980108,1.980108,1.980108,1.980108,1.980108,1.980108,1.980108,1.980108,1.980108,1.980108,1.980108,2.970162,1.980108,1.980108,1.980108,1.980108,1.980108,1.980108,1.980108,1.980108,1.980108,1.980108,1.980108,1.980108,1.980108,1.980108,1.980108,2.970162,1.980108,1.980108,1.980108,1.980108,1.980108,1.980108,1.980108,1.980108,1.980108,1.980108,1.980108,1.980108,1.980108,1.980108,1.980108,2.970162,1.980108,1.980108,1.980108,1.980108,1.980108,1.980108,1.980108,1.980108,1.980108,1.980108,1.980108,1.980108,1.980108,1.980108,1.980108,2.970162,1.980108,1.980108,1.980108,1.980108,1.980108,1.980108,1.980108,1.980108,1.980108,1.980108,1.980108,1.980108,1.980108,1.980108,1.980108,2.970162,1.980108,1.980108,1.980108,1.980108,1.980108,1.980108,1.980108,1.980108,1.980108,1.980108,1.980108,1.980108,1.980108,1.980108,1.980108,2.970162,1.980108,1.980108,1.980108,1.980108,1.980108,1.980108,1.980108,1.980108,1.980108,1.980108,1.980108,1.980108,1.980108,1.980108,1.980108,2.970162,1.980108,1.980108,1.980108,1.980108,1.980108,1.980108,1.980108,1.980108,1.980108,1.980108,1.980108,1.980108,1.980108,1.980108,1.980108,2.970162,1.980108,1.980108,1.980108,1.980108,1.980108,1.980108,1.980108,1.980108,1.980108,1.980108,1.980108,1.980108,1.980108,1.980108,1.980108,2.970162
2.970162,1.980108,1.980108,1.980108,1.980108,1.980108,1.980108,1.980108,1.980108,1.980108,1.980108,1.980108,1.980108,1.980108,1.980108,1.980108,-30.005858,2.970162,2.970162,2.970162,2.970162,2.970162,2.970162,2.970162,2.970162,2.970162,2.970162,2.970162,2.970162,2.970162,2.970162,2.970162,2.970162,1.980108,1.980108,1.980108,1.980108,1.980108,1.980108,1.980108,1.980108,1.980108,1.980108,1.980108,1.980108,1.980108,1.980108,1.980108,2.970162,1.980108,1.980108,1.980108,1.980108,1.980108,1.980108,1.980108,1.980108,1.980108,1.980108,1.980108,1.980108,1.980108,1.980108,1.980108,2.970162,1.980108,1.980108,1.980108,1.980108,1.980108,1.980108,1.980108,1.980108,1.980108,1.980108,1.980108,1.980108,1.980108,1.980108,1.980108,2.970162,1.980108,1.980108,1.980108,1.980108,1.980108,1.980108,1.980108,1.980108,1.980108,1.980108,1.980108,1.980108,1.980108,1.980108,1.980108,2.970162,1.980108,1.980108,1.980108,1.980108,1.980108,1.980108,1.980108,1.980108,1.980108,1.980108,1.980108,1.980108,1.980108,1.980108,1.980108,2.970162,1.980108,1.980108,1.980108,1.980108,1.980108,1.980108,1.980108,1.980108,1.980108,1.980108,1.980108,1.980108,1.980108,1.980108,1.980108,2.970162,1.980108,1.980108,1.980108,1.980108,1.980108,1.980108,1.980108,1.980108,1.980108,1.980108,1.980108,1.980108,1.980108,1.980108,1.980108,2.970162,1.980108,1.980108,1.980108,1.980108,1.980108,1.980108,1.980108,1.980108,1.980108,1.980108,1.980108,1.980108,1.980108,1.980108,1.980108,2.970162,1.980108,1.980108,1.980108,1.980108,1.980108,1.980108,1.980108,1.980108,1.980108,1.980108,1.980108,1.980108,1.980108,1.980108,1.980108,2.970162,1.980108,1.980108,1.980108,1.980108,1.980108,1.980108,1.980108,1.980108,1.980108,1.980108,1.980108,1.980108,1.980108,1.980108,1.980108,2.970162,1.980108,1.980108,1.980108,1.980108,1.980108,1.980108,1.980108,1.980108,1.980108,1.980108,1.980108,1.980108,1.980108,1.980108,1.980108,2.970162,1.980108,1.980108,1.980108,1.980108,1.980108,1.980108,1.980108,1.980108,1.980108,1.980108,1.980108,1.980108,1.980108,1.980108,1.980108,2.970162,1.980108,1.980108,1.980108,1.980108,1.980108,1.980108,1.980108,1.980108,1.980108,1.980108,1.980108,1.980108,1.980108,1.980108,1.980108,2.970162,1.980108,1.980108,1.980108,1.980108,1.980108,1.980108,1.980108,1.980108,1.980108,1.980108,1.980108,1.980108,1.980108,1.980108,1.980108,2.970162,1.980108,1.980108,1.980108,1.980108,1.980108,1.980108,1.980108,1.980108,1.980108,1.980108,1.980108,1.980108,1.980108,1.980108,1.980108,2.970162,1.980108,1.980108,1.980108,1.980108,1.980108,1.980108,1.980108,1.980108,1.980108,1.980108,1.980108,1.980108,1.980108,1.980108,1.980108,2.970162,1.980108,1.980108,1.980108,1.980108,1.980108,1.980108,1.980108,1.980108,1.980108,1.980108,1.980108,1.980108,1.980108,1.980108,1.980108,2.970162,1.980108,1.980108,1.980108,1.980108,1.980108,1.980108,1.980108,1.980108,1.980108,1.980108,1.980108,1.980108,1.980108,1.980108,1.980108
1.980108,2.970162,1.980108,1.980108,1.980108,1.980108,1.980108,1.980108,1.980108,1.980108,1.980108,1.980108,1.980108,1.980108,1.980108,1.980108,2.970162,-30.226372,2.970162,2.970162,2.970162,2.970162,2.970162,2.970162,2.970162,2.970162,2.970162,2.970162,2.970162,2.970162,2.970162,2.970162,1.980108,2.970162,1.980108,1.980108,1.980108,1.980108,1.980108,1.980108,1.980108,1.980108,1.980108,1.980108,1.980108,1.980108,1.980108,1.980108,1.980108,2.970162,1.980108,1.980108,1.980108,1.980108,1.980108,1.980108,1.980108,1.980108,1.980108,1.980108,1.980108,1.980108,1.980108,1.980108,1.980108,2.970162,1.980108,1.980108,1.980108,1.980108,1.980108,1.980108,1.980108,1.980108,1.980108,1.980108,1.980108,1.980108,1.980108,1.980108,1.980108,2.970162,1.980108,1.980108,1.980108,1.980108,1.980108,1.980108,1.980108,1.980108,1.980108,1.980108,1.980108,1.980108,1.980108,1.980108,1.980108,2.970162,1.980108,1.980108,1.980108,1.980108,1.980108,1.980108,1.980108,1.980108,1.980108,1.980108,1.980108,1.980108,1.980108,1.980108,1.980108,2.970162,1.980108,1.980108,1.980108,1.980108,1.980108,1.980108,1.980108,1.980108,1.980108,1.980108,1.980108,1.980108,1.980108,1.980108,1.980108,2.970162,1.980108,1.980108,1.980108,1.980108,1.980108,1.980108,1.980108,1.980108,1.980108,1.980108,1.980108,1.980108,1.980108,1.980108,1.980108,2.970162,1.980108,1.980108,1.980108,1.980108,1.980108,1.980108,1.980108,1.980108,1.980108,1.980108,1.980108,1.980108,1.980108,1.980108,1.980108,2.970162,1.980108,1.980108,1.980108,1.980108,1.980108,1.980108,1.980108,1.980108,1.980108,1.980108,1.980108,1.980108,1.980108,1.980108,1.980108,2.970162,1.980108,1.980108,1.980108,1.980108,1.980108,1.980108,1.980108,1.980108,1.980108,1.980108,1.980108,1.980108,1.980108,1.980108,1.980108,2.970162,1.980108,1.980108,1.980108,1.980108,1.980108,1.980108,1.980108,1.980108,1.980108,1.980108,1.980108,1.980108,1.980108,1.980108,1.980108,2.970162,1.980108,1.980108,1.980108,1.980108,1.980108,1.980108,1.980108,1.980108,1.980108,1.980108,1.980108,1.980108,1.980108,1.980108,1.980108,2.970162,1.980108,1.980108,1.980108,1.980108,1.980108,1.980108,1.980108,1.980108,1.980108,1.980108,1.980108,1.980108,1.980108,1.980108,1.980108,2.970162,1.980108,1.980108,1.980108,1.980108,1.980108,1.980108,1.980108,1.980108,1.980108,1.980108,1.980108,1.980108,1.980108,1.980108,1.980108,2.970162,1.980108,1.980108,1.980108,1.980108,1.980108,1.980108,1.980108,1.980108,1.980108,1.980108,1.980108,1.980108,1.980108,1.980108,1.980108,2.970162,1.980108,1.980108,1.980108,1.980108,1.980108,1.980108,1.980108,1.980108,1.980108,1.980108,1.980108,1.980108,1.980108,1.980108,1.980108,2.970162,1.980108,1.980108,1.980108,1.980108,1.980108,1.980108,1.980108,1.980108,1.980108,1.980108,1.980108,1.980108,1.980108,1.980108,1.980108,2.970162,1.980108,1.980108,1.980108,1.980108,1.980108,1.980108,1.980108,1.980108,1.980108,1.980108,1.980108,1.980108,1.980108,1.980108
1.980108,1.980108,2.970162,1.980108,1.980108,1.980108,1.980108,1.980108,1.980108,1.980108,1.980108,1.980108,1.980108,1.980108,1.980108,1.980108,2.970162,2.970162,-30.133561,2.970162,2.970162,2.970162,2.970162,2.970162,2.970162,2.970162,2.970162,2.970162,2.970162,2.970162,2.970162,2.970162,1.980108,1.980108,2.970162,1.980108,1.980108,1.980108,1.980108,1.980108,1.980108,1.980108,1.980108,1.980108,1.980108,1.980108,1.980108,1.980108,1.980108,1.980108,2.970162,1.980108,1.980108,1.980108,1.980108,1.980108,1.980108,1.980108,1.980108,1.980108,1.980108,1.980108,1.980108,1.980108,1.980108,1.980108,2.970162,1.980108,1.980108,1.980108,1.980108,1.980108,1.980108,1.980108,1.980108,1.980108,1.980108,1.980108,1.980108,1.980108,1.980108,1.980108,2.970162,1.980108,1.980108,1.980108,1.980108,1.980108,1.980108,1.980108,1.980108,1.980108,1.980108,1.980108,1.980108,1.980108,1.980108,1.980108,2.970162,1.980108,1.980108,1.980108,1.980108,1.980108,1.980108,1.980108,1.980108,1.980108,1.980108,1.980108,1.980108,1.980108,1.980108,1.980108,2.970162,1.980108,1.980108,1.980108,1.980108,1.980108,1.980108,1.980108,1.980108,1.980108,1.980108,1.980108,1.980108,1.980108,1.980108,1.980108,2.970162,1.980108,1.980108,1.980108,1.980108,1.980108,1.980108,1.980108,1.980108,1.980108,1.980108,1.980108,1.980108,1.980108,1.980108,1.980108,2.970162,1.980108,1.980108,1.980108,1.980108,1.980108,1.980108,1.980108,1.980108,1.980108,1.980108,1.980108,1.980108,1.980108,1.980108,1.980108,2.970162,1.980108,1.980108,1.980108,1.980108,1.980108,1.980108,1.980108,1.980108,1.980108,1.980108,1.980108,1.980108,1.980108,1.980108,1.980108,2.970162,1.980108,1.980108,1.980108,1.980108,1.980108,1.980108,1.980108,1.980108,1.980108,1.980108,1.980108,1.980108,1.980108,1.980108,1.980108,2.970162,1.980108,1.980108,1.980108,1.980108,1.980108,1.980108,1.980108,1.980108,1.980108,1.980108,1.980108,1.980108,1.980108,1.980108,1.980108,2.970162,1.980108,1.980108,1.980108,1.980108,1.980108,1.980108,1.980108,1.980108,1.980108,1.980108,1.980108,1.980108,1.980108,1.980108,1.980108,2.970162,1.980108,1.980108,1.980108,1.980108,1.980108,1.980108,1.980108,1.980108,1.980108,1.980108,1.980108,1.980108,1.980108,1.980108,1.980108,2.970162,1.980108,1.980108,1.980108,1.980108,1.980108,1.980108,1.980108,1.980108,1.980108,1.980108,1.980108,1.980108,1.980108,1.980108,1.980108,2.970162,1.980108,1.980108,1.980108,1.980108,1.980108,1.980108,1.980108,1.980108,1.980108,1.980108,1.980108,1.980108,1.980108,1.980108,1.980108,2.970162,1.980108,1.980108,1.980108,1.980108,1.980108,1.980108,1.980108,1.980108,1.980108,1.980108,1.980108,1.980108,1.980108,1.980108,1.980108,2.970162,1.980108,1.980108,1.980108,1.980108,1.980108,1.980108,1.980108,1.980108,1.980108,1.980108,1.980108,1.980108,1.980108,1.980108,1.980108,2.970162,1.980108,1.980108,1.980108,1.980108,1.980108,1.980108,1.980108,1.980108,1.980108,1.980108,1.980108,1.980108,1.980108
1.980108,1.980108,1.980108,2.970162,1.980108,1.980108,1.980108,1.980108,1.980108,1.980108,1.980108,1.980108,1.980108,1.980108,1.980108,1.980108,2.970162,2.970162,2.970162,-29.992845,2.970162,2.970162,2.970162,2.970162,2.970162,2.970162,2.970162,2.970162,2.970162,2.970162,2.970162,2.970162,1.980108,1.980108,1.980108,2.970162,1.980108,1.980108,1.980108,1.980108,1.980108,1.980108,1.980108,1.980108,1.980108,1.980108,1.980108,1.980108,1.980108,1.980108,1.980108,2.970162,1.980108,1.980108,1.980108,1.980108,1.980108,1.980108,1.980108,1.980108,1.980108,1.980108,1.980108,1.980108,1.980108,1.980108,1.980108,2.970162,1.980108,1.980108,1.980108,1.980108,1.980108,1.980108,1.980108,1.980108,1.980108,1.980108,1.980108,1.980108,1.980108,1.980108,1.980108,2.970162,1.980108,1.980108,1.980108,1.980108,1.980108,1.980108,1.980108,1.980108,1.980108,1.980108,1.980108,1.980108,1.980108,1.980108,1.980108,2.970162,1.980108,1.980108,1.980108,1.980108,1.980108,1.980108,1.980108,1.980108,1.980108,1.980108,1.980108,1.980108,1.980108,1.980108,1.980108,2.970162,1.980108,1.980108,1.980108,1.980108,1.980108,1.980108,1.980108,1.980108,1.980108,1.980108,1.980108,1.980108,1.980108,1.980108,1.980108,2.970162,1.980108,1.980108,1.980108,1.980108,1.980108,1.980108,1.980108,1.980108,1.980108,1.980108,1.980108,1.980108,1.980108,1.980108,1.980108,2.970162,1.980108,1.980108,1.980108,1.980108,1.980108,1.980108,1.980108,1.980108,1.980108,1.980108,1.980108,1.980108,1.980108,1.980108,1.980108,2.970162,1.980108,1.980108,1.980108,1.980108,1.980108,1.980108,1.980108,1.980108,1.980108,1.980108,1.980108,1.980108,1.980108,1.980108,1.980108,2.970162,1.980108,1.980108,1.980108,1.980108,1.980108,1.980108,1.980108,1.980108,1.980108,1.980108,1.980108,1.980108,1.980108,1.980108,1.980108,2.970162,1.980108,1.980108,1.980108,1.980108,1.980108,1.980108,1.980108,1.980108,1.980108,1.980108,1.980108,1.980108,1.980108,1.980108,1.980108,2.970162,1.980108,1.980108,1.980108,1.980108,1.980108,1.980108,1.980108,1.980108,1.980108,1.980108,1.980108,1.980108,1.980108,1.980108,1.980108,2.970162,1.980108,1.980108,1.980108,1.980108,1.980108,1.980108,1.980108,1.980108,1.980108,1.980108,1.980108,1.980108,1.980108,1.980108,1.980108,2.970162,1.980108,1.980108,1.980108,1.980108,1.980108,1.980108,1.980108,1.980108,1.980108,1.980108,1.980108,1.980108,1.980108,1.980108,1.980108,2.970162,1.980108,1.980108,1.980108,1.980108,1.980108,1.980108,1.980108,1.980108,1.980108,1.980108,1.980108,1.980108,1.980108,1.980108,1.980108,2.970162,1.980108,1.980108,1.980108,1.980108,1.980108,1.980108,1.980108,1.980108,1.980108,1.980108,1.980108,1.980108,1.980108,1.980108,1.980108,2.970162,1.980108,1.980108,1.980108,1.980108,1.980108,1.980108,1.980108,1.980108,1.980108,1.980108,1.980108,1.980108,1.980108,1.980108,1.980108,2.970162,1.980108,1.980108,1.980108,1.980108,1.980108,1.980108,1.980108,1.980108,1.980108,1.980108,1.980108,1.980108
1.980108,1.980108,1.980108,1.980108,2.970162,1.980108,1.980108,1.980108,1.980108,1.980108,1.980108,1.980108,1.980108,1.980108,1.980108,1.980108,2.970162,2.970162,2.970162,2.970162,-30.313468,2.970162,2.970162,2.970162,2.970162,2.970162,2.970162,2.970162,2.970162,2.970162,2.970162,2.970162,1.980108,1.980108,1.980108,1.980108,2.970162,1.980108,1.980108,1.980108,1.980108,1.980108,1.980108,1.980108,1.980108,1.980108,1.980108,1.980108,1.980108,1.980108,1.980108,1.980108,2.970162,1.980108,1.980108,1.980108,1.980108,1.980108,1.980108,1.980108,1.980108,1.980108,1.980108,1.980108,1.980108,1.980108,1.980108,1.980108,2.970162,1.980108,1.980108,1.980108,1.980108,1.980108,1.980108,1.980108,1.980108,1.980108,1.980108,1.980108,1.980108,1.980108,1.980108,1.980108,2.970162,1.980108,1.980108,1.980108,1.980108,1.980108,1.980108,1.980108,1.980108,1.980108,1.980108,1.980108,1.980108,1.980108,1.980108,1.980108,2.970162,1.980108,1.980108,1.980108,1.980108,1.980108,1.980108,1.980108,1.980108,1.980108,1.980108,1.980108,1.980108,1.980108,1.980108,1.980108,2.970162,1.980108,1.980108,1.980108,1.980108,1.980108,1.980108,1.980108,1.980108,1.980108,1.980108,1.980108,1.980108,1.980108,1.980108,1.980108,2.970162,1.980108,1.980108,1.980108,1.980108,1.980108,1.980108,1.980108,1.980108,1.980108,1.980108,1.980108,1.980108,1.980108,1.980108,1.980108,2.970162,1.980108,1.980108,1.980108,1.980108,1.980108,1.980108,1.980108,1.980108,1.980108,1.980108,1.980108,1.980108,1.980108,1.980108,1.980108,2.970162,1.980108,1.980108,1.980108,1.980108,1.980108,1.980108,1.980108,1.980108,1.980108,1.980108,1.980108,1.980108,1.980108,1.980108,1.980108,2.970162,1.980108,1.980108,1.980108,1.980108,1.980108,1.980108,1.980108,1.980108,1.980108,1.980108,1.980108,1.980108,1.980108,1.980108,1.980108,2.970162,1.980108,1.980108,1.980108,1.980108,1.980108,1.980108,1.980108,1.980108,1.980108,1.980108,1.980108,1.980108,1.980108,1.980108,1.980108,2.970162,1.980108,1.980108,1.980108,1.980108,1.980108,1.980108,1.980108,1.980108,1.980108,1.980108,1.980108,1.980108,1.980108,1.980108,1.980108,2.970162,1.980108,1.980108,1.980108,1.980108,1.980108,1.980108,1.980108,1.980108,1.980108,1.980108,1.980108,1.980108,1.980108,1.980108,1.980108,2.970162,1.980108,1.980108,1.980108,1.980108,1.980108,1.980108,1.980108,1.980108,1.980108,1.980108,1.980108,1.980108,1.980108,1.980108,1.980108,2.970162,1.980108,1.980108,1.980108,1.980108,1.980108,1.980108,1.980108,1.980108,1.980108,1.980108,1.980108,1.980108,1.980108,1.980108,1.980108,2.970162,1.980108,1.980108,1.980108,1.980108,1.980108,1.980108,1.980108,1.980108,1.980108,1.980108,1.980108,1.980108,1.980108,1.980108,1.980108,2.970162,1.980108,1.980108,1.980108,1.980108,1.980108,1.980108,1.980108,1.980108,1.980108,1.980108,1.980108,1.980108,1.980108,1.980108,1.980108,2.970162,1.980108,1.980108,1.980108,1.980108,1.980108,1.980108,1.980108,1.980108,1.980108,1.980108,1.980108
1.980108,1.980108,1.980108,1.980108,1.980108,2.970162,1.980108,1.980108,1.980108,1.980108,1.980108,1.980108,1.980108,1.980108,1.980108,1.980108,2.970162,2.970162,2.970162,2.970162,2.970162,-29.841109,2.970162,2.970162,2.970162,2.970162,2.970162,2.970162,2.970162,2.970162,2.970162,2.970162,1.980108,1.980108,1.980108,1.980108,1.980108,2.970162,1.980108,1.980108,1.980108,1.980108,1.980108,1.980108,1.980108,1.980108,1.980108,1.980108,1.980108,1.980108,1.980108,1.980108,1.980108,2.970162,1.980108,1.980108,1.980108,1.980108,1.980108,1.980108,1.980108,1.980108,1.980108,1.980108,1.980108,1.980108,1.980108,1.980108,1.980108,2.970162,1.980108,1.980108,1.980108,1.980108,1.980108,1.980108,1.980108,1.980108,1.980108,1.980108,1.980108,1.980108,1.980108,1.980108,1.980108,2.970162,1.980108,1.980108,1.980108,1.980108,1.980108,1.980108,1.980108,1.980108,1.980108,1.980108,1.980108,1.980108,1.980108,1.980108,1.980108,2.970162,1.980108,1.980108,1.980108,1.980108,1.980108,1.980108,1.980108,1.980108,1.980108,1.980108,1.980108,1.980108,1.980108,1.980108,1.980108,2.970162,1.980108,1.980108,1.980108,1.980108,1.980108,1.980108,1.980108,1.980108,1.980108,1.980108,1.980108,1.980108,1.980108,1.980108,1.980108,2.970162,1.980108,1.980108,1.980108,1.980108,1.980108,1.980108,1.980108,1.980108,1.980108,1.980108,1.980108,1.980108,1.980108,1.980108,1.980108,2.970162,1.980108,1.980108,1.980108,1.980108,1.980108,1.980108,1.980108,1.980108,1.980108,1.980108,1.980108,1.980108,1.980108,1.980108,1.980108,2.970162,1.980108,1.980108,1.980108,1.980108,1.980108,1.980108,1.980108,1.980108,1.980108,1.980108,1.980108,1.980108,1.980108,1.980108,1.980108,2.970162,1.980108,1.980108,1.980108,1.980108,1.980108,1.980108,1.980108,1.980108,1.980108,1.980108,1.980108,1.980108,1.980108,1.980108,1.980108,2.970162,1.980108,1.980108,1.980108,1.980108,1.980108,1.980108,1.980108,1.980108,1.980108,1.980108,1.980108,1.980108,1.980108,1.980108,1.980108,2.970162,1.980108,1.980108,1.980108,1.980108,1.980108,1.980108,1.980108,1.980108,1.980108,1.980108,1.980108,1.980108,1.980108,1.980108,1.980108,2.970162,1.980108,1.980108,1.980108,1.980108,1.980108,1.980108,1.980108,1.980108,1.980108,1.980108,1.980108,1.980108,1.980108,1.980108,1.980108,2.970162,1.980108,1.980108,1.980108,1.980108,1.980108,1.980108,1.980108,1.980108,1.980108,1.980108,1.980108,1.980108,1.980108,1.980108,1.980108,2.970162,1.980108,1.980108,1.980108,1.980108,1.980108,1.980108,1.980108,1.980108,1.980108,1.980108,1.980108,1.980108,1.980108,1.980108,1.980108,2.970162,1.980108,1.980108,1.980108,1.980108,1.980108,1.980108,1.980108,1.980108,1.980108,1.980108,1.980108,1.980108,1.980108,1.980108,1.980108,2.970162,1.980108,1.980108,1.980108,1.980108,1.980108,1.980108,1.980108,1.980108,1.980108,1.980108,1.980108,1.980108,1.980108,1.980108,1.980108,2.970162,1.980108,1.980108,1.980108,1.980108,1.980108,1.980108,1.980108,1.980108,1.980108,1.980108
1.980108,1.980108,1.980108,1.980108,1.980108,1.980108,2.970162,1.980108,1.980108,1.980108,1.980108,1.980108,1.980108,1.980108,1.980108,1.980108,2.970162,2.970162,2.970162,2.970162,2.970162,2.970162,-29.993760,2.970162,2.970162,2.970162,2.970162,2.970162,2.970162,2.970162,2.970162,2.970162,1.980108,1.980108,1.980108,1.980108,1.980108,1.980108,2.970162,1.980108,1.980108,1.980108,1.980108,1.980108,1.980108,1.980108,1.980108,1.980108,1.980108,1.980108,1.980108,1.980108,1.980108,1.980108,2.970162,1.980108,1.980108,1.980108,1.980108,1.980108,1.980108,1.980108,1.980108,1.980108,1.980108,1.980108,1.980108,1.980108,1.980108,1.980108,2.970162,1.980108,1.980108,1.980108,1.980108,1.980108,1.980108,1.980108,1.980108,1.980108,1.980108,1.980108,1.980108,1.980108,1.980108,1.980108,2.970162,1.980108,1.980108,1.980108,1.980108,1.980108,1.980108,1.980108,1.980108,1.980108,1.980108,1.980108,1.980108,1.980108,1.980108,1.980108,2.970162,1.980108,1.980108,1.980108,1.980108,1.980108,1.980108,1.980108,1.980108,1.980108,1.980108,1.980108,1.980108,1.980108,1.980108,1.980108,2.970162,1.980108,1.980108,1.980108,1.980108,1.980108,1.980108,1.980108,1.980108,1.980108,1.980108,1.980108,1.980108,1.980108,1.980108,1.980108,2.970162,1.980108,1.980108,1.980108,1.980108,1.980108,1.980108,1.980108,1.980108,1.980108,1.980108,1.980108,1.980108,1.980108,1.980108,1.980108,2.970162,1.980108,1.980108,1.980108,1.980108,1.980108,1.980108,1.980108,1.980108,1.980108,1.980108,1.980108,1.980108,1.980108,1.980108,1.980108,2.970162,1.980108,1.980108,1.980108,1.980108,1.980108,1.980108,1.980108,1.980108,1.980108,1.980108,1.980108,1.980108,1.980108,1.980108,1.980108,2.970162,1.980108,1.980108,1.980108,1.980108,1.980108,1.980108,1.980108,1.980108,1.980108,1.980108,1.980108,1.980108,1.980108,1.980108,1.980108,2.970162,1.980108,1.980108,1.980108,1.980108,1.980108,1.980108,1.980108,1.980108,1.980108,1.980108,1.980108,1.980108,1.980108,1.980108,1.980108,2.970162,1.980108,1.980108,1.980108,1.980108,1.980108,1.980108,1.980108,1.980108,1.980108,1.980108,1.980108,1.980108,1.980108,1.980108,1.980108,2.970162,1.980108,1.980108,1.980108,1.980108,1.980108,1.980108,1.980108,1.980108,1.980108,1.980108,1.980108,1.980108,1.980108,1.980108,1.980108,2.970162,1.980108,1.980108,1.980108,1.980108,1.980108,1.980108,1.980108,1.980108,1.980108,1.980108,1.980108,1.980108,1.980108,1.980108,1.980108,2.970162,1.980108,1.980108,1.980108,1.980108,1.980108,1.980108,1.980108,1.980108,1.980108,1.980108,1.980108,1.980108,1.980108,1.980108,1.980108,2.970162,1.980108,1.980108,1.980108,1.980108,1.980108,1.980108,1.980108,1.980108,1.980108,1.980108,1.980108,1.980108,1.980108,1.980108,1.980108,2.970162,1.980108,1.980108,1.980108,1.980108,1.980108,1.980108,1.980108,1.980108,1.980108,1.980108,1.980108,1.980108,1.980108,1.980108,1.980108,2.970162,1.980108,1.980108,1.980108,1.980108,1.980108,1.980108,1.980108,1.980108,1.980108
1.980108,1.980108,1.980108,1.980108,1.980108,1.980108,1.980108,2.970162,1.980108,1.980108,1.980108,1.980108,1.980108,1.980108,1.980108,1.980108,2.970162,2.970162,2.970162,2.970162,2.970162,2.970162,2.970162,-30.067977,2.970162,2.970162,2.970162,2.970162,2.970162,2.970162,2.970162,2.970162,1.980108,1.980108,1.980108,1.980108,1.980108,1.980108,1.980108,2.970162,1.980108,1.980108,1.980108,1.980108,1.980108,1.980108,1.980108,1.980108,1.980108,1.980108,1.980108,1.980108,1.980108,1.980108,1.980108,2.970162,1.980108,1.980108,1.980108,1.980108,1.980108,1.980108,1.980108,1.980108,1.980108,1.980108,1.980108,1.980108,1.980108,1.980108,1.980108,2.970162,1.980108,1.980108,1.980108,1.980108,1.980108,1.980108,1.980108,1.980108,1.980108,1.980108,1.980108,1.980108,1.980108,1.980108,1.980108,2.970162,1.980108,1.980108,1.980108,1.980108,1.980108,1.980108,1.980108,1.980108,1.980108,1.980108,1.980108,1.980108,1.980108,1.980108,1.980108,2.970162,1.980108,1.980108,1.980108,1.980108,1.980108,1.980108,1.980108,1.980108,1.980108,1.980108,1.980108,1.980108,1.980108,1.980108,1.980108,2.970162,1.980108,1.980108,1.980108,1.980108,1.980108,1.980108,1.980108,1.980108,1.980108,1.980108,1.980108,1.980108,1.980108,1.980108,1.980108,2.970162,1.980108,1.980108,1.980108,1.980108,1.980108,1.980108,1.980108,1.980108,1.980108,1.980108,1.980108,1.980108,1.980108,1.980108,1.980108,2.970162,1.980108,1.980108,1.980108,1.980108,1.980108,1.980108,1.980108,1.980108,1.980108,1.980108,1.980108,1.980108,1.980108,1.980108,1.980108,2.970162,1.980108,1.980108,1.980108,1.980108,1.980108,1.980108,1.980108,1.980108,1.980108,1.980108,1.980108,1.980108,1.980108,1.980108,1.980108,2.970162,1.980108,1.980108,1.980108,1.980108,1.980108,1.980108,1.980108,1.980108,1.980108,1.980108,1.980108,1.980108,1.980108,1.980108,1.980108,2.970162,1.980108,1.980108,1.980108,1.980108,1.980108,1.980108,1.980108,1.980108,1.980108,1.980108,1.980108,1.980108,1.980108,1.980108,1.980108,2.970162,1.980108,1.980108,1.980108,1.980108,1.980108,1.980108,1.980108,1.980108,1.980108,1.980108,1.980108,1.980108,1.980108,1.980108,1.980108,2.970162,1.980108,1.980108,1.980108,1.980108,1.980108,1.980108,1.980108,1.980108,1.980108,1.980108,1.980108,1.980108,1.980108,1.980108,1.980108,2.970162,1.980108,1.980108,1.980108,1.980108,1.980108,1.980108,1.980108,1.980108,1.980108,1.980108,1.980108,1.980108,1.980108,1.980108,1.980108,2.970162,1.980108,1.980108,1.980108,1.980108,1.980108,1.980108,1.980108,1.980108,1.980108,1.980108,1.980108,1.980108,1.980108,1.980108,1.980108,2.970162,1.980108,1.980108,1.980108,1.980108,1.980108,1.980108,1.980108,1.980108,1.980108,1.980108,1.980108,1.980108,1.980108,1.980108,1.980108,2.970162,1.980108,1.980108,1.980108,1.980108,1.980108,1.980108,1.980108,1.980108,1.980108,1.980108,1.980108,1.980108,1.980108,1.980108,1.980108,2.970162,1.980108,1.980108,1.980108,1.980108,1.980108,1.980108,1.980108,1.980108
1.980108,1.980108,1.980108,1.980108,1.980108,1.980108,1.980108,1.980108,2.970162,1.980108,1.980108,1.980108,1.980108,1.980108,1.980108,1.980108,2.970162,2.970162,2.970162,2.970162,2.970162,2.970162,2.970162,2.970162,-30.157685,2.970162,2.970162,2.970162,2.970162,2.970162,2.970162,2.970162,1.980108,1.980108,1.980108,1.980108,1.980108,1.980108,1.980108,1.980108,2.970162,1.980108,1.980108,1.980108,1.980108,1.980108,1.980108,1.980108,1.980108,1.980108,1.980108,1.980108,1.980108,1.980108,1.980108,1.980108,2.970162,1.980108,1.980108,1.980108,1.980108,1.980108,1.980108,1.980108,1.980108,1.980108,1.980108,1.980108,1.980108,1.980108,1.980108,1.980108,2.970162,1.980108,1.980108,1.980108,1.980108,1.980108,1.980108,1.980108,1.980108,1.980108,1.980108,1.980108,1.980108,1.980108,1.980108,1.980108,2.970162,1.980108,1.980108,1.980108,1.980108,1.980108,1.980108,1.980108,1.980108,1.980108,1.980108,1.980108,1.980108,1.980108,1.980108,1.980108,2.970162,1.980108,1.980108,1.980108,1.980108,1.980108,1.980108,1.980108,1.980108,1.980108,1.980108,1.980108,1.980108,1.980108,1.980108,1.980108,2.970162,1.980108,1.980108,1.980108,1.980108,1.980108,1.980108,1.980108,1.980108,1.980108,1.980108,1.980108,1.980108,1.980108,1.980108,1.980108,2.970162,1.980108,1.980108,1.980108,1.980108,1.980108,1.980108,1.980108,1.980108,1.980108,1.980108,1.980108,1.980108,1.980108,1.980108,1.980108,2.970162,1.980108,1.980108,1.980108,1.980108,1.980108,1.980108,1.980108,1.980108,1.980108,1.980108,1.980108,1.980108,1.980108,1.980108,1.980108,2.970162,1.980108,1.980108,1.980108,1.980108,1.980108,1.980108,1.980108,1.980108,1.980108,1.980108,1.980108,1.980108,1.980108,1.980108,1.980108,2.970162,1.980108,1.980108,1.980108,1.980108,1.980108,1.980108,1.980108,1.980108,1.980108,1.980108,1.980108,1.980108,1.980108,1.980108,1.980108,2.970162,1.980108,1.980108,1.980108,1.980108,1.980108,1.980108,1.980108,1.980108,1.980108,1.980108,1.980108,1.980108,1.980108,1.980108,1.980108,2.970162,1.980108,1.980108,1.980108,1.980108,1.980108,1.980108,1.980108,1.980108,1.980108,1.980108,1.980108,1.980108,1.980108,1.980108,1.980108,2.970162,1.980108,1.980108,1.980108,1.980108,1.980108,1.980108,1.980108,1.980108,1.980108,1.980108,1.980108,1.980108,1.980108,1.980108,1.980108,2.970162,1.980108,1.980108,1.980108,1.980108,1.980108,1.980108,1.980108,1.980108,1.980108,1.980108,1.980108,1.980108,1.980108,1.980108,1.980108,2.970162,1.980108,1.980108,1.980108,1.980108,1.980108,1.980108,1.980108,1.980108,1.980108,1.980108,1.980108,1.980108,1.980108,1.980108,1.980108,2.970162,1.980108,1.980108,1.980108,1.980108,1.980108,1.980108,1.980108,1.980108,1.980108,1.980108,1.980108,1.980108,1.980108,1.980108,1.980108,2.970162,1.980108,1.980108,1.980108,1.980108,1.980108,1.980108,1.980108,1.980108,1.980108,1.980108,1.980108,1.980108,1.980108,1.980108,1.980108,2.970162,1.980108,1.980108,1.980108,1.980108,1.980108,1.980108,1.980108
1.980108,1.980108,1.980108,1.980108,1.980108,1.980108,1.980108,1.980108,1.980108,2.970162,1.980108,1.980108,1.980108,1.980108,1.980108,1.980108,2.970162,2.970162,2.970162,2.970162,2.970162,2.970162,2.970162,2.970162,2.970162,-30.486791,2.970162,2.970162,2.970162,2.970162,2.970162,2.970162,1.980108,1.980108,1.980108,1.980108,1.980108,1.980108,1.980108,1.980108,1.980108,2.970162,1.980108,1.980108,1.980108,1.980108,1.980108,1.980108,1.980108,1.980108,1.980108,1.980108,1.980108,1.980108,1.980108,1.980108,1.980108,2.970162,1.980108,1.980108,1.980108,1.980108,1.980108,1.980108,1.980108,1.980108,1.980108,1.980108,1.980108,1.980108,1.980108,1.980108,1.980108,2.970162,1.980108,1.980108,1.980108,1.980108,1.980108,1.980108,1.980108,1.980108,1.980108,1.980108,1.980108,1.980108,1.980108,1.980108,1.980108,2.970162,1.980108,1.980108,1.980108,1.980108,1.980108,1.980108,1.980108,1.980108,1.980108,1.980108,1.980108,1.980108,1.980108,1.980108,1.980108,2.970162,1.980108,1.980108,1.980108,1.980108,1.980108,1.980108,1.980108,1.980108,1.980108,1.980108,1.980108,1.980108,1.980108,1.980108,1.980108,2.970162,1.980108,1.980108,1.980108,1.980108,1.980108,1.980108,1.980108,1.980108,1.980108,1.980108,1.980108,1.980108,1.980108,1.980108,1.980108,2.970162,1.980108,1.980108,1.980108,1.980108,1.980108,1.980108,1.980108,1.980108,1.980108,1.980108,1.980108,1.980108,1.980108,1.980108,1.980108,2.970162,1.980108,1.980108,1.980108,1.980108,1.980108,1.980108,1.980108,1.980108,1.980108,1.980108,1.980108,1.980108,1.980108,1.980108,1.980108,2.970162,1.980108,1.980108,1.980108,1.980108,1.980108,1.980108,1.980108,1.980108,1.980108,1.980108,1.980108,1.980108,1.980108,1.980108,1.980108,2.970162,1.980108,1.980108,1.980108,1.980108,1.980108,1.980108,1.980108,1.980108,1.980108,1.980108,1.980108,1.980108,1.980108,1.980108,1.980108,2.970162,1.980108,1.980108,1.980108,1.980108,1.980108,1.980108,1.980108,1.980108,1.980108,1.980108,1.980108,1.980108,1.980108,1.980108,1.980108,2.970162,1.980108,1.980108,1.980108,1.980108,1.980108,1.980108,1.980108,1.980108,1.980108,1.980108,1.980108,1.980108,1.980108,1.980108,1.980108,2.970162,1.980108,1.980108,1.980108,1.980108,1.980108,1.980108,1.980108,1.980108,1.980108,1.980108,1.980108,1.980108,1.980108,1.980108,1.980108,2.970162,1.980108,1.980108,1.980108,1.980108,1.980108,1.980108,1.980108,1.980108,1.980108,1.980108,1.980108,1.980108,1.980108,1.980108,1.980108,2.970162,1.980108,1.980108,1.980108,1.980108,1.980108,1.980108,1.980108,1.980108,1.980108,1.980108,1.980108,1.980108,1.980108,1.980108,1.980108,2.970162,1.980108,1.980108,1.980108,1.980108,1.980108,1.980108,1.980108,1.980108,1.980108,1.980108,1.980108,1.980108,1.980108,1.980108,1.980108,2.970162,1.980108,1.980108,1.980108,1.980108,1.980108,1.980108,1.980108,1.980108,1.980108,1.980108,1.980108,1.980108,1.980108,1.980108,1.980108,2.970162,1.980108,1.980108,1.980108,1.980108,1.980108,1.980108
1.980108,1.980108,1.980108,1.980108,1.980108,1.980108,1.980108,1.980108,1.980108,1.980108,2.970162,1.980108,1.980108,1.980108,1.980108,1.980108,2.970162,2.970162,2.970162,2.970162,2.970162,2.970162,2.970162,2.970162,2.970162,2.970162,-29.901289,2.970162,2.970162,2.970162,2.970162,2.970162,1.980108,1.980108,1.980108,1.980108,1.980108,1.980108,1.980108,1.980108,1.980108,1.980108,2.970162,1.980108,1.980108,1.980108,1.980108,1.980108,1.980108,1.980108,1.980108,1.980108,1.980108,1.980108,1.980108,1.980108,1.980108,1.980108,2.970162,1.980108,1.980108,1.980108,1.980108,1.980108,1.980108,1.980108,1.980108,1.980108,1.980108,1.980108,1.980108,1.980108,1.980108,1.980108,2.970162,1.980108,1.980108,1.980108,1.980108,1.980108,1.980108,1.980108,1.980108,1.980108,1.980108,1.980108,1.980108,1.980108,1.980108,1.980108,2.970162,1.980108,1.980108,1.980108,1.980108,1.980108,1.980108,1.980108,1.980108,1.980108,1.980108,1.980108,1.980108,1.980108,1.980108,1.980108,2.970162,1.980108,1.980108,1.980108,1.980108,1.980108,1.980108,1.980108,1.980108,1.980108,1.980108,1.980108,1.980108,1.980108,1.980108,1.980108,2.970162,1.980108,1.980108,1.980108,1.980108,1.980108,1.980108,1.980108,1.980108,1.980108,1.980108,1.980108,1.980108,1.980108,1.980108,1.980108,2.970162,1.980108,1.980108,1.980108,1.980108,1.980108,1.980108,1.980108,1.980108,1.980108,1.980108,1.980108,1.980108,1.980108,1.980108,1.980108,2.970162,1.980108,1.980108,1.980108,1.980108,1.980108,1.980108,1.980108,1.980108,1.980108,1.980108,1.980108,1.980108,1.980108,1.980108,1.980108,2.970162,1.980108,1.980108,1.980108,1.980108,1.980108,1.980108,1.980108,1.980108,1.980108,1.980108,1.980108,1.980108,1.980108,1.980108,1.980108,2.970162,1.980108,1.980108,1.980108,1.980108,1.980108,1.980108,1.980108,1.980108,1.980108,1.980108,1.980108,1.980108,1.980108,1.980108,1.980108,2.970162,1.980108,1.980108,1.980108,1.980108,1.980108,1.980108,1.980108,1.980108,1.980108,1.980108,1.980108,1.980108,1.980108,1.980108,1.980108,2.970162,1.980108,1.980108,1.980108,1.980108,1.980108,1.980108,1.980108,1.980108,1.980108,1.980108,1.980108,1.980108,1.980108,1.980108,1.980108,2.970162,1.980108,1.980108,1.980108,1.980108,1.980108,1.980108,1.980108,1.980108,1.980108,1.980108,1.980108,1.980108,1.980108,1.980108,1.980108,2.970162,1.980108,1.980108,1.980108,1.980108,1.980108,1.980108,1.980108,1.980108,1.980108,1.980108,1.980108,1.980108,1.980108,1.980108,1.980108,2.970162,1.980108,1.980108,1.980108,1.980108,1.980108,1.980108,1.980108,1.980108,1.980108,1.980108,1.980108,1.980108,1.980108,1.980108,1.980108,2.970162,1.980108,1.980108,1.980108,1.980108,1.980108,1.980108,1.980108,1.980108,1.980108,1.980108,1.980108,1.980108,1.980108,1.980108,1.980108,2.970162,1.980108,1.980108,1.980108,1.980108,1.980108,1.980108,1.980108,1.980108,1.980108,1.980108,1.980108,1.980108,1.980108,1.980108,1.980108,2.970162,1.980108,1.980108,1.980108,1.980108,1.980108
1.980108,1.980108,1.980108,1.980108,1.980108,1.980108,1.980108,1.980108,1.980108,1.980108,1.980108,2.970162,1.980108,1.980108,1.980108,1.980108,2.970162,2.970162,2.970162,2.970162,2.970162,2.970162,2.970162,2.970162,2.970162,2.970162,2.970162,-30.215850,2.970162,2.970162,2.970162,2.970162,1.980108,1.980108,1.980108,1.980108,1.980108,1.980108,1.980108,1.980108,1.980108,1.980108,1.980108,2.970162,1.980108,1.980108,1.980108,1.980108,1.980108,1.980108,1.980108,1.980108,1.980108,1.980108,1.980108,1.980108,1.980108,1.980108,1.980108,2.970162,1.980108,1.980108,1.980108,1.980108,1.980108,1.980108,1.980108,1.980108,1.980108,1.980108,1.980108,1.980108,1.980108,1.980108,1.980108,2.970162,1.980108,1.980108,1.980108,1.980108,1.980108,1.980108,1.980108,1.980108,1.980108,1.980108,1.980108,1.980108,1.980108,1.980108,1.980108,2.970162,1.980108,1.980108,1.980108,1.980108,1.980108,1.980108,1.980108,1.980108,1.980108,1.980108,1.980108,1.980108,1.980108,1.980108,1.980108,2.970162,1.980108,1.980108,1.980108,1.980108,1.980108,1.980108,1.980108,1.980108,1.980108,1.980108,1.980108,1.980108,1.980108,1.980108,1.980108,2.970162,1.980108,1.980108,1.980108,1.980108,1.980108,1.980108,1.980108,1.980108,1.980108,1.980108,1.980108,1.980108,1.980108,1.980108,1.980108,2.970162,1.980108,1.980108,1.980108,1.980108,1.980108,1.980108,1.980108,1.980108,1.980108,1.980108,1.980108,1.980108,1.980108,1.980108,1.980108,2.970162,1.980108,1.980108,1.980108,1.980108,1.980108,1.980108,1.980108,1.980108,1.980108,1.980108,1.980108,1.980108,1.980108,1.980108,1.980108,2.970162,1.980108,1.980108,1.980108,1.980108,1.980108,1.980108,1.980108,1.980108,1.980108,1.980108,1.980108,1.980108,1.980108,1.980108,1.980108,2.970162,1.980108,1.980108,1.980108,1.980108,1.980108,1.980108,1.980108,1.980108,1.980108,1.980108,1.980108,1.980108,1.980108,1.980108,1.980108,2.970162,1.980108,1.980108,1.980108,1.980108,1.980108,1.980108,1.980108,1.980108,1.980108,1.980108,1.980108,1.980108,1.980108,1.980108,1.980108,2.970162,1.980108,1.980108,1.980108,1.980108,1.980108,1.980108,1.980108,1.980108,1.980108,1.980108,1.980108,1.980108,1.980108,1.980108,1.980108,2.970162,1.980108,1.980108,1.980108,1.980108,1.980108,1.980108,1.980108,1.980108,1.980108,1.980108,1.980108,1.980108,1.980108,1.980108,1.980108,2.970162,1.980108,1.980108,1.980108,1.980108,1.980108,1.980108,1.980108,1.980108,1.980108,1.980108,1.980108,1.980108,1.980108,1.980108,1.980108,2.970162,1.980108,1.980108,1.980108,1.980108,1.980108,1.980108,1.980108,1.980108,1.980108,1.980108,1.980108,1.980108,1.980108,1.980108,1.980108,2.970162,1.980108,1.980108,1.980108,1.980108,1.980108,1.980108,1.980108,1.980108,1.980108,1.980108,1.980108,1.980108,1.980108,1.980108,1.980108,2.970162,1.980108,1.980108,1.980108,1.980108,1.980108,1.980108,1.980108,1.980108,1.980108,1.980108,1.980108,1.980108,1.980108,1.980108,1.980108,2.970162,1.980108,1.980108,1.980108,1.980108
1.980108,1.980108,1.980108,1.980108,1.980108,1.980108,1.980108,1.980108,1.980108,1.980108,1.980108,1.980108,2.970162,1.980108,1.980108,1.980108,2.970162,2.970162,2.970162,2.970162,2.970162,2.970162,2.970162,2.970162,2.970162,2.970162,2.970162,2.970162,-30.294030,2.970162,2.970162,2.970162,1.980108,1.980108,1.980108,1.980108,1.980108,1.980108,1.980108,1.980108,1.980108,1.980108,1.980108,1.980108,2.970162,1.980108,1.980108,1.980108,1.980108,1.980108,1.980108,1.980108,1.980108,1.980108,1.980108,1.980108,1.980108,1.980108,1.980108,1.980108,2.970162,1.980108,1.980108,1.980108,1.980108,1.980108,1.980108,1.980108,1.980108,1.980108,1.980108,1.980108,1.980108,1.980108,1.980108,1.980108,2.970162,1.980108,1.980108,1.980108,1.980108,1.980108,1.980108,1.980108,1.980108,1.980108,1.980108,1.980108,1.980108,1.980108,1.980108,1.980108,2.970162,1.980108,1.980108,1.980108,1.980108,1.980108,1.980108,1.980108,1.980108,1.980108,1.980108,1.980108,1.980108,1.980108,1.980108,1.980108,2.970162,1.980108,1.980108,1.980108,1.980108,1.980108,1.980108,1.980108,1.980108,1.980108,1.980108,1.980108,1.980108,1.980108,1.980108,1.980108,2.970162,1.980108,1.980108,1.980108,1.980108,1.980108,1.980108,1.980108,1.980108,1.980108,1.980108,1.980108,1.980108,1.980108,1.980108,1.980108,2.970162,1.980108,1.980108,1.980108,1.980108,1.980108,1.980108,1.980108,1.980108,1.980108,1.980108,1.980108,1.980108,1.980108,1.980108,1.980108,2.970162,1.980108,1.980108,1.980108,1.980108,1.980108,1.980108,1.980108,1.980108,1.980108,1.980108,1.980108,1.980108,1.980108,1.980108,1.980108,2.970162,1.980108,1.980108,1.980108,1.980108,1.980108,1.980108,1.980108,1.980108,1.980108,1.980108,1.980108,1.980108,1.980108,1.980108,1.980108,2.970162,1.980108,1.980108,1.980108,1.980108,1.980108,1.980108,1.980108,1.980108,1.980108,1.980108,1.980108,1.980108,1.980108,1.980108,1.980108,2.970162,1.980108,1.980108,1.980108,1.980108,1.980108,1.980108,1.980108,1.980108,1.980108,1.980108,1.980108,1.980108,1.980108,1.980108,1.980108,2.970162,1.980108,1.980108,1.980108,1.980108,1.980108,1.980108,1.980108,1.980108,1.980108,1.980108,1.980108,1.980108,1.980108,1.980108,1.980108,2.970162,1.980108,1.980108,1.980108,1.980108,1.980108,1.980108,1.980108,1.980108,1.980108,1.980108,1.980108,1.980108,1.980108,1.980108,1.980108,2.970162,1.980108,1.980108,1.980108,1.980108,1.980108,1.980108,1.980108,1.980108,1.980108,1.980108,1.980108,1.980108,1.980108,1.980108,1.980108,2.970162,1.980108,1.980108,1.980108,1.980108,1.980108,1.980108,1.980108,1.980108,1.980108,1.980108,1.980108,1.980108,1.980108,1.980108,1.980108,2.970162,1.980108,1.980108,1.980108,1.980108,1.980108,1.980108,1.980108,1.980108,1.980108,1.980108,1.980108,1.980108,1.980108,1.980108,1.980108,2.970162,1.980108,1.980108,1.980108,1.980108,1.980108,1.980108,1.980108,1.980108,1.980108,1.980108,1.980108,1.980108,1.980108,1.980108,1.980108,2.970162,1.980108,1.980108,1.980108
1.980108,1.980108,1.980108,1.980108,1.980108,1.980108,1.980108,1.980108,1.980108,1.980108,1.980108,1.980108,1.980108,2.970162,1.980108,1.980108,2.970162,2.970162,2.970162,2.970162,2.970162,2.970162,2.970162,2.970162,2.970162,2.970162,2.970162,2.970162,2.970162,-29.748066,2.970162,2.970162,1.980108,1.980108,1.980108,1.980108,1.980108,1.980108,1.980108,1.980108,1.980108,1.980108,1.980108,1.980108,1.980108,2.970162,1.980108,1.980108,1.980108,1.980108,1.980108,1.980108,1.980108,1.980108,1.980108,1.980108,1.980108,1.980108,1.980108,1.980108,1.980108,2.970162,1.980108,1.980108,1.980108,1.980108,1.980108,1.980108,1.980108,1.980108,1.980108,1.980108,1.980108,1.980108,1.980108,1.980108,1.980108,2.970162,1.980108,1.980108,1.980108,1.980108,1.980108,1.980108,1.980108,1.980108,1.980108,1.980108,1.980108,1.980108,1.980108,1.980108,1.980108,2.970162,1.980108,1.980108,1.980108,1.980108,1.980108,1.980108,1.980108,1.980108,1.980108,1.980108,1.980108,1.980108,1.980108,1.980108,1.980108,2.970162,1.980108,1.980108,1.980108,1.980108,1.980108,1.980108,1.980108,1.980108,1.980108,1.980108,1.980108,1.980108,1.980108,1.980108,1.980108,2.970162,1.980108,1.980108,1.980108,1.980108,1.980108,1.980108,1.980108,1.980108,1.980108,1.980108,1.980108,1.980108,1.980108,1.980108,1.980108,2.970162,1.980108,1.980108,1.980108,1.980108,1.980108,1.980108,1.980108,1.980108,1.980108,1.980108,1.980108,1.980108,1.980108,1.980108,1.980108,2.970162,1.980108,1.980108,1.980108,1.980108,1.980108,1.980108,1.980108,1.980108,1.980108,1.980108,1.980108,1.980108,1.980108,1.980108,1.980108,2.970162,1.980108,1.980108,1.980108,1.980108,1.980108,1.980108,1.980108,1.980108,1.980108,1.980108,1.980108,1.980108,1.980108,1.980108,1.980108,2.970162,1.980108,1.980108,1.980108,1.980108,1.980108,1.980108,1.980108,1.980108,1.980108,1.980108,1.980108,1.980108,1.980108,1.980108,1.980108,2.970162,1.980108,1.980108,1.980108,1.980108,1.980108,1.980108,1.980108,1.980108,1.980108,1.980108,1.980108,1.980108,1.980108,1.980108,1.980108,2.970162,1.980108,1.980108,1.980108,1.980108,1.980108,1.980108,1.980108,1.980108,1.980108,1.980108,1.980108,1.980108,1.980108,1.980108,1.980108,2.970162,1.980108,1.980108,1.980108,1.980108,1.980108,1.980108,1.980108,1.980108,1.980108,1.980108,1.980108,1.980108,1.980108,1.980108,1.980108,2.970162,1.980108,1.980108,1.980108,1.980108,1.980108,1.980108,1.980108,1.980108,1.980108,1.980108,1.980108,1.980108,1.980108,1.980108,1.980108,2.970162,1.980108,1.980108,1.980108,1.980108,1.980108,1.980108,1.980108,1.980108,1.980108,1.980108,1.980108,1.980108,1.980108,1.980108,1.980108,2.970162,1.980108,1.980108,1.980108,1.980108,1.980108,1.980108,1.980108,1.980108,1.980108,1.980108,1.980108,1.980108,1.980108,1.980108,1.980108,2.970162,1.980108,1.980108,1.980108,1.980108,1.980108,1.980108,1.980108,1.980108,1.980108,1.980108,1.980108,1.980108,1.980108,1.980108,1.980108,2.970162,1.980108,1.980108
1.980108,1.980108,1.980108,1.980108,1.980108,1.980108,1.980108,1.980108,1.980108,1.980108,1.980108,1.980108,1.980108,1.980108,2.970162,1.980108,2.970162,2.970162,2.970162,2.970162,2.970162,2.970162,2.970162,2.970162,2.970162,2.970162,2.970162,2.970162,2.970162,2.970162,-30.309160,2.970162,1.980108,1.980108,1.980108,1.980108,1.980108,1.980108,1.980108,1.980108,1.980108,1.980108,1.980108,1.980108,1.980108,1.980108,2.970162,1.980108,1.980108,1.980108,1.980108,1.980108,1.980108,1.980108,1.980108,1.980108,1.980108,1.980108,1.980108,1.980108,1.980108,1.980108,2.970162,1.980108,1.980108,1.980108,1.980108,1.980108,1.980108,1.980108,1.980108,1.980108,1.980108,1.980108,1.980108,1.980108,1.980108,1.980108,2.970162,1.980108,1.980108,1.980108,1.980108,1.980108,1.980108,1.980108,1.980108,1.980108,1.980108,1.980108,1.980108,1.980108,1.980108,1.980108,2.970162,1.980108,1.980108,1.980108,1.980108,1.980108,1.980108,1.980108,1.980108,1.980108,1.980108,1.980108,1.980108,1.980108,1.980108,1.980108,2.970162,1.980108,1.980108,1.980108,1.980108,1.980108,1.980108,1.980108,1.980108,1.980108,1.980108,1.980108,1.980108,1.980108,1.980108,1.980108,2.970162,1.980108,1.980108,1.980108,1.980108,1.980108,1.980108,1.980108,1.980108,1.980108,1.980108,1.980108,1.980108,1.980108,1.980108,1.980108,2.970162,1.980108,1.980108,1.980108,1.980108,1.980108,1.980108,1.980108,1.980108,1.980108,1.980108,1.980108,1.980108,1.980108,1.980108,1.980108,2.970162,1.980108,1.980108,1.980108,1.980108,1.980108,1.980108,1.980108,1.980108,1.980108,1.980108,1.980108,1.980108,1.980108,1.980108,1.980108,2.970162,1.980108,1.980108,1.980108,1.980108,1.980108,1.980108,1.980108,1.980108,1.980108,1.980108,1.980108,1.980108,1.980108,1.980108,1.980108,2.970162,1.980108,1.980108,1.980108,1.980108,1.980108,1.980108,1.980108,1.980108,1.980108,1.980108,1.980108,1.980108,1.980108,1.980108,1.980108,2.970162,1.980108,1.980108,1.980108,1.980108,1.980108,1.980108,1.980108,1.980108,1.980108,1.980108,1.980108,1.980108,1.980108,1.980108,1.980108,2.970162,1.980108,1.980108,1.980108,1.980108,1.980108,1.980108,1.980108,1.980108,1.980108,1.980108,1.980108,1.980108,1.980108,1.980108,1.980108,2.970162,1.980108,1.980108,1.980108,1.980108,1.980108,1.980108,1.980108,1.980108,1.980108,1.980108,1.980108,1.980108,1.980108,1.980108,1.980108,2.970162,1.980108,1.980108,1.980108,1.980108,1.980108,1.980108,1.980108,1.980108,1.980108,1.980108,1.980108,1.980108,1.980108,1.980108,1.980108,2.970162,1.980108,1.980108,1.980108,1.980108,1.980108,1.980108,1.980108,1.980108,1.980108,1.980108,1.980108,1.980108,1.980108,1.980108,1.980108,2.970162,1.980108,1.980108,1.980108,1.980108,1.980108,1.980108,1.980108,1.980108,1.980108,1.980108,1.980108,1.980108,1.980108,1.980108,1.980108,2.970162,1.980108,1.980108,1.980108,1.980108,1.980108,1.980108,1.980108,1.980108,1.980108,1.980108,1.980108,1.980108,1.980108,1.980108,1.980108,2.970162,1.980108
1.980108,1.980108,1.980108,1.980108,1.980108,1.980108,1.980108,1.980108,1.980108,1.980108,1.980108,1.980108,1.980108,1.980108,1.980108,2.970162,2.970162,2.970162,2.970162,2.970162,2.970162,2.970162,2.970162,2.970162,2.970162,2.970162,2.970162,2.970162,2.970162,2.970162,2.970162,-29.872140,1.980108,1.980108,1.980108,1.980108,1.980108,1.980108,1.980108,1.980108,1.980108,1.980108,1.980108,1.980108,1.980108,1.980108,1.980108,2.970162,1.980108,1.980108,1.980108,1.980108,1.980108,1.980108,1.980108,1.980108,1.980108,1.980108,1.980108,1.980108,1.980108,1.980108,1.980108,2.970162,1.980108,1.980108,1.980108,1.980108,1.980108,1.980108,1.980108,1.980108,1.980108,1.980108,1.980108,1.980108,1.980108,1.980108,1.980108,2.970162,1.980108,1.980108,1.980108,1.980108,1.980108,1.980108,1.980108,1.980108,1.980108,1.980108,1.980108,1.980108,1.980108,1.980108,1.980108,2.970162,1.980108,1.980108,1.980108,1.980108,1.980108,1.980108,1.980108,1.980108,1.980108,1.980108,1.980108,1.980108,1.980108,1.980108,1.980108,2.970162,1.980108,1.980108,1.980108,1.980108,1.980108,1.980108,1.980108,1.980108,1.980108,1.980108,1.980108,1.980108,1.980108,1.980108,1.980108,2.970162,1.980108,1.980108,1.980108,1.980108,1.980108,1.980108,1.980108,1.980108,1.980108,1.980108,1.980108,1.980108,1.980108,1.980108,1.980108,2.970162,1.980108,1.980108,1.980108,1.980108,1.980108,1.980108,1.980108,1.980108,1.980108,1.980108,1.980108,1.980108,1.980108,1.980108,1.980108,2.970162,1.980108,1.980108,1.980108,1.980108,1.980108,1.980108,1.980108,1.980108,1.980108,1.980108,1.980108,1.980108,1.980108,1.980108,1.980108,2.970162,1.980108,1.980108,1.980108,1.980108,1.980108,1.980108,1.980108,1.980108,1.980108,1.980108,1.980108,1.980108,1.980108,1.980108,1.980108,2.970162,1.980108,1.980108,1.980108,1.980108,1.980108,1.980108,1.980108,1.980108,1.980108,1.980108,1.980108,1.980108,1.980108,1.980108,1.980108,2.970162,1.980108,1.980108,1.980108,1.980108,1.980108,1.980108,1.980108,1.980108,1.980108,1.980108,1.980108,1.980108,1.980108,1.980108,1.980108,2.970162,1.980108,1.980108,1.980108,1.980108,1.980108,1.980108,1.980108,1.980108,1.980108,1.980108,1.980108,1.980108,1.980108,1.980108,1.980108,2.970162,1.980108,1.980108,1.980108,1.980108,1.980108,1.980108,1.980108,1.980108,1.980108,1.980108,1.980108,1.980108,1.980108,1.980108,1.980108,2.970162,1.980108,1.980108,1.980108,1.980108,1.980108,1.980108,1.980108,1.980108,1.980108,1.980108,1.980108,1.980108,1.980108,1.980108,1.980108,2.970162,1.980108,1.980108,1.980108,1.980108,1.980108,1.980108,1.980108,1.980108,1.980108,1.980108,1.980108,1.980108,1.980108,1.980108,1.980108,2.970162,1.980108,1.980108,1.980108,1.980108,1.980108,1.980108,1.980108,1.980108,1.980108,1.980108,1.980108,1.980108,1.980108,1.980108,1.980108,2.970162,1.980108,1.980108,1.980108,1.980108,1.980108,1.980108,1.980108,1.980108,1.980108,1.980108,1.980108,1.980108,1.980108,1.980108,1.980108,2.970162
2.970162,1.980108,1.980108,1.980108,1.980108,1.980108,1.980108,1.980108,1.980108,1.980108,1.980108,1.980108,1.980108,1.980108,1.980108,1.980108,2.970162,1.980108,1.980108,1.980108,1.980108,1.980108,1.980108,1.980108,1.980108,1.980108,1.980108,1.980108,1.980108,1.980108,1.980108,1.980108,-29.766667,2.970162,2.970162,2.970162,2.970162,2.970162,2.970162,2.970162,2.970162,2.970162,2.970162,2.970162,2.970162,2.970162,2.970162,2.970162,2.970162,1.980108,1.980108,1.980108,1.980108,1.980108,1.980108,1.980108,1.980108,1.980108,1.980108,1.980108,1.980108,1.980108,1.980108,1.980108,2.970162,1.980108,1.980108,1.980108,1.980108,1.980108,1.980108,1.980108,1.980108,1.980108,1.980108,1.980108,1.980108,1.980108,1.980108,1.980108,2.970162,1.980108,1.980108,1.980108,1.980108,1.980108,1.980108,1.980108,1.980108,1.980108,1.980108,1.980108,1.980108,1.980108,1.980108,1.980108,2.970162,1.980108,1.980108,1.980108,1.980108,1.980108,1.980108,1.980108,1.980108,1.980108,1.980108,1.980108,1.980108,1.980108,1.980108,1.980108,2.970162,1.980108,1.980108,1.980108,1.980108,1.980108,1.980108,1.980108,1.980108,1.980108,1.980108,1.980108,1.980108,1.980108,1.980108,1.980108,2.970162,1.980108,1.980108,1.980108,1.980108,1.980108,1.980108,1.980108,1.980108,1.980108,1.980108,1.980108,1.980108,1.980108,1.980108,1.980108,2.970162,1.980108,1.980108,1.980108,1.980108,1.980108,1.980108,1.980108,1.980108,1.980108,1.980108,1.980108,1.980108,1.980108,1.980108,1.980108,2.970162,1.980108,1.980108,1.980108,1.980108,1.980108,1.980108,1.980108,1.980108,1.980108,1.980108,1.980108,1.980108,1.980108,1.980108,1.980108,2.970162,1.980108,1.980108,1.980108,1.980108,1.980108,1.980108,1.980108,1.980108,1.980108,1.980108,1.980108,1.980108,1.980108,1.980108,1.980108,2.970162,1.980108,1.980108,1.980108,1.980108,1.980108,1.980108,1.980108,1.980108,1.980108,1.980108,1.980108,1.980108,1.980108,1.980108,1.980108,2.970162,1.980108,1.980108,1.980108,1.980108,1.980108,1.980108,1.980108,1.980108,1.980108,1.980108,1.980108,1.980108,1.980108,1.980108,1.980108,2.970162,1.980108,1.980108,1.980108,1.980108,1.980108,1.980108,1.980108,1.980108,1.980108,1.980108,1.980108,1.980108,1.980108,1.980108,1.980108,2.970162,1.980108,1.980108,1.980108,1.980108,1.980108,1.980108,1.980108,1.980108,1.980108,1.980108,1.980108,1.980108,1.980108,1.980108,1.980108,2.970162,1.980108,1.980108,1.980108,1.980108,1.980108,1.980108,1.980108,1.980108,1.980108,1.980108,1.980108,1.980108,1.980108,1.980108,1.980108,2.970162,1.980108,1.980108,1.980108,1.980108,1.980108,1.980108,1.980108,1.980108,1.980108,1.980108,1.980108,1.980108,1.980108,1.980108,1.980108,2.970162,1.980108,1.980108,1.980108,1.980108,1.980108,1.980108,1.980108,1.980108,1.980108,1.980108,1.980108,1.980108,1.980108,1.980108,1.980108,2.970162,1.980108,1.980108,1.980108,1.980108,1.980108,1.980108,1.980108,1.980108,1.980108,1.980108,1.980108,1.980108,1.980108,1.980108,1.980108
1.980108,2.970162,1.980108,1.980108,1.980108,1.980108,1.980108,1.980108,1.980108,1.980108,1.980108,1.980108,1.980108,1.980108,1.980108,1.980108,1.980108,2.970162,1.980108,1.980108,1.980108,1.980108,1.980108,1.980108,1.980108,1.980108,1.980108,1.980108,1.980108,1.980108,1.980108,1.980108,2.970162,-30.650501,2.970162,2.970162,2.970162,2.970162,2.970162,2.970162,2.970162,2.970162,2.970162,2.970162,2.970162,2.970162,2.970162,2.970162,1.980108,2.970162,1.980108,1.980108,1.980108,1.980108,1.980108,1.980108,1.980108,1.980108,1.980108,1.980108,1.980108,1.980108,1.980108,1.980108,1.980108,2.970162,1.980108,1.980108,1.980108,1.980108,1.980108,1.980108,1.980108,1.980108,1.980108,1.980108,1.980108,1.980108,1.980108,1.980108,1.980108,2.970162,1.980108,1.980108,1.980108,1.980108,1.980108,1.980108,1.980108,1.980108,1.980108,1.980108,1.980108,1.980108,1.980108,1.980108,1.980108,2.970162,1.980108,1.980108,1.980108,1.980108,1.980108,1.980108,1.980108,1.980108,1.980108,1.980108,1.980108,1.980108,1.980108,1.980108,1.980108,2.970162,1.980108,1.980108,1.980108,1.980108,1.980108,1.980108,1.980108,1.980108,1.980108,1.980108,1.980108,1.980108,1.980108,1.980108,1.980108,2.970162,1.980108,1.980108,1.980108,1.980108,1.980108,1.980108,1.980108,1.980108,1.980108,1.980108,1.980108,1.980108,1.980108,1.980108,1.980108,2.970162,1.980108,1.980108,1.980108,1.980108,1.980108,1.980108,1.980108,1.980108,1.980108,1.980108,1.980108,1.980108,1.980108,1.980108,1.980108,2.970162,1.980108,1.980108,1.980108,1.980108,1.980108,1.980108,1.980108,1.980108,1.980108,1.980108,1.980108,1.980108,1.980108,1.980108,1.980108,2.970162,1.980108,1.980108,1.980108,1.980108,1.980108,1.980108,1.980108,1.980108,1.980108,1.980108,1.980108,1.980108,1.980108,1.980108,1.980108,2.970162,1.980108,1.980108,1.980108,1.980108,1.980108,1.980108,1.980108,1.980108,1.980108,1.980108,1.980108,1.980108,1.980108,1.980108,1.980108,2.970162,1.980108,1.980108,1.980108,1.980108,1.980108,1.980108,1.980108,1.980108,1.980108,1.980108,1.980108,1.980108,1.980108,1.980108,1.980108,2.970162,1.980108,1.980108,1.980108,1.980108,1.980108,1.980108,1.980108,1.980108,1.980108,1.980108,1.980108,1.980108,1.980108,1.980108,1.980108,2.970162,1.980108,1.980108,1.980108,1.980108,1.980108,1.980108,1.980108,1.980108,1.980108,1.980108,1.980108,1.980108,1.980108,1.980108,1.980108,2.970162,1.980108,1.980108,1.980108,1.980108,1.980108,1.980108,1.980108,1.980108,1.980108,1.980108,1.980108,1.980108,1.980108,1.980108,1.980108,2.970162,1.980108,1.980108,1.980108,1.980108,1.980108,1.980108,1.980108,1.980108,1.980108,1.980108,1.980108,1.980108,1.980108,1.980108,1.980108,2.970162,1.980108,1.980108,1.980108,1.980108,1.980108,1.980108,1.980108,1.980108,1.980108,1.980108,1.980108,1.980108,1.980108,1.980108,1.980108,2.970162,1.980108,1.980108,1.980108,1.980108,1.980108,1.980108,1.980108,1.980108,1.980108,1.980108,1.980108,1.980108,1.980108,1.980108
1.980108,1.980108,2.970162,1.980108,1.980108,1.980108,1.980108,1.980108,1.980108,1.980108,1.980108,1.980108,1.980108,1.980108,1.980108,1.980108,1.980108,1.980108,2.970162,1.980108,1.980108,1.980108,1.980108,1.980108,1.980108,1.980108,1.980108,1.980108,1.980108,1.980108,1.980108,1.980108,2.970162,2.970162,-30.667248,2.970162,2.970162,2.970162,2.970162,2.970162,2.970162,2.970162,2.970162,2.970162,2.970162,2.970162,2.970162,2.970162,1.980108,1.980108,2.970162,1.980108,1.980108,1.980108,1.980108,1.980108,1.980108,1.980108,1.980108,1.980108,1.980108,1.980108,1.980108,1.980108,1.980108,1.980108,2.970162,1.980108,1.980108,1.980108,1.980108,1.980108,1.980108,1.980108,1.980108,1.980108,1.980108,1.980108,1.980108,1.980108,1.980108,1.980108,2.970162,1.980108,1.980108,1.980108,1.980108,1.980108,1.980108,1.980108,1.980108,1.980108,1.980108,1.980108,1.980108,1.980108,1.980108,1.980108,2.970162,1.980108,1.980108,1.980108,1.980108,1.980108,1.980108,1.980108,1.980108,1.980108,1.980108,1.980108,1.980108,1.980108,1.980108,1.980108,2.970162,1.980108,1.980108,1.980108,1.980108,1.980108,1.980108,1.980108,1.980108,1.980108,1.980108,1.980108,1.980108,1.980108,1.980108,1.980108,2.970162,1.980108,1.980108,1.980108,1.980108,1.980108,1.980108,1.980108,1.980108,1.980108,1.980108,1.980108,1.980108,1.980108,1.980108,1.980108,2.970162,1.980108,1.980108,1.980108,1.980108,1.980108,1.980108,1.980108,1.980108,1.980108,1.980108,1.980108,1.980108,1.980108,1.980108,1.980108,2.970162,1.980108,1.980108,1.980108,1.980108,1.980108,1.980108,1.980108,1.980108,1.980108,1.980108,1.980108,1.980108,1.980108,1.980108,1.980108,2.970162,1.980108,1.980108,1.980108,1.980108,1.980108,1.980108,1.980108,1.980108,1.980108,1.980108,1.980108,1.980108,1.980108,1.980108,1.980108,2.970162,1.980108,1.980108,1.980108,1.980108,1.980108,1.980108,1.980108,1.980108,1.980108,1.980108,1.980108,1.980108,1.980108,1.980108,1.980108,2.970162,1.980108,1.980108,1.980108,1.980108,1.980108,1.980108,1.980108,1.980108,1.980108,1.980108,1.980108,1.980108,1.980108,1.980108,1.980108,2.970162,1.980108,1.980108,1.980108,1.980108,1.980108,1.980108,1.980108,1.980108,1.980108,1.980108,1.980108,1.980108,1.980108,1.980108,1.980108,2.970162,1.980108,1.980108,1.980108,1.980108,1.980108,1.980108,1.980108,1.980108,1.980108,1.980108,1.980108,1.980108,1.980108,1.980108,1.980108,2.970162,1.980108,1.980108,1.980108,1.980108,1.980108,1.980108,1.980108,1.980108,1.980108,1.980108,1.980108,1.980108,1.980108,1.980108,1.980108,2.970162,1.980108,1.980108,1.980108,1.980108,1.980108,1.980108,1.980108,1.980108,1.980108,1.980108,1.980108,1.980108,1.980108,1.980108,1.980108,2.970162,1.980108,1.980108,1.980108,1.980108,1.980108,1.980108,1.980108,1.980108,1.980108,1.980108,1.980108,1.980108,1.980108,1.980108,1.980108,2.970162,1.980108,1.980108,1.980108,1.980108,1.980108,1.980108,1.980108,1.980108,1.980108,1.980108,1.980108,1.980108,1.980108
1.980108,1.980108,1.980108,2.970162,1.980108,1.980108,1.980108,1.980108,1.980108,1.980108,1.980108,1.980108,1.980108,1.980108,1.980108,1.980108,1.980108,1.980108,1.980108,2.970162,1.980108,1.980108,1.980108,1.980108,1.980108,1.980108,1.980108,1.980108,1.980108,1.980108,1.980108,1.980108,2.970162,2.970162,2.970162,-30.510013,2.970162,2.970162,2.970162,2.970162,2.970162,2.970162,2.970162,2.970162,2.970162,2.970162,2.970162,2.970162,1.980108,1.980108,1.980108,2.970162,1.980108,1.980108,1.980108,1.980108,1.980108,1.980108,1.980108,1.980108,1.980108,1.980108,1.980108,1.980108,1.980108,1.980108,1.980108,2.970162,1.980108,1.980108,1.980108,1.980108,1.980108,1.980108,1.980108,1.980108,1.980108,1.980108,1.980108,1.980108,1.980108,1.980108,1.980108,2.970162,1.980108,1.980108,1.980108,1.980108,1.980108,1.980108,1.980108,1.980108,1.980108,1.980108,1.980108,1.980108,1.980108,1.980108,1.980108,2.970162,1.980108,1.980108,1.980108,1.980108,1.980108,1.980108,1.980108,1.980108,1.980108,1.980108,1.980108,1.980108,1.980108,1.980108,1.980108,2.970162,1.980108,1.980108,1.980108,1.980108,1.980108,1.980108,1.980108,1.980108,1.980108,1.980108,1.980108,1.980108,1.980108,1.980108,1.980108,2.970162,1.980108,1.980108,1.980108,1.980108,1.980108,1.980108,1.980108,1.980108,1.980108,1.980108,1.980108,1.980108,1.980108,1.980108,1.980108,2.970162,1.980108,1.980108,1.980108,1.980108,1.980108,1.980108,1.980108,1.980108,1.980108,1.980108,1.980108,1.980108,1.980108,1.980108,1.980108,2.970162,1.980108,1.980108,1.980108,1.980108,1.980108,1.980108,1.980108,1.980108,1.980108,1.980108,1.980108,1.980108,1.980108,1.980108,1.980108,2.970162,1.980108,1.980108,1.980108,1.980108,1.980108,1.980108,1.980108,1.980108,1.980108,1.980108,1.980108,1.980108,1.980108,1.980108,1.980108,2.970162,1.980108,1.980108,1.980108,1.980108,1.980108,1.980108,1.980108,1.980108,1.980108,1.980108,1.980108,1.980108,1.980108,1.980108,1.980108,2.970162,1.980108,1.980108,1.980108,1.980108,1.980108,1.980108,1.980108,1.980108,1.980108,1.980108,1.980108,1.980108,1.980108,1.980108,1.980108,2.970162,1.980108,1.980108,1.980108,1.980108,1.980108,1.980108,1.980108,1.980108,1.980108,1.980108,1.980108,1.980108,1.980108,1.980108,1.980108,2.970162,1.980108,1.980108,1.980108,1.980108,1.980108,1.980108,1.980108,1.980108,1.980108,1.980108,1.980108,1.980108,1.980108,1.980108,1.980108,2.970162,1.980108,1.980108,1.980108,1.980108,1.980108,1.980108,1.980108,1.980108,1.980108,1.980108,1.980108,1.980108,1.980108,1.980108,1.980108,2.970162,1.980108,1.980108,1.980108,1.980108,1.980108,1.980108,1.980108,1.980108,1.980108,1.980108,1.980108,1.980108,1.980108,1.980108,1.980108,2.970162,1.980108,1.980108,1.980108,1.980108,1.980108,1.980108,1.980108,1.980108,1.980108,1.980108,1.980108,1.980108,1.980108,1.980108,1.980108,2.970162,1.980108,1.980108,1.980108,1.980108,1.980108,1.980108,1.980108,1.980108,1.980108,1.980108,1.980108,1.980108
1.980108,1.980108,1.980108,1.980108,2.970162,1.980108,1.980108,1.980108,1.980108,1.980108,1.980108,1.980108,1.980108,1.980108,1.980108,1.980108,1.980108,1.980108,1.980108,1.980108,2.970162,1.980108,1.980108,1.980108,1.980108,1.980108,1.980108,1.980108,1.980108,1.980108,1.980108,1.980108,2.970162,2.970162,2.970162,2.970162,-30.006229,2.970162,2.970162,2.970162,2.970162,2.970162,2.970162,2.970162,2.970162,2.970162,2.970162,2.970162,1.980108,1.980108,1.980108,1.980108,2.970162,1.980108,1.980108,1.980108,1.980108,1.980108,1.980108,1.980108,1.980108,1.980108,1.980108,1.980108,1.980108,1.980108,1.980108,1.980108,2.970162,1.980108,1.980108,1.980108,1.980108,1.980108,1.980108,1.980108,1.980108,1.980108,1.980108,1.980108,1.980108,1.980108,1.980108,1.980108,2.970162,1.980108,1.980108,1.980108,1.980108,1.980108,1.980108,1.980108,1.980108,1.980108,1.980108,1.980108,1.980108,1.980108,1.980108,1.980108,2.970162,1.980108,1.980108,1.980108,1.980108,1.980108,1.980108,1.980108,1.980108,1.980108,1.980108,1.980108,1.980108,1.980108,1.980108,1.980108,2.970162,1.980108,1.980108,1.980108,1.980108,1.980108,1.980108,1.980108,1.980108,1.980108,1.980108,1.980108,1.980108,1.980108,1.980108,1.980108,2.970162,1.980108,1.980108,1.980108,1.980108,1.980108,1.980108,1.980108,1.980108,1.980108,1.980108,1.980108,1.980108,1.980108,1.980108,1.980108,2.970162,1.980108,1.980108,1.980108,1.980108,1.980108,1.980108,1.980108,1.980108,1.980108,1.980108,1.980108,1.980108,1.980108,1.980108,1.980108,2.970162,1.980108,1.980108,1.980108,1.980108,1.980108,1.980108,1.980108,1.980108,1.980108,1.980108,1.980108,1.980108,1.980108,1.980108,1.980108,2.970162,1.980108,1.980108,1.980108,1.980108,1.980108,1.980108,1.980108,1.980108,1.980108,1.980108,1.980108,1.980108,1.980108,1.980108,1.980108,2.970162,1.980108,1.980108,1.980108,1.980108,1.980108,1.980108,1.980108,1.980108,1.980108,1.980108,1.980108,1.980108,1.980108,1.980108,1.980108,2.970162,1.980108,1.980108,1.980108,1.980108,1.980108,1.980108,1.980108,1.980108,1.980108,1.980108,1.980108,1.980108,1.980108,1.980108,1.980108,2.970162,1.980108,1.980108,1.980108,1.980108,1.980108,1.980108,1.980108,1.980108,1.980108,1.980108,1.980108,1.980108,1.980108,1.980108,1.980108,2.970162,1.980108,1.980108,1.980108,1.980108,1.980108,1.980108,1.980108,1.980108,1.980108,1.980108,1.980108,1.980108,1.980108,1.980108,1.980108,2.970162,1.980108,1.980108,1.980108,1.980108,1.980108,1.980108,1.980108,1.980108,1.980108,1.980108,1.980108,1.980108,1.980108,1.980108,1.980108,2.970162,1.980108,1.980108,1.980108,1.980108,1.980108,1.980108,1.980108,1.980108,1.980108,1.980108,1.980108,1.980108,1.980108,1.980108,1.980108,2.970162,1.980108,1.980108,1.980108,1.980108,1.980108,1.980108,1.980108,1.980108,1.980108,1.980108,1.980108,1.980108,1.980108,1.980108,1.980108,2.970162,1.980108,1.980108,1.980108,1.980108,1.980108,1.980108,1.980108,1.980108,1.980108,1.980108,1.980108
1.980108,1.980108,1.980108,1.980108,1.980108,2.970162,1.980108,1.980108,1.980108,1.980108,1.980108,1.980108,1.980108,1.980108,1.980108,1.980108,1.980108,1.980108,1.980108,1.980108,1.980108,2.970162,1.980108,1.980108,1.980108,1.980108,1.980108,1.980108,1.980108,1.980108,1.980108,1.980108,2.970162,2.970162,2.970162,2.970162,2.970162,-29.799288,2.970162,2.970162,2.970162,2.970162,2.970162,2.970162,2.970162,2.970162,2.970162,2.970162,1.980108,1.980108,1.980108,1.980108,1.980108,2.970162,1.980108,1.980108,1.980108,1.980108,1.980108,1.980108,1.980108,1.980108,1.980108,1.980108,1.980108,1.980108,1.980108,1.980108,1.980108,2.970162,1.980108,1.980108,1.980108,1.980108,1.980108,1.980108,1.980108,1.980108,1.980108,1.980108,1.980108,1.980108,1.980108,1.980108,1.980108,2.970162,1.980108,1.980108,1.980108,1.980108,1.980108,1.980108,1.980108,1.980108,1.980108,1.980108,1.980108,1.980108,1.980108,1.980108,1.980108,2.970162,1.980108,1.980108,1.980108,1.980108,1.980108,1.980108,1.980108,1.980108,1.980108,1.980108,1.980108,1.980108,1.980108,1.980108,1.980108,2.970162,1.980108,1.980108,1.980108,1.980108,1.980108,1.980108,1.980108,1.980108,1.980108,1.980108,1.980108,1.980108,1.980108,1.980108,1.980108,2.970162,1.980108,1.980108,1.980108,1.980108,1.980108,1.980108,1.980108,1.980108,1.980108,1.980108,1.980108,1.980108,1.980108,1.980108,1.980108,2.970162,1.980108,1.980108,1.980108,1.980108,1.980108,1.980108,1.980108,1.980108,1.980108,1.980108,1.980108,1.980108,1.980108,1.980108,1.980108,2.970162,1.980108,1.980108,1.980108,1.980108,1.980108,1.980108,1.980108,1.980108,1.980108,1.980108,1.980108,1.980108,1.980108,1.980108,1.980108,2.970162,1.980108,1.980108,1.980108,1.980108,1.980108,1.980108,1.980108,1.980108,1.980108,1.980108,1.980108,1.980108,1.980108,1.980108,1.980108,2.970162,1.980108,1.980108,1.980108,1.980108,1.980108,1.980108,1.980108,1.980108,1.980108,1.980108,1.980108,1.980108,1.980108,1.980108,1.980108,2.970162,1.980108,1.980108,1.980108,1.980108,1.980108,1.980108,1.980108,1.980108,1.980108,1.980108,1.980108,1.980108,1.980108,1.980108,1.980108,2.970162,1.980108,1.980108,1.980108,1.980108,1.980108,1.980108,1.980108,1.980108,1.980108,1.980108,1.980108,1.980108,1.980108,1.980108,1.980108,2.970162,1.980108,1.980108,1.980108,1.980108,1.980108,1.980108,1.980108,1.980108,1.980108,1.980108,1.980108,1.980108,1.980108,1.980108,1.980108,2.970162,1.980108,1.980108,1.980108,1.980108,1.980108,1.980108,1.980108,1.980108,1.980108,1.980108,1.980108,1.980108,1.980108,1.980108,1.980108,2.970162,1.980108,1.980108,1.980108,1.980108,1.980108,1.980108,1.980108,1.980108,1.980108,1.980108,1.980108,1.980108,1.980108,1.980108,1.980108,2.970162,1.980108,1.980108,1.980108,1.980108,1.980108,1.980108,1.980108,1.980108,1.980108,1.980108,1.980108,1.980108,1.980108,1.980108,1.980108,2.970162,1.980108,1.980108,1.980108,1.980108,1.980108,1.980108,1.980108,1.980108,1.980108,1.980108
1.980108,1.980108,1.980108,1.980108,1.980108,1.980108,2.970162,1.980108,1.980108,1.980108,1.980108,1.980108,1.980108,1.980108,1.980108,1.980108,1.980108,1.980108,1.980108,1.980108,1.980108,1.980108,2.970162,1.980108,1.980108,1.980108,1.980108,1.980108,1.980108,1.980108,1.980108,1.980108,2.970162,2.970162,2.970162,2.970162,2.970162,2.970162,-30.385849,2.970162,2.970162,2.970162,2.970162,2.970162,2.970162,2.970162,2.970162,2.970162,1.980108,1.980108,1.980108,1.980108,1.980108,1.980108,2.970162,1.980108,1.980108,1.980108,1.980108,1.980108,1.980108,1.980108,1.980108,1.980108,1.980108,1.980108,1.980108,1.980108,1.980108,1.980108,2.970162,1.980108,1.980108,1.980108,1.980108,1.980108,1.980108,1.980108,1.980108,1.980108,1.980108,1.980108,1.980108,1.980108,1.980108,1.980108,2.970162,1.980108,1.980108,1.980108,1.980108,1.980108,1.980108,1.980108,1.980108,1.980108,1.980108,1.980108,1.980108,1.980108,1.980108,1.980108,2.970162,1.980108,1.980108,1.980108,1.980108,1.980108,1.980108,1.980108,1.980108,1.980108,1.980108,1.980108,1.980108,1.980108,1.980108,1.980108,2.970162,1.980108,1.980108,1.980108,1.980108,1.980108,1.980108,1.980108,1.980108,1.980108,1.980108,1.980108,1.980108,1.980108,1.980108,1.980108,2.970162,1.980108,1.980108,1.980108,1.980108,1.980108,1.980108,1.980108,1.980108,1.980108,1.980108,1.980108,1.980108,1.980108,1.980108,1.980108,2.970162,1.980108,1.980108,1.980108,1.980108,1.980108,1.980108,1.980108,1.980108,1.980108,1.980108,1.980108,1.980108,1.980108,1.980108,1.980108,2.970162,1.980108,1.980108,1.980108,1.980108,1.980108,1.980108,1.980108,1.980108,1.980108,1.980108,1.980108,1.980108,1.980108,1.980108,1.980108,2.970162,1.980108,1.980108,1.980108,1.980108,1.980108,1.980108,1.980108,1.980108,1.980108,1.980108,1.980108,1.980108,1.980108,1.980108,1.980108,2.970162,1.980108,1.980108,1.980108,1.980108,1.980108,1.980108,1.980108,1.980108,1.980108,1.980108,1.980108,1.980108,1.980108,1.980108,1.980108,2.970162,1.980108,1.980108,1.980108,1.980108,1.980108,1.980108,1.980108,1.980108,1.980108,1.980108,1.980108,1.980108,1.980108,1.980108,1.980108,2.970162,1.980108,1.980108,1.980108,1.980108,1.980108,1.980108,1.980108,1.980108,1.980108,1.980108,1.980108,1.980108,1.980108,1.980108,1.980108,2.970162,1.980108,1.980108,1.980108,1.980108,1.980108,1.980108,1.980108,1.980108,1.980108,1.980108,1.980108,1.980108,1.980108,1.980108,1.980108,2.970162,1.980108,1.980108,1.980108,1.980108,1.980108,1.980108,1.980108,1.980108,1.980108,1.980108,1.980108,1.980108,1.980108,1.980108,1.980108,2.970162,1.980108,1.980108,1.980108,1.980108,1.980108,1.980108,1.980108,1.980108,1.980108,1.980108,1.980108,1.980108,1.980108,1.980108,1.980108,2.970162,1.980108,1.980108,1.980108,1.980108,1.980108,1.980108,1.980108,1.980108,1.980108,1.980108,1.980108,1.980108,1.980108,1.980108,1.980108,2.970162,1.980108,1.980108,1.980108,1.980108,1.980108,1.980108,1.980108,1.980108,1.980108
1.980108,1.980108,1.980108,1.980108,1.980108,1.980108,1.980108,2.970162,1.980108,1.980108,1.980108,1.980108,1.980108,1.980108,1.980108,1.980108,1.980108,1.980108,1.980108,1.980108,1.980108,1.980108,1.980108,2.970162,1.980108,1.980108,1.980108,1.980108,1.980108,1.980108,1.980108,1.980108,2.970162,2.970162,2.970162,2.970162,2.970162,2.970162,2.970162,-30.141768,2.970162,2.970162,2.970162,2.970162,2.970162,2.970162,2.970162,2.970162,1.980108,1.980108,1.980108,1.980108,1.980108,1.980108,1.980108,2.970162,1.980108,1.980108,1.980108,1.980108,1.980108,1.980108,1.980108,1.980108,1.980108,1.980108,1.980108,1.980108,1.980108,1.980108,1.980108,2.970162,1.980108,1.980108,1.980108,1.980108,1.980108,1.980108,1.980108,1.980108,1.980108,1.980108,1.980108,1.980108,1.980108,1.980108,1.980108,2.970162,1.980108,1.980108,1.980108,1.980108,1.980108,1.980108,1.980108,1.980108,1.980108,1.980108,1.980108,1.980108,1.980108,1.980108,1.980108,2.970162,1.980108,1.980108,1.980108,1.980108,1.980108,1.980108,1.980108,1.980108,1.980108,1.980108,1.980108,1.980108,1.980108,1.980108,1.980108,2.970162,1.980108,1.980108,1.980108,1.980108,1.980108,1.980108,1.980108,1.980108,1.980108,1.980108,1.980108,1.980108,1.980108,1.980108,1.980108,2.970162,1.980108,1.980108,1.980108,1.980108,1.980108,1.980108,1.980108,1.980108,1.980108,1.980108,1.980108,1.980108,1.980108,1.980108,1.980108,2.970162,1.980108,1.980108,1.980108,1.980108,1.980108,1.980108,1.980108,1.980108,1.980108,1.980108,1.980108,1.980108,1.980108,1.980108,1.980108,2.970162,1.980108,1.980108,1.980108,1.980108,1.980108,1.980108,1.980108,1.980108,1.980108,1.980108,1.980108,1.980108,1.980108,1.980108,1.980108,2.970162,1.980108,1.980108,1.980108,1.980108,1.980108,1.980108,1.980108,1.980108,1.980108,1.980108,1.980108,1.980108,1.980108,1.980108,1.980108,2.970162,1.980108,1.980108,1.980108,1.980108,1.980108,1.980108,1.980108,1.980108,1.980108,1.980108,1.980108,1.980108,1.980108,1.980108,1.980108,2.970162,1.980108,1.980108,1.980108,1.980108,1.980108,1.980108,1.980108,1.980108,1.980108,1.980108,1.980108,1.980108,1.980108,1.980108,1.980108,2.970162,1.980108,1.980108,1.980108,1.980108,1.980108,1.980108,1.980108,1.980108,1.980108,1.980108,1.980108,1.980108,1.980108,1.980108,1.980108,2.970162,1.980108,1.980108,1.980108,1.980108,1.980108,1.980108,1.980108,1.980108,1.980108,1.980108,1.980108,1.980108,1.980108,1.980108,1.980108,2.970162,1.980108,1.980108,1.980108,1.980108,1.980108,1.980108,1.980108,1.980108,1.980108,1.980108,1.980108,1.980108,1.980108,1.980108,1.980108,2.970162,1.980108,1.980108,1.980108,1.980108,1.980108,1.980108,1.980108,1.980108,1.980108,1.980108,1.980108,1.980108,1.980108,1.980108,1.980108,2.970162,1.980108,1.980108,1.980108,1.980108,1.980108,1.980108,1.980108,1.980108,1.980108,1.980108,1.980108,1.980108,1.980108,1.980108,1.980108,2.970162,1.980108,1.980108,1.980108,1.980108,1.980108,1.980108,1.980108,1.980108
1.980108,1.980108,1.980108,1.980108,1.980108,1.980108,1.980108,1.980108,2.970162,1.980108,1.980108,1.980108,1.980108,1.980108,1.980108,1.980108,1.980108,1.980108,1.980108,1.980108,1.980108,1.980108,1.980108,1.980108,2.970162,1.980108,1.980108,1.980108,1.980108,1.980108,1.980108,1.980108,2.970162,2.970162,2.970162,2.970162,2.970162,2.970162,2.970162,2.970162,-29.823654,2.970162,2.970162,2.970162,2.970162,2.970162,2.970162,2.970162,1.980108,1.980108,1.980108,1.980108,1.980108,1.980108,1.980108,1.980108,2.970162,1.980108,1.980108,1.980108,1.980108,1.980108,1.980108,1.980108,1.980108,1.980108,1.980108,1.980108,1.980108,1.980108,1.980108,1.980108,2.970162,1.980108,1.980108,1.980108,1.980108,1.980108,1.980108,1.980108,1.980108,1.980108,1.980108,1.980108,1.980108,1.980108,1.980108,1.980108,2.970162,1.980108,1.980108,1.980108,1.980108,1.980108,1.980108,1.980108,1.980108,1.980108,1.980108,1.980108,1.980108,1.980108,1.980108,1.980108,2.970162,1.980108,1.980108,1.980108,1.980108,1.980108,1.980108,1.980108,1.980108,1.980108,1.980108,1.980108,1.980108,1.980108,1.980108,1.980108,2.970162,1.980108,1.980108,1.980108,1.980108,1.980108,1.980108,1.980108,1.980108,1.980108,1.980108,1.980108,1.980108,1.980108,1.980108,1.980108,2.970162,1.980108,1.980108,1.980108,1.980108,1.980108,1.980108,1.980108,1.980108,1.980108,1.980108,1.980108,1.980108,1.980108,1.980108,1.980108,2.970162,1.980108,1.980108,1.980108,1.980108,1.980108,1.980108,1.980108,1.980108,1.980108,1.980108,1.980108,1.980108,1.980108,1.980108,1.980108,2.970162,1.980108,1.980108,1.980108,1.980108,1.980108,1.980108,1.980108,1.980108,1.980108,1.980108,1.980108,1.980108,1.980108,1.980108,1.980108,2.970162,1.980108,1.980108,1.980108,1.980108,1.980108,1.980108,1.980108,1.980108,1.980108,1.980108,1.980108,1.980108,1.980108,1.980108,1.980108,2.970162,1.980108,1.980108,1.980108,1.980108,1.980108,1.980108,1.980108,1.980108,1.980108,1.980108,1.980108,1.980108,1.980108,1.980108,1.980108,2.970162,1.980108,1.980108,1.980108,1.980108,1.980108,1.980108,1.980108,1.980108,1.980108,1.980108,1.980108,1.980108,1.980108,1.980108,1.980108,2.970162,1.980108,1.980108,1.980108,1.980108,1.980108,1.980108,1.980108,1.980108,1.980108,1.980108,1.980108,1.980108,1.980108,1.980108,1.980108,2.970162,1.980108,1.980108,1.980108,1.980108,1.980108,1.980108,1.980108,1.980108,1.980108,1.980108,1.980108,1.980108,1.980108,1.980108,1.980108,2.970162,1.980108,1.980108,1.980108,1.980108,1.980108,1.980108,1.980108,1.980108,1.980108,1.980108,1.980108,1.980108,1.980108,1.980108,1.980108,2.970162,1.980108,1.980108,1.980108,1.980108,1.980108,1.980108,1.980108,1.980108,1.980108,1.980108,1.980108,1.980108,1.980108,1.980108,1.980108,2.970162,1.980108,1.980108,1.980108,1.980108,1.980108,1.980108,1.980108,1.980108,1.980108,1.980108,1.980108,1.980108,1.980108,1.980108,1.980108,2.970162,1.980108,1.980108,1.980108,1.980108,1.980108,1.980108,1.980108
1.980108,1.980108,1.980108,1.980108,1.980108,1.980108,1.980108,1.980108,1.980108,2.970162,1.980108,1.980108,1.980108,1.980108,1.980108,1.980108,1.980108,1.980108,1.980108,1.980108,1.980108,1.980108,1.980108,1.980108,1.980108,2.970162,1.980108,1.980108,1.980108,1.980108,1.980108,1.980108,2.970162,2.970162,2.970162,2.970162,2.970162,2.970162,2.970162,2.970162,2.970162,-30.196792,2.970162,2.970162,2.970162,2.970162,2.970162,2.970162,1.980108,1.980108,1.980108,1.980108,1.980108,1.980108,1.980108,1.980108,1.980108,2.970162,1.980108,1.980108,1.980108,1.980108,1.980108,1.980108,1.980108,1.980108,1.980108,1.980108,1.980108,1.980108,1.980108,1.980108,1.980108,2.970162,1.980108,1.980108,1.980108,1.980108,1.980108,1.980108,1.980108,1.980108,1.980108,1.980108,1.980108,1.980108,1.980108,1.980108,1.980108,2.970162,1.980108,1.980108,1.980108,1.980108,1.980108,1.980108,1.980108,1.980108,1.980108,1.980108,1.980108,1.980108,1.980108,1.980108,1.980108,2.970162,1.980108,1.980108,1.980108,1.980108,1.980108,1.980108,1.980108,1.980108,1.980108,1.980108,1.980108,1.980108,1.980108,1.980108,1.980108,2.970162,1.980108,1.980108,1.980108,1.980108,1.980108,1.980108,1.980108,1.980108,1.980108,1.980108,1.980108,1.980108,1.980108,1.980108,1.980108,2.970162,1.980108,1.980108,1.980108,1.980108,1.980108,1.980108,1.980108,1.980108,1.980108,1.980108,1.980108,1.980108,1.980108,1.980108,1.980108,2.970162,1.980108,1.980108,1.980108,1.980108,1.980108,1.980108,1.980108,1.980108,1.980108,1.980108,1.980108,1.980108,1.980108,1.980108,1.980108,2.970162,1.980108,1.980108,1.980108,1.980108,1.980108,1.980108,1.980108,1.980108,1.980108,1.980108,1.980108,1.980108,1.980108,1.980108,1.980108,2.970162,1.980108,1.980108,1.980108,1.980108,1.980108,1.980108,1.980108,1.980108,1.980108,1.980108,1.980108,1.980108,1.980108,1.980108,1.980108,2.970162,1.980108,1.980108,1.980108,1.980108,1.980108,1.980108,1.980108,1.980108,1.980108,1.980108,1.980108,1.980108,1.980108,1.980108,1.980108,2.970162,1.980108,1.980108,1.980108,1.980108,1.980108,1.980108,1.980108,1.980108,1.980108,1.980108,1.980108,1.980108,1.980108,1.980108,1.980108,2.970162,1.980108,1.980108,1.980108,1.980108,1.980108,1.980108,1.980108,1.980108,1.980108,1.980108,1.980108,1.980108,1.980108,1.980108,1.980108,2.970162,1.980108,1.980108,1.980108,1.980108,1.980108,1.980108,1.980108,1.980108,1.980108,1.980108,1.980108,1.980108,1.980108,1.980108,1.980108,2.970162,1.980108,1.980108,1.980108,1.980108,1.980108,1.980108,1.980108,1.980108,1.980108,1.980108,1.980108,1.980108,1.980108,1.980108,1.980108,2.970162,1.980108,1.980108,1.980108,1.980108,1.980108,1.980108,1.980108,1.980108,1.980108,1.980108,1.980108,1.980108,1.980108,1.980108,1.980108,2.970162,1.980108,1.980108,1.980108,1.980108,1.980108,1.980108,1.980108,1.980108,1.980108,1.980108,1.980108,1.980108,1.980108,1.980108,1.980108,2.970162,1.980108,1.980108,1.980108,1.980108,1.980108,1.980108
1.980108,1.980108,1.980108,1.980108,1.980108,1.980108,1.980108,1.980108,1.980108,1.980108,2.970162,1.980108,1.980108,1.980108,1.980108,1.980108,1.980108,1.980108,1.980108,1.980108,1.980108,1.980108,1.980108,1.980108,1.980108,1.980108,2.970162,1.980108,1.980108,1.980108,1.980108,1.980108,2.970162,2.970162,2.970162,2.970162,2.970162,2.970162,2.970162,2.970162,2.970162,2.970162,-29.736004,2.970162,2.970162,2.970162,2.970162,2.970162,1.980108,1.980108,1.980108,1.980108,1.980108,1.980108,1.980108,1.980108,1.980108,1.980108,2.970162,1.980108,1.980108,1.980108,1.980108,1.980108,1.980108,1.980108,1.980108,1.980108,1.980108,1.980108,1.980108,1.980108,1.980108,1.980108,2.970162,1.980108,1.980108,1.980108,1.980108,1.980108,1.980108,1.980108,1.980108,1.980108,1.980108,1.980108,1.980108,1.980108,1.980108,1.980108,2.970162,1.980108,1.980108,1.980108,1.980108,1.980108,1.980108,1.980108,1.980108,1.980108,1.980108,1.980108,1.980108,1.980108,1.980108,1.980108,2.970162,1.980108,1.980108,1.980108,1.980108,1.980108,1.980108,1.980108,1.980108,1.980108,1.980108,1.980108,1.980108,1.980108,1.980108,1.980108,2.970162,1.980108,1.980108,1.980108,1.980108,1.980108,1.980108,1.980108,1.980108,1.980108,1.980108,1.980108,1.980108,1.980108,1.980108,1.980108,2.970162,1.980108,1.980108,1.980108,1.980108,1.980108,1.980108,1.980108,1.980108,1.980108,1.980108,1.980108,1.980108,1.980108,1.980108,1.980108,2.970162,1.980108,1.980108,1.980108,1.980108,1.980108,1.980108,1.980108,1.980108,1.980108,1.980108,1.980108,1.980108,1.980108,1.980108,1.980108,2.970162,1.980108,1.980108,1.980108,1.980108,1.980108,1.980108,1.980108,1.980108,1.980108,1.980108,1.980108,1.980108,1.980108,1.980108,1.980108,2.970162,1.980108,1.980108,1.980108,1.980108,1.980108,1.980108,1.980108,1.980108,1.980108,1.980108,1.980108,1.980108,1.980108,1.980108,1.980108,2.970162,1.980108,1.980108,1.980108,1.980108,1.980108,1.980108,1.980108,1.980108,1.980108,1.980108,1.980108,1.980108,1.980108,1.980108,1.980108,2.970162,1.980108,1.980108,1.980108,1.980108,1.980108,1.980108,1.980108,1.980108,1.980108,1.980108,1.980108,1.980108,1.980108,1.980108,1.980108,2.970162,1.980108,1.980108,1.980108,1.980108,1.980108,1.980108,1.980108,1.980108,1.980108,1.980108,1.980108,1.980108,1.980108,1.980108,1.980108,2.970162,1.980108,1.980108,1.980108,1.980108,1.980108,1.980108,1.980108,1.980108,1.980108,1.980108,1.980108,1.980108,1.980108,1.980108,1.980108,2.970162,1.980108,1.980108,1.980108,1.980108,1.980108,1.980108,1.980108,1.980108,1.980108,1.980108,1.980108,1.980108,1.980108,1.980108,1.980108,2.970162,1.980108,1.980108,1.980108,1.980108,1.980108,1.980108,1.980108,1.980108,1.980108,1.980108,1.980108,1.980108,1.980108,1.980108,1.980108,2.970162,1.980108,1.980108,1.980108,1.980108,1.980108,1.980108,1.980108,1.980108,1.980108,1.980108,1.980108,1.980108,1.980108,1.980108,1.980108,2.970162,1.980108,1.980108,1.980108,1.980108,1.980108
1.980108,1.980108,1.980108,1.980108,1.980108,1.980108,1.980108,1.980108,1.980108,1.980108,1.980108,2.970162,1.980108,1.980108,1.980108,1.980108,1.980108,1.980108,1.980108,1.980108,1.980108,1.980108,1.980108,1.980108,1.980108,1.980108,1.980108,2.970162,1.980108,1.980108,1.980108,1.980108,2.970162,2.970162,2.970162,2.970162,2.970162,2.970162,2.970162,2.970162,2.970162,2.970162,2.970162,-30.610936,2.970162,2.970162,2.970162,2.970162,1.980108,1.980108,1.980108,1.980108,1.980108,1.980108,1.980108,1.980108,1.980108,1.980108,1.980108,2.970162,1.980108,1.980108,1.980108,1.980108,1.980108,1.980108,1.980108,1.980108,1.980108,1.980108,1.980108,1.980108,1.980108,1.980108,1.980108,2.970162,1.980108,1.980108,1.980108,1.980108,1.980108,1.980108,1.980108,1.980108,1.980108,1.980108,1.980108,1.980108,1.980108,1.980108,1.980108,2.970162,1.980108,1.980108,1.980108,1.980108,1.980108,1.980108,1.980108,1.980108,1.980108,1.980108,1.980108,1.980108,1.980108,1.980108,1.980108,2.970162,1.980108,1.980108,1.980108,1.980108,1.980108,1.980108,1.980108,1.980108,1.980108,1.980108,1.980108,1.980108,1.980108,1.980108,1.980108,2.970162,1.980108,1.980108,1.980108,1.980108,1.980108,1.980108,1.980108,1.980108,1.980108,1.980108,1.980108,1.980108,1.980108,1.980108,1.980108,2.970162,1.980108,1.980108,1.980108,1.980108,1.980108,1.980108,1.980108,1.980108,1.980108,1.980108,1.980108,1.980108,1.980108,1.980108,1.980108,2.970162,1.980108,1.980108,1.980108,1.980108,1.980108,1.980108,1.980108,1.980108,1.980108,1.980108,1.980108,1.980108,1.980108,1.980108,1.980108,2.970162,1.980108,1.980108,1.980108,1.980108,1.980108,1.980108,1.980108,1.980108,1.980108,1.980108,1.980108,1.980108,1.980108,1.980108,1.980108,2.970162,1.980108,1.980108,1.980108,1.980108,1.980108,1.980108,1.980108,1.980108,1.980108,1.980108,1.980108,1.980108,1.980108,1.980108,1.980108,2.970162,1.980108,1.980108,1.980108,1.980108,1.980108,1.980108,1.980108,1.980108,1.980108,1.980108,1.980108,1.980108,1.980108,1.980108,1.980108,2.970162,1.980108,1.980108,1.980108,1.980108,1.980108,1.980108,1.980108,1.980108,1.980108,1.980108,1.980108,1.980108,1.980108,1.980108,1.980108,2.970162,1.980108,1.980108,1.980108,1.980108,1.980108,1.980108,1.980108,1.980108,1.980108,1.980108,1.980108,1.980108,1.980108,1.980108,1.980108,2.970162,1.980108,1.980108,1.980108,1.980108,1.980108,1.980108,1.980108,1.980108,1.980108,1.980108,1.980108,1.980108,1.980108,1.980108,1.980108,2.970162,1.980108,1.980108,1.980108,1.980108,1.980108,1.980108,1.980108,1.980108,1.980108,1.980108,1.980108,1.980108,1.980108,1.980108,1.980108,2.970162,1.980108,1.980108,1.980108,1.980108,1.980108,1.980108,1.980108,1.980108,1.980108,1.980108,1.980108,1.980108,1.980108,1.980108,1.980108,2.970162,1.980108,1.980108,1.980108,1.980108,1.980108,1.980108,1.980108,1.980108,1.980108,1.980108,1.980108,1.980108,1.980108,1.980108,1.980108,2.970162,1.980108,1.980108,1.980108,1.980108
1.980108,1.980108,1.980108,1.980108,1.980108,1.980108,1.980108,1.980108,1.980108,1.980108,1.980108,1.980108,2.970162,1.980108,1.980108,1.980108,1.980108,1.980108,1.980108,1.980108,1.980108,1.980108,1.980108,1.980108,1.980108,1.980108,1.980108,1.980108,2.970162,1.980108,1.980108,1.980108,2.970162,2.970162,2.970162,2.970162,2.970162,2.970162,2.970162,2.970162,2.970162,2.970162,2.970162,2.970162,-29.960395,2.970162,2.970162,2.970162,1.980108,1.980108,1.980108,1.980108,1.980108,1.980108,1.980108,1.980108,1.980108,1.980108,1.980108,1.980108,2.970162,1.980108,1.980108,1.980108,1.980108,1.980108,1.980108,1.980108,1.980108,1.980108,1.980108,1.980108,1.980108,1.980108,1.980108,1.980108,2.970162,1.980108,1.980108,1.980108,1.980108,1.980108,1.980108,1.980108,1.980108,1.980108,1.980108,1.980108,1.980108,1.980108,1.980108,1.980108,2.970162,1.980108,1.980108,1.980108,1.980108,1.980108,1.980108,1.980108,1.980108,1.980108,1.980108,1.980108,1.980108,1.980108,1.980108,1.980108,2.970162,1.980108,1.980108,1.980108,1.980108,1.980108,1.980108,1.980108,1.980108,1.980108,1.980108,1.980108,1.980108,1.980108,1.980108,1.980108,2.970162,1.980108,1.980108,1.980108,1.980108,1.980108,1.980108,1.980108,1.980108,1.980108,1.980108,1.980108,1.980108,1.980108,1.980108,1.980108,2.970162,1.980108,1.980108,1.980108,1.980108,1.980108,1.980108,1.980108,1.980108,1.980108,1.980108,1.980108,1.980108,1.980108,1.980108,1.980108,2.970162,1.980108,1.980108,1.980108,1.980108,1.980108,1.980108,1.980108,1.980108,1.980108,1.980108,1.980108,1.980108,1.980108,1.980108,1.980108,2.970162,1.980108,1.980108,1.980108,1.980108,1.980108,1.980108,1.980108,1.980108,1.980108,1.980108,1.980108,1.980108,1.980108,1.980108,1.980108,2.970162,1.980108,1.980108,1.980108,1.980108,1.980108,1.980108,1.980108,1.980108,1.980108,1.980108,1.980108,1.980108,1.980108,1.980108,1.980108,2.970162,1.980108,1.980108,1.980108,1.980108,1.980108,1.980108,1.980108,1.980108,1.980108,1.980108,1.980108,1.980108,1.980108,1.980108,1.980108,2.970162,1.980108,1.980108,1.980108,1.980108,1.980108,1.980108,1.980108,1.980108,1.980108,1.980108,1.980108,1.980108,1.980108,1.980108,1.980108,2.970162,1.980108,1.980108,1.980108,1.980108,1.980108,1.980108,1.980108,1.980108,1.980108,1.980108,1.980108,1.980108,1.980108,1.980108,1.980108,2.970162,1.980108,1.980108,1.980108,1.980108,1.980108,1.980108,1.980108,1.980108,1.980108,1.980108,1.980108,1.980108,1.980108,1.980108,1.980108,2.970162,1.980108,1.980108,1.980108,1.980108,1.980108,1.980108,1.980108,1.980108,1.980108,1.980108,1.980108,1.980108,1.980108,1.980108,1.980108,2.970162,1.980108,1.980108,1.980108,1.980108,1.980108,1.980108,1.980108,1.980108,1.980108,1.980108,1.980108,1.980108,1.980108,1.980108,1.980108,2.970162,1.980108,1.980108,1.980108,1.980108,1.980108,1.980108,1.980108,1.980108,1.980108,1.980108,1.980108,1.980108,1.980108,1.980108,1.980108,2.970162,1.980108,1.980108,1.980108
1.980108,1.980108,1.980108,1.980108,1.980108,1.980108,1.980108,1.980108,1.980108,1.980108,1.980108,1.980108,1.980108,2.970162,1.980108,1.980108,1.980108,1.980108,1.980108,1.980108,1.980108,1.980108,1.980108,1.980108,1.980108,1.980108,1.980108,1.980108,1.980108,2.970162,1.980108,1.980108,2.970162,2.970162,2.970162,2.970162,2.970162,2.970162,2.970162,2.970162,2.970162,2.970162,2.970162,2.970162,2.970162,-30.364138,2.970162,2.970162,1.980108,1.980108,1.980108,1.980108,1.980108,1.980108,1.980108,1.980108,1.980108,1.980108,1.980108,1.980108,1.980108,2.970162,1.980108,1.980108,1.980108,1.980108,1.980108,1.980108,1.980108,1.980108,1.980108,1.980108,1.980108,1.980108,1.980108,1.980108,1.980108,2.970162,1.980108,1.980108,1.980108,1.980108,1.980108,1.980108,1.980108,1.980108,1.980108,1.980108,1.980108,1.980108,1.980108,1.980108,1.980108,2.970162,1.980108,1.980108,1.980108,1.980108,1.980108,1.980108,1.980108,1.980108,1.980108,1.980108,1.980108,1.980108,1.980108,1.980108,1.980108,2.970162,1.980108,1.980108,1.980108,1.980108,1.980108,1.980108,1.980108,1.980108,1.980108,1.980108,1.980108,1.980108,1.980108,1.980108,1.980108,2.970162,1.980108,1.980108,1.980108,1.980108,1.980108,1.980108,1.980108,1.980108,1.980108,1.980108,1.980108,1.980108,1.980108,1.980108,1.980108,2.970162,1.980108,1.980108,1.980108,1.980108,1.980108,1.980108,1.980108,1.980108,1.980108,1.980108,1.980108,1.980108,1.980108,1.980108,1.980108,2.970162,1.980108,1.980108,1.980108,1.980108,1.980108,1.980108,1.980108,1.980108,1.980108,1.980108,1.980108,1.980108,1.980108,1.980108,1.980108,2.970162,1.980108,1.980108,1.980108,1.980108,1.980108,1.980108,1.980108,1.980108,1.980108,1.980108,1.980108,1.980108,1.980108,1.980108,1.980108,2.970162,1.980108,1.980108,1.980108,1.980108,1.980108,1.980108,1.980108,1.980108,1.980108,1.980108,1.980108,1.980108,1.980108,1.980108,1.980108,2.970162,1.980108,1.980108,1.980108,1.980108,1.980108,1.980108,1.980108,1.980108,1.980108,1.980108,1.980108,1.980108,1.980108,1.980108,1.980108,2.970162,1.980108,1.980108,1.980108,1.980108,1.980108,1.980108,1.980108,1.980108,1.980108,1.980108,1.980108,1.980108,1.980108,1.980108,1.980108,2.970162,1.980108,1.980108,1.980108,1.980108,1.980108,1.980108,1.980108,1.980108,1.980108,1.980108,1.980108,1.980108,1.980108,1.980108,1.980108,2.970162,1.980108,1.980108,1.980108,1.980108,1.980108,1.980108,1.980108,1.980108,1.980108,1.980108,1.980108,1.980108,1.980108,1.980108,1.980108,2.970162,1.980108,1.980108,1.980108,1.980108,1.980108,1.980108,1.980108,1.980108,1.980108,1.980108,1.980108,1.980108,1.980108,1.980108,1.980108,2.970162,1.980108,1.980108,1.980108,1.980108,1.980108,1.980108,1.980108,1.980108,1.980108,1.980108,1.980108,1.980108,1.980108,1.980108,1.980108,2.970162,1.980108,1.980108,1.980108,1.980108,1.980108,1.980108,1.980108,1.980108,1.980108,1.980108,1.980108,1.980108,1.980108,1.980108,1.980108,2.970162,1.980108,1.980108
1.980108,1.980108,1.980108,1.980108,1.980108,1.980108,1.980108,1.980108,1.980108,1.980108,1.980108,1.980108,1.980108,1.980108,2.970162,1.980108,1.980108,1.980108,1.980108,1.980108,1.980108,1.980108,1.980108,1.980108,1.980108,1.980108,1.980108,1.980108,1.980108,1.980108,2.970162,1.980108,2.970162,2.970162,2.970162,2.970162,2.970162,2.970162,2.970162,2.970162,2.970162,2.970162,2.970162,2.970162,2.970162,2.970162,-30.013327,2.970162,1.980108,1.980108,1.980108,1.980108,1.980108,1.980108,1.980108,1.980108,1.980108,1.980108,1.980108,1.980108,1.980108,1.980108,2.970162,1.980108,1.980108,1.980108,1.980108,1.980108,1.980108,1.980108,1.980108,1.980108,1.980108,1.980108,1.980108,1.980108,1.980108,1.980108,2.970162,1.980108,1.980108,1.980108,1.980108,1.980108,1.980108,1.980108,1.980108,1.980108,1.980108,1.980108,1.980108,1.980108,1.980108,1.980108,2.970162,1.980108,1.980108,1.980108,1.980108,1.980108,1.980108,1.980108,1.980108,1.980108,1.980108,1.980108,1.980108,1.980108,1.980108,1.980108,2.970162,1.980108,1.980108,1.980108,1.980108,1.980108,1.980108,1.980108,1.980108,1.980108,1.980108,1.980108,1.980108,1.980108,1.980108,1.980108,2.970162,1.980108,1.980108,1.980108,1.980108,1.980108,1.980108,1.980108,1.980108,1.980108,1.980108,1.980108,1.980108,1.980108,1.980108,1.980108,2.970162,1.980108,1.980108,1.980108,1.980108,1.980108,1.980108,1.980108,1.980108,1.980108,1.980108,1.980108,1.980108,1.980108,1.980108,1.980108,2.970162,1.980108,1.980108,1.980108,1.980108,1.980108,1.980108,1.980108,1.980108,1.980108,1.980108,1.980108,1.980108,1.980108,1.980108,1.980108,2.970162,1.980108,1.980108,1.980108,1.980108,1.980108,1.980108,1.980108,1.980108,1.980108,1.980108,1.980108,1.980108,1.980108,1.980108,1.980108,2.970162,1.980108,1.980108,1.980108,1.980108,1.980108,1.980108,1.980108,1.980108,1.980108,1.980108,1.980108,1.980108,1.980108,1.980108,1.980108,2.970162,1.980108,1.980108,1.980108,1.980108,1.980108,1.980108,1.980108,1.980108,1.980108,1.980108,1.980108,1.980108,1.980108,1.980108,1.980108,2.970162,1.980108,1.980108,1.980108,1.980108,1.980108,1.980108,1.980108,1.980108,1.980108,1.980108,1.980108,1.980108,1.980108,1.980108,1.980108,2.970162,1.980108,1.980108,1.980108,1.980108,1.980108,1.980108,1.980108,1.980108,1.980108,1.980108,1.980108,1.980108,1.980108,1.980108,1.980108,2.970162,1.980108,1.980108,1.980108,1.980108,1.980108,1.980108,1.980108,1.980108,1.980108,1.980108,1.980108,1.980108,1.980108,1.980108,1.980108,2.970162,1.980108,1.980108,1.980108,1.980108,1.980108,1.980108,1.980108,1.980108,1.980108,1.980108,1.980108,1.980108,1.980108,1.980108,1.980108,2.970162,1.980108,1.980108,1.980108,1.980108,1.980108,1.980108,1.980108,1.980108,1.980108,1.980108,1.980108,1.980108,1.980108,1.980108,1.980108,2.970162,1.980108,1.980108,1.980108,1.980108,1.980108,1.980108,1.980108,1.980108,1.980108,1.980108,1.980108,1.980108,1.980108,1.980108,1.980108,2.970162,1.980108
1.980108,1.980108,1.980108,1.980108,1.980108,1.980108,1.980108,1.980108,1.980108,1.980108,1.980108,1.980108,1.980108,1.980108,1.980108,2.970162,1.980108,1.980108,1.980108,1.980108,1.980108,1.980108,1.980108,1.980108,1.980108,1.980108,1.980108,1.980108,1.980108,1.980108,1.980108,2.970162,2.970162,2.970162,2.970162,2.970162,2.970162,2.970162,2.970162,2.970162,2.970162,2.970162,2.970162,2.970162,2.970162,2.970162,2.970162,-30.221684,1.980108,1.980108,1.980108,1.980108,1.980108,1.980108,1.980108,1.980108,1.980108,1.980108,1.980108,1.980108,1.980108,1.980108,1.980108,2.970162,1.980108,1.980108,1.980108,1.980108,1.980108,1.980108,1.980108,1.980108,1.980108,1.980108,1.980108,1.980108,1.980108,1.980108,1.980108,2.970162,1.980108,1.980108,1.980108,1.980108,1.980108,1.980108,1.980108,1.980108,1.980108,1.980108,1.980108,1.980108,1.980108,1.980108,1.980108,2.970162,1.980108,1.980108,1.980108,1.980108,1.980108,1.980108,1.980108,1.980108,1.980108,1.980108,1.980108,1.980108,1.980108,1.980108,1.980108,2.970162,1.980108,1.980108,1.980108,1.980108,1.980108,1.980108,1.980108,1.980108,1.980108,1.980108,1.980108,1.980108,1.980108,1.980108,1.980108,2.970162,1.980108,1.980108,1.980108,1.980108,1.980108,1.980108,1.980108,1.980108,1.980108,1.980108,1.980108,1.980108,1.980108,1.980108,1.980108,2.970162,1.980108,1.980108,1.980108,1.980108,1.980108,1.980108,1.980108,1.980108,1.980108,1.980108,1.980108,1.980108,1.980108,1.980108,1.980108,2.970162,1.980108,1.980108,1.980108,1.980108,1.980108,1.980108,1.980108,1.980108,1.980108,1.980108,1.980108,1.980108,1.980108,1.980108,1.980108,2.970162,1.980108,1.980108,1.980108,1.980108,1.980108,1.980108,1.980108,1.980108,1.980108,1.980108,1.980108,1.980108,1.980108,1.980108,1.980108,2.970162,1.980108,1.980108,1.980108,1.980108,1.980108,1.980108,1.980108,1.980108,1.980108,1.980108,1.980108,1.980108,1.980108,1.980108,1.980108,2.970162,1.980108,1.980108,1.980108,1.980108,1.980108,1.980108,1.980108,1.980108,1.980108,1.980108,1.980108,1.980108,1.980108,1.980108,1.980108,2.970162,1.980108,1.980108,1.980108,1.980108,1.980108,1.980108,1.980108,1.980108,1.980108,1.980108,1.980108,1.980108,1.980108,1.980108,1.980108,2.970162,1.980108,1.980108,1.980108,1.980108,1.980108,1.980108,1.980108,1.980108,1.980108,1.980108,1.980108,1.980108,1.980108,1.980108,1.980108,2.970162,1.980108,1.980108,1.980108,1.980108,1.980108,1.980108,1.980108,1.980108,1.980108,1.980108,1.980108,1.980108,1.980108,1.980108,1.980108,2.970162,1.980108,1.980108,1.980108,1.980108,1.980108,1.980108,1.980108,1.980108,1.980108,1.980108,1.980108,1.980108,1.980108,1.980108,1.980108,2.970162,1.980108,1.980108,1.980108,1.980108,1.980108,1.980108,1.980108,1.980108,1.980108,1.980108,1.980108,1.980108,1.980108,1.980108,1.980108,2.970162,1.980108,1.980108,1.980108,1.980108,1.980108,1.980108,1.980108,1.980108,1.980108,1.980108,1.980108,1.980108,1.980108,1.980108,1.980108,2.970162
2.970162,1.980108,1.980108,1.980108,1.980108,1.980108,1.980108,1.980108,1.980108,1.980108,1.980108,1.980108,1.980108,1.980108,1.980108,1.980108,2.970162,1.980108,1.980108,1.980108,1.980108,1.980108,1.980108,1.980108,1.980108,1.980108,1.980108,1.980108,1.980108,1.980108,1.980108,1.980108,2.970162,1.980108,1.980108,1.980108,1.980108,1.980108,1.980108,1.980108,1.980108,1.980108,1.980108,1.980108,1.980108,1.980108,1.980108,1.980108,-30.248326,2.970162,2.970162,2.970162,2.970162,2.970162,2.970162,2.970162,2.970162,2.970162,2.970162,2.970162,2.970162,2.970162,2.970162,2.970162,2.970162,1.980108,1.980108,1.980108,1.980108,1.980108,1.980108,1.980108,1.980108,1.980108,1.980108,1.980108,1.980108,1.980108,1.980108,1.980108,2.970162,1.980108,1.980108,1.980108,1.980108,1.980108,1.980108,1.980108,1.980108,1.980108,1.980108,1.980108,1.980108,1.980108,1.980108,1.980108,2.970162,1.980108,1.980108,1.980108,1.980108,1.980108,1.980108,1.980108,1.980108,1.980108,1.980108,1.980108,1.980108,1.980108,1.980108,1.980108,2.970162,1.980108,1.980108,1.980108,1.980108,1.980108,1.980108,1.980108,1.980108,1.980108,1.980108,1.980108,1.980108,1.980108,1.980108,1.980108,2.970162,1.980108,1.980108,1.980108,1.980108,1.980108,1.980108,1.980108,1.980108,1.980108,1.980108,1.980108,1.980108,1.980108,1.980108,1.980108,2.970162,1.980108,1.980108,1.980108,1.980108,1.980108,1.980108,1.980108,1.980108,1.980108,1.980108,1.980108,1.980108,1.980108,1.980108,1.980108,2.970162,1.980108,1.980108,1.980108,1.980108,1.980108,1.980108,1.980108,1.980108,1.980108,1.980108,1.980108,1.980108,1.980108,1.980108,1.980108,2.970162,1.980108,1.980108,1.980108,1.980108,1.980108,1.980108,1.980108,1.980108,1.980108,1.980108,1.980108,1.980108,1.980108,1.980108,1.980108,2.970162,1.980108,1.980108,1.980108,1.980108,1.980108,1.980108,1.980108,1.980108,1.980108,1.980108,1.980108,1.980108,1.980108,1.980108,1.980108,2.970162,1.980108,1.980108,1.980108,1.980108,1.980108,1.980108,1.980108,1.980108,1.980108,1.980108,1.980108,1.980108,1.980108,1.980108,1.980108,2.970162,1.980108,1.980108,1.980108,1.980108,1.980108,1.980108,1.980108,1.980108,1.980108,1.980108,1.980108,1.980108,1.980108,1.980108,1.980108,2.970162,1.980108,1.980108,1.980108,1.980108,1.980108,1.980108,1.980108,1.980108,1.980108,1.980108,1.980108,1.980108,1.980108,1.980108,1.980108,2.970162,1.980108,1.980108,1.980108,1.980108,1.980108,1.980108,1.980108,1.980108,1.980108,1.980108,1.980108,1.980108,1.980108,1.980108,1.980108,2.970162,1.980108,1.980108,1.980108,1.980108,1.980108,1.980108,1.980108,1.980108,1.980108,1.980108,1.980108,1.980108,1.980108,1.980108,1.980108,2.970162,1.980108,1.980108,1.980108,1.980108,1.980108,1.980108,1.980108,1.980108,1.980108,1.980108,1.980108,1.980108,1.980108,1.980108,1.980108,2.970162,1.980108,1.980108,1.980108,1.980108,1.980108,1.980108,1.980108,1.980108,1.980108,1.980108,1.980108,1.980108,1.980108,1.980108,1.980108
1.980108,2.970162,1.980108,1.980108,1.980108,1.980108,1.980108,1.980108,1.980108,1.980108,1.980108,1.980108,1.980108,1.980108,1.980108,1.980108,1.980108,2.970162,1.980108,1.980108,1.980108,1.980108,1.980108,1.980108,1.980108,1.980108,1.980108,1.980108,1.980108,1.980108,1.980108,1.980108,1.980108,2.970162,1.980108,1.980108,1.980108,1.980108,1.980108,1.980108,1.980108,1.980108,1.980108,1.980108,1.980108,1.980108,1.980108,1.980108,2.970162,-29.886470,2.970162,2.970162,2.970162,2.970162,2.970162,2.970162,2.970162,2.970162,2.970162,2.970162,2.970162,2.970162,2.970162,2.970162,1.980108,2.970162,1.980108,1.980108,1.980108,1.980108,1.980108,1.980108,1.980108,1.980108,1.980108,1.980108,1.980108,1.980108,1.980108,1.980108,1.980108,2.970162,1.980108,1.980108,1.980108,1.980108,1.980108,1.980108,1.980108,1.980108,1.980108,1.980108,1.980108,1.980108,1.980108,1.980108,1.980108,2.970162,1.980108,1.980108,1.980108,1.980108,1.980108,1.980108,1.980108,1.980108,1.980108,1.980108,1.980108,1.980108,1.980108,1.980108,1.980108,2.970162,1.980108,1.980108,1.980108,1.980108,1.980108,1.980108,1.980108,1.980108,1.980108,1.980108,1.980108,1.980108,1.980108,1.980108,1.980108,2.970162,1.980108,1.980108,1.980108,1.980108,1.980108,1.980108,1.980108,1.980108,1.980108,1.980108,1.980108,1.980108,1.980108,1.980108,1.980108,2.970162,1.980108,1.980108,1.980108,1.980108,1.980108,1.980108,1.980108,1.980108,1.980108,1.980108,1.980108,1.980108,1.980108,1.980108,1.980108,2.970162,1.980108,1.980108,1.980108,1.980108,1.980108,1.980108,1.980108,1.980108,1.980108,1.980108,1.980108,1.980108,1.980108,1.980108,1.980108,2.970162,1.980108,1.980108,1.980108,1.980108,1.980108,1.980108,1.980108,1.980108,1.980108,1.980108,1.980108,1.980108,1.980108,1.980108,1.980108,2.970162,1.980108,1.980108,1.980108,1.980108,1.980108,1.980108,1.980108,1.980108,1.980108,1.980108,1.980108,1.980108,1.980108,1.980108,1.980108,2.970162,1.980108,1.980108,1.980108,1.980108,1.980108,1.980108,1.980108,1.980108,1.980108,1.980108,1.980108,1.980108,1.980108,1.980108,1.980108,2.970162,1.980108,1.980108,1.980108,1.980108,1.980108,1.980108,1.980108,1.980108,1.980108,1.980108,1.980108,1.980108,1.980108,1.980108,1.980108,2.970162,1.980108,1.980108,1.980108,1.980108,1.980108,1.980108,1.980108,1.980108,1.980108,1.980108,1.980108,1.980108,1.980108,1.980108,1.980108,2.970162,1.980108,1.980108,1.980108,1.980108,1.980108,1.980108,1.980108,1.980108,1.980108,1.980108,1.980108,1.980108,1.980108,1.980108,1.980108,2.970162,1.980108,1.980108,1.980108,1.980108,1.980108,1.980108,1.980108,1.980108,1.980108,1.980108,1.980108,1.980108,1.980108,1.980108,1.980108,2.970162,1.980108,1.980108,1.980108,1.980108,1.980108,1.980108,1.980108,1.980108,1.980108,1.980108,1.980108,1.980108,1.980108,1.980108,1.980108,2.970162,1.980108,1.980108,1.980108,1.980108,1.980108,1.980108,1.980108,1.980108,1.980108,1.980108,1.980108,1.980108,1.980108,1.980108
1.980108,1.980108,2.970162,1.980108,1.980108,1.980108,1.980108,1.980108,1.980108,1.980108,1.980108,1.980108,1.980108,1.980108,1.980108,1.980108,1.980108,1.980108,2.970162,1.980108,1.980108,1.980108,1.980108,1.980108,1.980108,1.980108,1.980108,1.980108,1.980108,1.980108,1.980108,1.980108,1.980108,1.980108,2.970162,1.980108,1.980108,1.980108,1.980108,1.980108,1.980108,1.980108,1.980108,1.980108,1.980108,1.980108,1.980108,1.980108,2.970162,2.970162,-30.671200,2.970162,2.970162,2.970162,2.970162,2.970162,2.970162,2.970162,2.970162,2.970162,2.970162,2.970162,2.970162,2.970162,1.980108,1.980108,2.970162,1.980108,1.980108,1.980108,1.980108,1.980108,1.980108,1.980108,1.980108,1.980108,1.980108,1.980108,1.980108,1.980108,1.980108,1.980108,2.970162,1.980108,1.980108,1.980108,1.980108,1.980108,1.980108,1.980108,1.980108,1.980108,1.980108,1.980108,1.980108,1.980108,1.980108,1.980108,2.970162,1.980108,1.980108,1.980108,1.980108,1.980108,1.980108,1.980108,1.980108,1.980108,1.980108,1.980108,1.980108,1.980108,1.980108,1.980108,2.970162,1.980108,1.980108,1.980108,1.980108,1.980108,1.980108,1.980108,1.980108,1.980108,1.980108,1.980108,1.980108,1.980108,1.980108,1.980108,2.970162,1.980108,1.980108,1.980108,1.980108,1.980108,1.980108,1.980108,1.980108,1.980108,1.980108,1.980108,1.980108,1.980108,1.980108,1.980108,2.970162,1.980108,1.980108,1.980108,1.980108,1.980108,1.980108,1.980108,1.980108,1.980108,1.980108,1.980108,1.980108,1.980108,1.980108,1.980108,2.970162,1.980108,1.980108,1.980108,1.980108,1.980108,1.980108,1.980108,1.980108,1.980108,1.980108,1.980108,1.980108,1.980108,1.980108,1.980108,2.970162,1.980108,1.980108,1.980108,1.980108,1.980108,1.980108,1.980108,1.980108,1.980108,1.980108,1.980108,1.980108,1.980108,1.980108,1.980108,2.970162,1.980108,1.980108,1.980108,1.980108,1.980108,1.980108,1.980108,1.980108,1.980108,1.980108,1.980108,1.980108,1.980108,1.980108,1.980108,2.970162,1.980108,1.980108,1.980108,1.980108,1.980108,1.980108,1.980108,1.980108,1.980108,1.980108,1.980108,1.980108,1.980108,1.980108,1.980108,2.970162,1.980108,1.980108,1.980108,1.980108,1.980108,1.980108,1.980108,1.980108,1.980108,1.980108,1.980108,1.980108,1.980108,1.980108,1.980108,2.970162,1.980108,1.980108,1.980108,1.980108,1.980108,1.980108,1.980108,1.980108,1.980108,1.980108,1.980108,1.980108,1.980108,1.980108,1.980108,2.970162,1.980108,1.980108,1.980108,1.980108,1.980108,1.980108,1.980108,1.980108,1.980108,1.980108,1.980108,1.980108,1.980108,1.980108,1.980108,2.970162,1.980108,1.980108,1.980108,1.980108,1.980108,1.980108,1.980108,1.980108,1.980108,1.980108,1.980108,1.980108,1.980108,1.980108,1.980108,2.970162,1.980108,1.980108,1.980108,1.980108,1.980108,1.980108,1.980108,1.980108,1.980108,1.980108,1.980108,1.980108,1.980108,1.980108,1.980108,2.970162,1.980108,1.980108,1.980108,1.980108,1.980108,1.980108,1.980108,1.980108,1.980108,1.980108,1.980108,1.980108,1.980108
1.980108,1.980108,1.980108,2.970162,1.980108,1.980108,1.980108,1.980108,1.980108,1.980108,1.980108,1.980108,1.980108,1.980108,1.980108,1.980108,1.980108,1.980108,1.980108,2.970162,1.980108,1.980108,1.980108,1.980108,1.980108,1.980108,1.980108,1.980108,1.980108,1.980108,1.980108,1.980108,1.980108,1.980108,1.980108,2.970162,1.980108,1.980108,1.980108,1.980108,1.980108,1.980108,1.980108,1.980108,1.980108,1.980108,1.980108,1.980108,2.970162,2.970162,2.970162,-30.476748,2.970162,2.970162,2.970162,2.970162,2.970162,2.970162,2.970162,2.970162,2.970162,2.970162,2.970162,2.970162,1.980108,1.980108,1.980108,2.970162,1.980108,1.980108,1.980108,1.980108,1.980108,1.980108,1.980108,1.980108,1.980108,1.980108,1.980108,1.980108,1.980108,1.980108,1.980108,2.970162,1.980108,1.980108,1.980108,1.980108,1.980108,1.980108,1.980108,1.980108,1.980108,1.980108,1.980108,1.980108,1.980108,1.980108,1.980108,2.970162,1.980108,1.980108,1.980108,1.980108,1.980108,1.980108,1.980108,1.980108,1.980108,1.980108,1.980108,1.980108,1.980108,1.980108,1.980108,2.970162,1.980108,1.980108,1.980108,1.980108,1.980108,1.980108,1.980108,1.980108,1.980108,1.980108,1.980108,1.980108,1.980108,1.980108,1.980108,2.970162,1.980108,1.980108,1.980108,1.980108,1.980108,1.980108,1.980108,1.980108,1.980108,1.980108,1.980108,1.980108,1.980108,1.980108,1.980108,2.970162,1.980108,1.980108,1.980108,1.980108,1.980108,1.980108,1.980108,1.980108,1.980108,1.980108,1.980108,1.980108,1.980108,1.980108,1.980108,2.970162,1.980108,1.980108,1.980108,1.980108,1.980108,1.980108,1.980108,1.980108,1.980108,1.980108,1.980108,1.980108,1.980108,1.980108,1.980108,2.970162,1.980108,1.980108,1.980108,1.980108,1.980108,1.980108,1.980108,1.980108,1.980108,1.980108,1.980108,1.980108,1.980108,1.980108,1.980108,2.970162,1.980108,1.980108,1.980108,1.980108,1.980108,1.980108,1.980108,1.980108,1.980108,1.980108,1.980108,1.980108,1.980108,1.980108,1.980108,2.970162,1.980108,1.980108,1.980108,1.980108,1.980108,1.980108,1.980108,1.980108,1.980108,1.980108,1.980108,1.980108,1.980108,1.980108,1.980108,2.970162,1.980108,1.980108,1.980108,1.980108,1.980108,1.980108,1.980108,1.980108,1.980108,1.980108,1.980108,1.980108,1.980108,1.980108,1.980108,2.970162,1.980108,1.980108,1.980108,1.980108,1.980108,1.980108,1.980108,1.980108,1.980108,1.980108,1.980108,1.980108,1.980108,1.980108,1.980108,2.970162,1.980108,1.980108,1.980108,1.980108,1.980108,1.980108,1.980108,1.980108,1.980108,1.980108,1.980108,1.980108,1.980108,1.980108,1.980108,2.970162,1.980108,1.980108,1.980108,1.980108,1.980108,1.980108,1.980108,1.980108,1.980108,1.980108,1.980108,1.980108,1.980108,1.980108,1.980108,2.970162,1.980108,1.980108,1.980108,1.980108,1.980108,1.980108,1.980108,1.980108,1.980108,1.980108,1.980108,1.980108,1.980108,1.980108,1.980108,2.970162,1.980108,1.980108,1.980108,1.980108,1.980108,1.980108,1.980108,1.980108,1.980108,1.980108,1.980108,1.980108
1.980108,1.980108,1.980108,1.980108,2.970162,1.980108,1.980108,1.980108,1.980108,1.980108,1.980108,1.980108,1.980108,1.980108,1.980108,1.980108,1.980108,1.980108,1.980108,1.980108,2.970162,1.980108,1.980108,1.980108,1.980108,1.980108,1.980108,1.980108,1.980108,1.980108,1.980108,1.980108,1.980108,1.980108,1.980108,1.980108,2.970162,1.980108,1.980108,1.980108,1.980108,1.980108,1.980108,1.980108,1.980108,1.980108,1.980108,1.980108,2.970162,2.970162,2.970162,2.970162,-30.641114,2.970162,2.970162,2.970162,2.970162,2.970162,2.970162,2.970162,2.970162,2.970162,2.970162,2.970162,1.980108,1.980108,1.980108,1.980108,2.970162,1.980108,1.980108,1.980108,1.980108,1.980108,1.980108,1.980108,1.980108,1.980108,1.980108,1.980108,1.980108,1.980108,1.980108,1.980108,2.970162,1.980108,1.980108,1.980108,1.980108,1.980108,1.980108,1.980108,1.980108,1.980108,1.980108,1.980108,1.980108,1.980108,1.980108,1.980108,2.970162,1.980108,1.980108,1.980108,1.980108,1.980108,1.980108,1.980108,1.980108,1.980108,1.980108,1.980108,1.980108,1.980108,1.980108,1.980108,2.970162,1.980108,1.980108,1.980108,1.980108,1.980108,1.980108,1.980108,1.980108,1.980108,1.980108,1.980108,1.980108,1.980108,1.980108,1.980108,2.970162,1.980108,1.980108,1.980108,1.980108,1.980108,1.980108,1.980108,1.980108,1.980108,1.980108,1.980108,1.980108,1.980108,1.980108,1.980108,2.970162,1.980108,1.980108,1.980108,1.980108,1.980108,1.980108,1.980108,1.980108,1.980108,1.980108,1.980108,1.980108,1.980108,1.980108,1.980108,2.970162,1.980108,1.980108,1.980108,1.980108,1.980108,1.980108,1.980108,1.980108,1.980108,1.980108,1.980108,1.980108,1.980108,1.980108,1.980108,2.970162,1.980108,1.980108,1.980108,1.980108,1.980108,1.980108,1.980108,1.980108,1.980108,1.980108,1.980108,1.980108,1.980108,1.980108,1.980108,2.970162,1.980108,1.980108,1.980108,1.980108,1.980108,1.980108,1.980108,1.980108,1.980108,1.980108,1.980108,1.980108,1.980108,1.980108,1.980108,2.970162,1.980108,1.980108,1.980108,1.980108,1.980108,1.980108,1.980108,1.980108,1.980108,1.980108,1.980108,1.980108,1.980108,1.980108,1.980108,2.970162,1.980108,1.980108,1.980108,1.980108,1.980108,1.980108,1.980108,1.980108,1.980108,1.980108,1.980108,1.980108,1.980108,1.980108,1.980108,2.970162,1.980108,1.980108,1.980108,1.980108,1.980108,1.980108,1.980108,1.980108,1.980108,1.980108,1.980108,1.980108,1.980108,1.980108,1.980108,2.970162,1.980108,1.980108,1.980108,1.980108,1.980108,1.980108,1.980108,1.980108,1.980108,1.980108,1.980108,1.980108,1.980108,1.980108,1.980108,2.970162,1.980108,1.980108,1.980108,1.980108,1.980108,1.980108,1.980108,1.980108,1.980108,1.980108,1.980108,1.980108,1.980108,1.980108,1.980108,2.970162,1.980108,1.980108,1.980108,1.980108,1.980108,1.980108,1.980108,1.980108,1.980108,1.980108,1.980108,1.980108,1.980108,1.980108,1.980108,2.970162,1.980108,1.980108,1.980108,1.980108,1.980108,1.980108,1.980108,1.980108,1.980108,1.980108,1.980108
1.980108,1.980108,1.980108,1.980108,1.980108,2.970162,1.980108,1.980108,1.980108,1.980108,1.980108,1.980108,1.980108,1.980108,1.980108,1.980108,1.980108,1.980108,1.980108,1.980108,1.980108,2.970162,1.980108,1.980108,1.980108,1.980108,1.980108,1.980108,1.980108,1.980108,1.980108,1.980108,1.980108,1.980108,1.980108,1.980108,1.980108,2.970162,1.980108,1.980108,1.980108,1.980108,1.980108,1.980108,1.980108,1.980108,1.980108,1.980108,2.970162,2.970162,2.970162,2.970162,2.970162,-30.596443,2.970162,2.970162,2.970162,2.970162,2.970162,2.970162,2.970162,2.970162,2.970162,2.970162,1.980108,1.980108,1.980108,1.980108,1.980108,2.970162,1.980108,1.980108,1.980108,1.980108,1.980108,1.980108,1.980108,1.980108,1.980108,1.980108,1.980108,1.980108,1.980108,1.980108,1.980108,2.970162,1.980108,1.980108,1.980108,1.980108,1.980108,1.980108,1.980108,1.980108,1.980108,1.980108,1.980108,1.980108,1.980108,1.980108,1.980108,2.970162,1.980108,1.980108,1.980108,1.980108,1.980108,1.980108,1.980108,1.980108,1.980108,1.980108,1.980108,1.980108,1.980108,1.980108,1.980108,2.970162,1.980108,1.980108,1.980108,1.980108,1.980108,1.980108,1.980108,1.980108,1.980108,1.980108,1.980108,1.980108,1.980108,1.980108,1.980108,2.970162,1.980108,1.980108,1.980108,1.980108,1.980108,1.980108,1.980108,1.980108,1.980108,1.980108,1.980108,1.980108,1.980108,1.980108,1.980108,2.970162,1.980108,1.980108,1.980108,1.980108,1.980108,1.980108,1.980108,1.980108,1.980108,1.980108,1.980108,1.980108,1.980108,1.980108,1.980108,2.970162,1.980108,1.980108,1.980108,1.980108,1.980108,1.980108,1.980108,1.980108,1.980108,1.980108,1.980108,1.980108,1.980108,1.980108,1.980108,2.970162,1.980108,1.980108,1.980108,1.980108,1.980108,1.980108,1.980108,1.980108,1.980108,1.980108,1.980108,1.980108,1.980108,1.980108,1.980108,2.970162,1.980108,1.980108,1.980108,1.980108,1.980108,1.980108,1.980108,1.980108,1.980108,1.980108,1.980108,1.980108,1.980108,1.980108,1.980108,2.970162,1.980108,1.980108,1.980108,1.980108,1.980108,1.980108,1.980108,1.980108,1.980108,1.980108,1.980108,1.980108,1.980108,1.980108,1.980108,2.970162,1.980108,1.980108,1.980108,1.980108,1.980108,1.980108,1.980108,1.980108,1.980108,1.980108,1.980108,1.980108,1.980108,1.980108,1.980108,2.970162,1.980108,1.980108,1.980108,1.980108,1.980108,1.980108,1.980108,1.980108,1.980108,1.980108,1.980108,1.980108,1.980108,1.980108,1.980108,2.970162,1.980108,1.980108,1.980108,1.980108,1.980108,1.980108,1.980108,1.980108,1.980108,1.980108,1.980108,1.980108,1.980108,1.980108,1.980108,2.970162,1.980108,1.980108,1.980108,1.980108,1.980108,1.980108,1.980108,1.980108,1.980108,1.980108,1.980108,1.980108,1.980108,1.980108,1.980108,2.970162,1.980108,1.980108,1.980108,1.980108,1.980108,1.980108,1.980108,1.980108,1.980108,1.980108,1.980108,1.980108,1.980108,1.980108,1.980108,2.970162,1.980108,1.980108,1.980108,1.980108,1.980108,1.980108,1.980108,1.980108,1.980108,1.980108
1.980108,1.980108,1.980108,1.980108,1.980108,1.980108,2.970162,1.980108,1.980108,1.980108,1.980108,1.980108,1.980108,1.980108,1.980108,1.980108,1.980108,1.980108,1.980108,1.980108,1.980108,1.980108,2.970162,1.980108,1.980108,1.980108,1.980108,1.980108,1.980108,1.980108,1.980108,1.980108,1.980108,1.980108,1.980108,1.980108,1.980108,1.980108,2.970162,1.980108,1.980108,1.980108,1.980108,1.980108,1.980108,1.980108,1.980108,1.980108,2.970162,2.970162,2.970162,2.970162,2.970162,2.970162,-30.299515,2.970162,2.970162,2.970162,2.970162,2.970162,2.970162,2.970162,2.970162,2.970162,1.980108,1.980108,1.980108,1.980108,1.980108,1.980108,2.970162,1.980108,1.980108,1.980108,1.980108,1.980108,1.980108,1.980108,1.980108,1.980108,1.980108,1.980108,1.980108,1.980108,1.980108,1.980108,2.970162,1.980108,1.980108,1.980108,1.980108,1.980108,1.980108,1.980108,1.980108,1.980108,1.980108,1.980108,1.980108,1.980108,1.980108,1.980108,2.970162,1.980108,1.980108,1.980108,1.980108,1.980108,1.980108,1.980108,1.980108,1.980108,1.980108,1.980108,1.980108,1.980108,1.980108,1.980108,2.970162,1.980108,1.980108,1.980108,1.980108,1.980108,1.980108,1.980108,1.980108,1.980108,1.980108,1.980108,1.980108,1.980108,1.980108,1.980108,2.970162,1.980108,1.980108,1.980108,1.980108,1.980108,1.980108,1.980108,1.980108,1.980108,1.980108,1.980108,1.980108,1.980108,1.980108,1.980108,2.970162,1.980108,1.980108,1.980108,1.980108,1.980108,1.980108,1.980108,1.980108,1.980108,1.980108,1.980108,1.980108,1.980108,1.980108,1.980108,2.970162,1.980108,1.980108,1.980108,1.980108,1.980108,1.980108,1.980108,1.980108,1.980108,1.980108,1.980108,1.980108,1.980108,1.980108,1.980108,2.970162,1.980108,1.980108,1.980108,1.980108,1.980108,1.980108,1.980108,1.980108,1.980108,1.980108,1.980108,1.980108,1.980108,1.980108,1.980108,2.970162,1.980108,1.980108,1.980108,1.980108,1.980108,1.980108,1.980108,1.980108,1.980108,1.980108,1.980108,1.980108,1.980108,1.980108,1.980108,2.970162,1.980108,1.980108,1.980108,1.980108,1.980108,1.980108,1.980108,1.980108,1.980108,1.980108,1.980108,1.980108,1.980108,1.980108,1.980108,2.970162,1.980108,1.980108,1.980108,1.980108,1.980108,1.980108,1.980108,1.980108,1.980108,1.980108,1.980108,1.980108,1.980108,1.980108,1.980108,2.970162,1.980108,1.980108,1.980108,1.980108,1.980108,1.980108,1.980108,1.980108,1.980108,1.980108,1.980108,1.980108,1.980108,1.980108,1.980108,2.970162,1.980108,1.980108,1.980108,1.980108,1.980108,1.980108,1.980108,1.980108,1.980108,1.980108,1.980108,1.980108,1.980108,1.980108,1.980108,2.970162,1.980108,1.980108,1.980108,1.980108,1.980108,1.980108,1.980108,1.980108,1.980108,1.980108,1.980108,1.980108,1.980108,1.980108,1.980108,2.970162,1.980108,1.980108,1.980108,1.980108,1.980108,1.980108,1.980108,1.980108,1.980108,1.980108,1.980108,1.980108,1.980108,1.980108,1.980108,2.970162,1.980108,1.980108,1.980108,1.980108,1.980108,1.980108,1.980108,1.980108,1.980108
1.980108,1.980108,1.980108,1.980108,1.980108,1.980108,1.980108,2.970162,1.980108,1.980108,1.980108,1.980108,1.980108,1.980108,1.980108,1.980108,1.980108,1.980108,1.980108,1.980108,1.980108,1.980108,1.980108,2.970162,1.980108,1.980108,1.980108,1.980108,1.980108,1.980108,1.980108,1.980108,1.980108,1.980108,1.980108,1.980108,1.980108,1.980108,1.980108,2.970162,1.980108,1.980108,1.980108,1.980108,1.980108,1.980108,1.980108,1.980108,2.970162,2.970162,2.970162,2.970162,2.970162,2.970162,2.970162,-30.623490,2.970162,2.970162,2.970162,2.970162,2.970162,2.970162,2.970162,2.970162,1.980108,1.980108,1.980108,1.980108,1.980108,1.980108,1.980108,2.970162,1.980108,1.980108,1.980108,1.980108,1.980108,1.980108,1.980108,1.980108,1.980108,1.980108,1.980108,1.980108,1.980108,1.980108,1.980108,2.970162,1.980108,1.980108,1.980108,1.980108,1.980108,1.980108,1.980108,1.980108,1.980108,1.980108,1.980108,1.980108,1.980108,1.980108,1.980108,2.970162,1.980108,1.980108,1.980108,1.980108,1.980108,1.980108,1.980108,1.980108,1.980108,1.980108,1.980108,1.980108,1.980108,1.980108,1.980108,2.970162,1.980108,1.980108,1.980108,1.980108,1.980108,1.980108,1.980108,1.980108,1.980108,1.980108,1.980108,1.980108,1.980108,1.980108,1.980108,2.970162,1.980108,1.980108,1.980108,1.980108,1.980108,1.980108,1.980108,1.980108,1.980108,1.980108,1.980108,1.980108,1.980108,1.980108,1.980108,2.970162,1.980108,1.980108,1.980108,1.980108,1.980108,1.980108,1.980108,1.980108,1.980108,1.980108,1.980108,1.980108,1.980108,1.980108,1.980108,2.970162,1.980108,1.980108,1.980108,1.980108,1.980108,1.980108,1.980108,1.980108,1.980108,1.980108,1.980108,1.980108,1.980108,1.980108,1.980108,2.970162,1.980108,1.980108,1.980108,1.980108,1.980108,1.980108,1.980108,1.980108,1.980108,1.980108,1.980108,1.980108,1.980108,1.980108,1.980108,2.970162,1.980108,1.980108,1.980108,1.980108,1.980108,1.980108,1.980108,1.980108,1.980108,1.980108,1.980108,1.980108,1.980108,1.980108,1.980108,2.970162,1.980108,1.980108,1.980108,1.980108,1.980108,1.980108,1.980108,1.980108,1.980108,1.980108,1.980108,1.980108,1.980108,1.980108,1.980108,2.970162,1.980108,1.980108,1.980108,1.980108,1.980108,1.980108,1.980108,1.980108,1.980108,1.980108,1.980108,1.980108,1.980108,1.980108,1.980108,2.970162,1.980108,1.980108,1.980108,1.980108,1.980108,1.980108,1.980108,1.980108,1.980108,1.980108,1.980108,1.980108,1.980108,1.980108,1.980108,2.970162,1.980108,1.980108,1.980108,1.980108,1.980108,1.980108,1.980108,1.980108,1.980108,1.980108,1.980108,1.980108,1.980108,1.980108,1.980108,2.970162,1.980108,1.980108,1.980108,1.980108,1.980108,1.980108,1.980108,1.980108,1.980108,1.980108,1.980108,1.980108,1.980108,1.980108,1.980108,2.970162,1.980108,1.980108,1.980108,1.980108,1.980108,1.980108,1.980108,1.980108,1.980108,1.980108,1.980108,1.980108,1.980108,1.980108,1.980108,2.970162,1.980108,1.980108,1.980108,1.980108,1.980108,1.980108,1.980108,1.980108
1.980108,1.980108,1.980108,1.980108,1.980108,1.980108,1.980108,1.980108,2.970162,1.980108,1.980108,1.980108,1.980108,1.980108,1.980108,1.980108,1.980108,1.980108,1.980108,1.980108,1.980108,1.980108,1.980108,1.980108,2.970162,1.980108,1.980108,1.980108,1.980108,1.980108,1.980108,1.980108,1.980108,1.980108,1.980108,1.980108,1.980108,1.980108,1.980108,1.980108,2.970162,1.980108,1.980108,1.980108,1.980108,1.980108,1.980108,1.980108,2.970162,2.970162,2.970162,2.970162,2.970162,2.970162,2.970162,2.970162,-29.790108,2.970162,2.970162,2.970162,2.970162,2.970162,2.970162,2.970162,1.980108,1.980108,1.980108,1.980108,1.980108,1.980108,1.980108,1.980108,2.970162,1.980108,1.980108,1.980108,1.980108,1.980108,1.980108,1.980108,1.980108,1.980108,1.980108,1.980108,1.980108,1.980108,1.980108,1.980108,2.970162,1.980108,1.980108,1.980108,1.980108,1.980108,1.980108,1.980108,1.980108,1.980108,1.980108,1.980108,1.980108,1.980108,1.980108,1.980108,2.970162,1.980108,1.980108,1.980108,1.980108,1.980108,1.980108,1.980108,1.980108,1.980108,1.980108,1.980108,1.980108,1.980108,1.980108,1.980108,2.970162,1.980108,1.980108,1.980108,1.980108,1.980108,1.980108,1.980108,1.980108,1.980108,1.980108,1.980108,1.980108,1.980108,1.980108,1.980108,2.970162,1.980108,1.980108,1.980108,1.980108,1.980108,1.980108,1.980108,1.980108,1.980108,1.980108,1.980108,1.980108,1.980108,1.980108,1.980108,2.970162,1.980108,1.980108,1.980108,1.980108,1.980108,1.980108,1.980108,1.980108,1.980108,1.980108,1.980108,1.980108,1.980108,1.980108,1.980108,2.970162,1.980108,1.980108,1.980108,1.980108,1.980108,1.980108,1.980108,1.980108,1.980108,1.980108,1.980108,1.980108,1.980108,1.980108,1.980108,2.970162,1.980108,1.980108,1.980108,1.980108,1.980108,1.980108,1.980108,1.980108,1.980108,1.980108,1.980108,1.980108,1.980108,1.980108,1.980108,2.970162,1.980108,1.980108,1.980108,1.980108,1.980108,1.980108,1.980108,1.980108,1.980108,1.980108,1.980108,1.980108,1.980108,1.980108,1.980108,2.970162,1.980108,1.980108,1.980108,1.980108,1.980108,1.980108,1.980108,1.980108,1.980108,1.980108,1.980108,1.980108,1.980108,1.980108,1.980108,2.970162,1.980108,1.980108,1.980108,1.980108,1.980108,1.980108,1.980108,1.980108,1.980108,1.980108,1.980108,1.980108,1.980108,1.980108,1.980108,2.970162,1.980108,1.980108,1.980108,1.980108,1.980108,1.980108,1.980108,1.980108,1.980108,1.980108,1.980108,1.980108,1.980108,1.980108,1.980108,2.970162,1.980108,1.980108,1.980108,1.980108,1.980108,1.980108,1.980108,1.980108,1.980108,1.980108,1.980108,1.980108,1.980108,1.980108,1.980108,2.970162,1.980108,1.980108,1.980108,1.980108,1.980108,1.980108,1.980108,1.980108,1.980108,1.980108,1.980108,1.980108,1.980108,1.980108,1.980108,2.970162,1.980108,1.980108,1.980108,1.980108,1.980108,1.980108,1.980108,1.980108,1.980108,1.980108,1.980108,1.980108,1.980108,1.980108,1.980108,2.970162,1.980108,1.980108,1.980108,1.980108,1.980108,1.980108,1.980108
1.980108,1.980108,1.980108,1.980108,1.980108,1.980108,1.980108,1.980108,1.980108,2.970162,1.980108,1.980108,1.980108,1.980108,1.980108,1.980108,1.980108,1.980108,1.980108,1.980108,1.980108,1.980108,1.980108,1.980108,1.980108,2.970162,1.980108,1.980108,1.980108,1.980108,1.980108,1.980108,1.980108,1.980108,1.980108,1.980108,1.980108,1.980108,1.980108,1.980108,1.980108,2.970162,1.980108,1.980108,1.980108,1.980108,1.980108,1.980108,2.970162,2.970162,2.970162,2.970162,2.970162,2.970162,2.970162,2.970162,2.970162,-29.897598,2.970162,2.970162,2.970162,2.970162,2.970162,2.970162,1.980108,1.980108,1.980108,1.980108,1.980108,1.980108,1.980108,1.980108,1.980108,2.970162,1.980108,1.980108,1.980108,1.980108,1.980108,1.980108,1.980108,1.980108,1.980108,1.980108,1.980108,1.980108,1.980108,1.980108,1.980108,2.970162,1.980108,1.980108,1.980108,1.980108,1.980108,1.980108,1.980108,1.980108,1.980108,1.980108,1.980108,1.980108,1.980108,1.980108,1.980108,2.970162,1.980108,1.980108,1.980108,1.980108,1.980108,1.980108,1.980108,1.980108,1.980108,1.980108,1.980108,1.980108,1.980108,1.980108,1.980108,2.970162,1.980108,1.980108,1.980108,1.980108,1.980108,1.980108,1.980108,1.980108,1.980108,1.980108,1.980108,1.980108,1.980108,1.980108,1.980108,2.970162,1.980108,1.980108,1.980108,1.980108,1.980108,1.980108,1.980108,1.980108,1.980108,1.980108,1.980108,1.980108,1.980108,1.980108,1.980108,2.970162,1.980108,1.980108,1.980108,1.980108,1.980108,1.980108,1.980108,1.980108,1.980108,1.980108,1.980108,1.980108,1.980108,1.980108,1.980108,2.970162,1.980108,1.980108,1.980108,1.980108,1.980108,1.980108,1.980108,1.980108,1.980108,1.980108,1.980108,1.980108,1.980108,1.980108,1.980108,2.970162,1.980108,1.980108,1.980108,1.980108,1.980108,1.980108,1.980108,1.980108,1.980108,1.980108,1.980108,1.980108,1.980108,1.980108,1.980108,2.970162,1.980108,1.980108,1.980108,1.980108,1.980108,1.980108,1.980108,1.980108,1.980108,1.980108,1.980108,1.980108,1.980108,1.980108,1.980108,2.970162,1.980108,1.980108,1.980108,1.980108,1.980108,1.980108,1.980108,1.980108,1.980108,1.980108,1.980108,1.980108,1.980108,1.980108,1.980108,2.970162,1.980108,1.980108,1.980108,1.980108,1.980108,1.980108,1.980108,1.980108,1.980108,1.980108,1.980108,1.980108,1.980108,1.980108,1.980108,2.970162,1.980108,1.980108,1.980108,1.980108,1.980108,1.980108,1.980108,1.980108,1.980108,1.980108,1.980108,1.980108,1.980108,1.980108,1.980108,2.970162,1.980108,1.980108,1.980108,1.980108,1.980108,1.980108,1.980108,1.980108,1.980108,1.980108,1.980108,1.980108,1.980108,1.980108,1.980108,2.970162,1.980108,1.980108,1.980108,1.980108,1.980108,1.980108,1.980108,1.980108,1.980108,1.980108,1.980108,1.980108,1.980108,1.980108,1.980108,2.970162,1.980108,1.980108,1.980108,1.980108,1.980108,1.980108,1.980108,1.980108,1.980108,1.980108,1.980108,1.980108,1.980108,1.980108,1.980108,2.970162,1.980108,1.980108,1.980108,1.980108,1.980108,1.980108
1.980108,1.980108,1.980108,1.980108,1.980108,1.980108,1.980108,1.980108,1.980108,1.980108,2.970162,1.980108,1.980108,1.980108,1.980108,1.980108,1.980108,1.980108,1.980108,1.980108,1.980108,1.980108,1.980108,1.980108,1.980108,1.980108,2.970162,1.980108,1.980108,1.980108,1.980108,1.980108,1.980108,1.980108,1.980108,1.980108,1.980108,1.980108,1.980108,1.980108,1.980108,1.980108,2.970162,1.980108,1.980108,1.980108,1.980108,1.980108,2.970162,2.970162,2.970162,2.970162,2.970162,2.970162,2.970162,2.970162,2.970162,2.970162,-29.746843,2.970162,2.970162,2.970162,2.970162,2.970162,1.980108,1.980108,1.980108,1.980108,1.980108,1.980108,1.980108,1.980108,1.980108,1.980108,2.970162,1.980108,1.980108,1.980108,1.980108,1.980108,1.980108,1.980108,1.980108,1.980108,1.980108,1.980108,1.980108,1.980108,1.980108,1.980108,2.970162,1.980108,1.980108,1.980108,1.980108,1.980108,1.980108,1.980108,1.980108,1.980108,1.980108,1.980108,1.980108,1.980108,1.980108,1.980108,2.970162,1.980108,1.980108,1.980108,1.980108,1.980108,1.980108,1.980108,1.980108,1.980108,1.980108,1.980108,1.980108,1.980108,1.980108,1.980108,2.970162,1.980108,1.980108,1.980108,1.980108,1.980108,1.980108,1.980108,1.980108,1.980108,1.980108,1.980108,1.980108,1.980108,1.980108,1.980108,2.970162,1.980108,1.980108,1.980108,1.980108,1.980108,1.980108,1.980108,1.980108,1.980108,1.980108,1.980108,1.980108,1.980108,1.980108,1.980108,2.970162,1.980108,1.980108,1.980108,1.980108,1.980108,1.980108,1.980108,1.980108,1.980108,1.980108,1.980108,1.980108,1.980108,1.980108,1.980108,2.970162,1.980108,1.980108,1.980108,1.980108,1.980108,1.980108,1.980108,1.980108,1.980108,1.980108,1.980108,1.980108,1.980108,1.980108,1.980108,2.970162,1.980108,1.980108,1.980108,1.980108,1.980108,1.980108,1.980108,1.980108,1.980108,1.980108,1.980108,1.980108,1.980108,1.980108,1.980108,2.970162,1.980108,1.980108,1.980108,1.980108,1.980108,1.980108,1.980108,1.980108,1.980108,1.980108,1.980108,1.980108,1.980108,1.980108,1.980108,2.970162,1.980108,1.980108,1.980108,1.980108,1.980108,1.980108,1.980108,1.980108,1.980108,1.980108,1.980108,1.980108,1.980108,1.980108,1.980108,2.970162,1.980108,1.980108,1.980108,1.980108,1.980108,1.980108,1.980108,1.980108,1.980108,1.980108,1.980108,1.980108,1.980108,1.980108,1.980108,2.970162,1.980108,1.980108,1.980108,1.980108,1.980108,1.980108,1.980108,1.980108,1.980108,1.980108,1.980108,1.980108,1.980108,1.980108,1.980108,2.970162,1.980108,1.980108,1.980108,1.980108,1.980108,1.980108,1.980108,1.980108,1.980108,1.980108,1.980108,1.980108,1.980108,1.980108,1.980108,2.970162,1.980108,1.980108,1.980108,1.980108,1.980108,1.980108,1.980108,1.980108,1.980108,1.980108,1.980108,1.980108,1.980108,1.980108,1.980108,2.970162,1.980108,1.980108,1.980108,1.980108,1.980108,1.980108,1.980108,1.980108,1.980108,1.980108,1.980108,1.980108,1.980108,1.980108,1.980108,2.970162,1.980108,1.980108,1.980108,1.980108,1.980108
1.980108,1.980108,1.980108,1.980108,1.980108,1.980108,1.980108,1.980108,1.980108,1.980108,1.980108,2.970162,1.980108,1.980108,1.980108,1.980108,1.980108,1.980108,1.980108,1.980108,1.980108,1.980108,1.980108,1.980108,1.980108,1.980108,1.980108,2.970162,1.980108,1.980108,1.980108,1.980108,1.980108,1.980108,1.980108,1.980108,1.980108,1.980108,1.980108,1.980108,1.980108,1.980108,1.980108,2.970162,1.980108,1.980108,1.980108,1.980108,2.970162,2.970162,2.970162,2.970162,2.970162,2.970162,2.970162,2.970162,2.970162,2.970162,2.970162,-30.026946,2.970162,2.970162,2.970162,2.970162,1.980108,1.980108,1.980108,1.980108,1.980108,1.980108,1.980108,1.980108,1.980108,1.980108,1.980108,2.970162,1.980108,1.980108,1.980108,1.980108,1.980108,1.980108,1.980108,1.980108,1.980108,1.980108,1.980108,1.980108,1.980108,1.980108,1.980108,2.970162,1.980108,1.980108,1.980108,1.980108,1.980108,1.980108,1.980108,1.980108,1.980108,1.980108,1.980108,1.980108,1.980108,1.980108,1.980108,2.970162,1.980108,1.980108,1.980108,1.980108,1.980108,1.980108,1.980108,1.980108,1.980108,1.980108,1.980108,1.980108,1.980108,1.980108,1.980108,2.970162,1.980108,1.980108,1.980108,1.980108,1.980108,1.980108,1.980108,1.980108,1.980108,1.980108,1.980108,1.980108,1.980108,1.980108,1.980108,2.970162,1.980108,1.980108,1.980108,1.980108,1.980108,1.980108,1.980108,1.980108,1.980108,1.980108,1.980108,1.980108,1.980108,1.980108,1.980108,2.970162,1.980108,1.980108,1.980108,1.980108,1.980108,1.980108,1.980108,1.980108,1.980108,1.980108,1.980108,1.980108,1.980108,1.980108,1.980108,2.970162,1.980108,1.980108,1.980108,1.980108,1.980108,1.980108,1.980108,1.980108,1.980108,1.980108,1.980108,1.980108,1.980108,1.980108,1.980108,2.970162,1.980108,1.980108,1.980108,1.980108,1.980108,1.980108,1.980108,1.980108,1.980108,1.980108,1.980108,1.980108,1.980108,1.980108,1.980108,2.970162,1.980108,1.980108,1.980108,1.980108,1.980108,1.980108,1.980108,1.980108,1.980108,1.980108,1.980108,1.980108,1.980108,1.980108,1.980108,2.970162,1.980108,1.980108,1.980108,1.980108,1.980108,1.980108,1.980108,1.980108,1.980108,1.980108,1.980108,1.980108,1.980108,1.980108,1.980108,2.970162,1.980108,1.980108,1.980108,1.980108,1.980108,1.980108,1.980108,1.980108,1.980108,1.980108,1.980108,1.980108,1.980108,1.980108,1.980108,2.970162,1.980108,1.980108,1.980108,1.980108,1.980108,1.980108,1.980108,1.980108,1.980108,1.980108,1.980108,1.980108,1.980108,1.980108,1.980108,2.970162,1.980108,1.980108,1.980108,1.980108,1.980108,1.980108,1.980108,1.980108,1.980108,1.980108,1.980108,1.980108,1.980108,1.980108,1.980108,2.970162,1.980108,1.980108,1.980108,1.980108,1.980108,1.980108,1.980108,1.980108,1.980108,1.980108,1.980108,1.980108,1.980108,1.980108,1.980108,2.970162,1.980108,1.980108,1.980108,1.980108,1.980108,1.980108,1.980108,1.980108,1.980108,1.980108,1.980108,1.980108,1.980108,1.980108,1.980108,2.970162,1.980108,1.980108,1.980108,1.980108
1.980108,1.980108,1.980108,1.980108,1.980108,1.980108,1.980108,1.980108,1.980108,1.980108,1.980108,1.980108,2.970162,1.980108,1.980108,1.980108,1.980108,1.980108,1.980108,1.980108,1.980108,1.980108,1.980108,1.980108,1.980108,1.980108,1.980108,1.980108,2.970162,1.980108,1.980108,1.980108,1.980108,1.980108,1.980108,1.980108,1.980108,1.980108,1.980108,1.980108,1.980108,1.980108,1.980108,1.980108,2.970162,1.980108,1.980108,1.980108,2.970162,2.970162,2.970162,2.970162,2.970162,2.970162,2.970162,2.970162,2.970162,2.970162,2.970162,2.970162,-30.090293,2.970162,2.970162,2.970162,1.980108,1.980108,1.980108,1.980108,1.980108,1.980108,1.980108,1.980108,1.980108,1.980108,1.980108,1.980108,2.970162,1.980108,1.980108,1.980108,1.980108,1.980108,1.980108,1.980108,1.980108,1.980108,1.980108,1.980108,1.980108,1.980108,1.980108,1.980108,2.970162,1.980108,1.980108,1.980108,1.980108,1.980108,1.980108,1.980108,1.980108,1.980108,1.980108,1.980108,1.980108,1.980108,1.980108,1.980108,2.970162,1.980108,1.980108,1.980108,1.980108,1.980108,1.980108,1.980108,1.980108,1.980108,1.980108,1.980108,1.980108,1.980108,1.980108,1.980108,2.970162,1.980108,1.980108,1.980108,1.980108,1.980108,1.980108,1.980108,1.980108,1.980108,1.980108,1.980108,1.980108,1.980108,1.980108,1.980108,2.970162,1.980108,1.980108,1.980108,1.980108,1.980108,1.980108,1.980108,1.980108,1.980108,1.980108,1.980108,1.980108,1.980108,1.980108,1.980108,2.970162,1.980108,1.980108,1.980108,1.980108,1.980108,1.980108,1.980108,1.980108,1.980108,1.980108,1.980108,1.980108,1.980108,1.980108,1.980108,2.970162,1.980108,1.980108,1.980108,1.980108,1.980108,1.980108,1.980108,1.980108,1.980108,1.980108,1.980108,1.980108,1.980108,1.980108,1.980108,2.970162,1.980108,1.980108,1.980108,1.980108,1.980108,1.980108,1.980108,1.980108,1.980108,1.980108,1.980108,1.980108,1.980108,1.980108,1.980108,2.970162,1.980108,1.980108,1.980108,1.980108,1.980108,1.980108,1.980108,1.980108,1.980108,1.980108,1.980108,1.980108,1.980108,1.980108,1.980108,2.970162,1.980108,1.980108,1.980108,1.980108,1.980108,1.980108,1.980108,1.980108,1.980108,1.980108,1.980108,1.980108,1.980108,1.980108,1.980108,2.970162,1.980108,1.980108,1.980108,1.980108,1.980108,1.980108,1.980108,1.980108,1.980108,1.980108,1.980108,1.980108,1.980108,1.980108,1.980108,2.970162,1.980108,1.980108,1.980108,1.980108,1.980108,1.980108,1.980108,1.980108,1.980108,1.980108,1.980108,1.980108,1.980108,1.980108,1.980108,2.970162,1.980108,1.980108,1.980108,1.980108,1.980108,1.980108,1.980108,1.980108,1.980108,1.980108,1.980108,1.980108,1.980108,1.980108,1.980108,2.970162,1.980108,1.980108,1.980108,1.980108,1.980108,1.980108,1.980108,1.980108,1.980108,1.980108,1.980108,1.980108,1.980108,1.980108,1.980108,2.970162,1.980108,1.980108,1.980108,1.980108,1.980108,1.980108,1.980108,1.980108,1.980108,1.980108,1.980108,1.980108,1.980108,1.980108,1.980108,2.970162,1.980108,1.980108,1.980108
1.980108,1.980108,1.980108,1.980108,1.980108,1.980108,1.980108,1.980108,1.980108,1.980108,1.980108,1.980108,1.980108,2.970162,1.980108,1.980108,1.980108,1.980108,1.980108,1.980108,1.980108,1.980108,1.980108,1.980108,1.980108,1.980108,1.980108,1.980108,1.980108,2.970162,1.980108,1.980108,1.980108,1.980108,1.980108,1.980108,1.980108,1.980108,1.980108,1.980108,1.980108,1.980108,1.980108,1.980108,1.980108,2.970162,1.980108,1.980108,2.970162,2.970162,2.970162,2.970162,2.970162,2.970162,2.970162,2.970162,2.970162,2.970162,2.970162,2.970162,2.970162,-29.972965,2.970162,2.970162,1.980108,1.980108,1.980108,1.980108,1.980108,1.980108,1.980108,1.980108,1.980108,1.980108,1.980108,1.980108,1.980108,2.970162,1.980108,1.980108,1.980108,1.980108,1.980108,1.980108,1.980108,1.980108,1.980108,1.980108,1.980108,1.980108,1.980108,1.980108,1.980108,2.970162,1.980108,1.980108,1.980108,1.980108,1.980108,1.980108,1.980108,1.980108,1.980108,1.980108,1.980108,1.980108,1.980108,1.980108,1.980108,2.970162,1.980108,1.980108,1.980108,1.980108,1.980108,1.980108,1.980108,1.980108,1.980108,1.980108,1.980108,1.980108,1.980108,1.980108,1.980108,2.970162,1.980108,1.980108,1.980108,1.980108,1.980108,1.980108,1.980108,1.980108,1.980108,1.980108,1.980108,1.980108,1.980108,1.980108,1.980108,2.970162,1.980108,1.980108,1.980108,1.980108,1.980108,1.980108,1.980108,1.980108,1.980108,1.980108,1.980108,1.980108,1.980108,1.980108,1.980108,2.970162,1.980108,1.980108,1.980108,1.980108,1.980108,1.980108,1.980108,1.980108,1.980108,1.980108,1.980108,1.980108,1.980108,1.980108,1.980108,2.970162,1.980108,1.980108,1.980108,1.980108,1.980108,1.980108,1.980108,1.980108,1.980108,1.980108,1.980108,1.980108,1.980108,1.980108,1.980108,2.970162,1.980108,1.980108,1.980108,1.980108,1.980108,1.980108,1.980108,1.980108,1.980108,1.980108,1.980108,1.980108,1.980108,1.980108,1.980108,2.970162,1.980108,1.980108,1.980108,1.980108,1.980108,1.980108,1.980108,1.980108,1.980108,1.980108,1.980108,1.980108,1.980108,1.980108,1.980108,2.970162,1.980108,1.980108,1.980108,1.980108,1.980108,1.980108,1.980108,1.980108,1.980108,1.980108,1.980108,1.980108,1.980108,1.980108,1.980108,2.970162,1.980108,1.980108,1.980108,1.980108,1.980108,1.980108,1.980108,1.980108,1.980108,1.980108,1.980108,1.980108,1.980108,1.980108,1.980108,2.970162,1.980108,1.980108,1.980108,1.980108,1.980108,1.980108,1.980108,1.980108,1.980108,1.980108,1.980108,1.980108,1.980108,1.980108,1.980108,2.970162,1.980108,1.980108,1.980108,1.980108,1.980108,1.980108,1.980108,1.980108,1.980108,1.980108,1.980108,1.980108,1.980108,1.980108,1.980108,2.970162,1.980108,1.980108,1.980108,1.980108,1.980108,1.980108,1.980108,1.980108,1.980108,1.980108,1.980108,1.980108,1.980108,1.980108,1.980108,2.970162,1.980108,1.980108,1.980108,1.980108,1.980108,1.980108,1.980108,1.980108,1.980108,1.980108,1.980108,1.980108,1.980108,1.980108,1.980108,2.970162,1.980108,1.980108
1.980108,1.980108,1.980108,1.980108,1.980108,1.980108,1.980108,1.980108,1.980108,1.980108,1.980108,1.980108,1.980108,1.980108,2.970162,1.980108,1.980108,1.980108,1.980108,1.980108,1.980108,1.980108,1.980108,1.980108,1.980108,1.980108,1.980108,1.980108,1.980108,1.980108,2.970162,1.980108,1.980108,1.980108,1.980108,1.980108,1.980108,1.980108,1.980108,1.980108,1.980108,1.980108,1.980108,1.980108,1.980108,1.980108,2.970162,1.980108,2.970162,2.970162,2.970162,2.970162,2.970162,2.970162,2.970162,2.970162,2.970162,2.970162,2.970162,2.970162,2.970162,2.970162,-30.530353,2.970162,1.980108,1.980108,1.980108,1.980108,1.980108,1.980108,1.980108,1.980108,1.980108,1.980108,1.980108,1.980108,1.980108,1.980108,2.970162,1.980108,1.980108,1.980108,1.980108,1.980108,1.980108,1.980108,1.980108,1.980108,1.980108,1.980108,1.980108,1.980108,1.980108,1.980108,2.970162,1.980108,1.980108,1.980108,1.980108,1.980108,1.980108,1.980108,1.980108,1.980108,1.980108,1.980108,1.980108,1.980108,1.980108,1.980108,2.970162,1.980108,1.980108,1.980108,1.980108,1.980108,1.980108,1.980108,1.980108,1.980108,1.980108,1.980108,1.980108,1.980108,1.980108,1.980108,2.970162,1.980108,1.980108,1.980108,1.980108,1.980108,1.980108,1.980108,1.980108,1.980108,1.980108,1.980108,1.980108,1.980108,1.980108,1.980108,2.970162,1.980108,1.980108,1.980108,1.980108,1.980108,1.980108,1.980108,1.980108,1.980108,1.980108,1.980108,1.980108,1.980108,1.980108,1.980108,2.970162,1.980108,1.980108,1.980108,1.980108,1.980108,1.980108,1.980108,1.980108,1.980108,1.980108,1.980108,1.980108,1.980108,1.980108,1.980108,2.970162,1.980108,1.980108,1.980108,1.980108,1.980108,1.980108,1.980108,1.980108,1.980108,1.980108,1.980108,1.980108,1.980108,1.980108,1.980108,2.970162,1.980108,1.980108,1.980108,1.980108,1.980108,1.980108,1.980108,1.980108,1.980108,1.980108,1.980108,1.980108,1.980108,1.980108,1.980108,2.970162,1.980108,1.980108,1.980108,1.980108,1.980108,1.980108,1.980108,1.980108,1.980108,1.980108,1.980108,1.980108,1.980108,1.980108,1.980108,2.970162,1.980108,1.980108,1.980108,1.980108,1.980108,1.980108,1.980108,1.980108,1.980108,1.980108,1.980108,1.980108,1.980108,1.980108,1.980108,2.970162,1.980108,1.980108,1.980108,1.980108,1.980108,1.980108,1.980108,1.980108,1.980108,1.980108,1.980108,1.980108,1.980108,1.980108,1.980108,2.970162,1.980108,1.980108,1.980108,1.980108,1.980108,1.980108,1.980108,1.980108,1.980108,1.980108,1.980108,1.980108,1.980108,1.980108,1.980108,2.970162,1.980108,1.980108,1.980108,1.980108,1.980108,1.980108,1.980108,1.980108,1.980108,1.980108,1.980108,1.980108,1.980108,1.980108,1.980108,2.970162,1.980108,1.980108,1.980108,1.980108,1.980108,1.980108,1.980108,1.980108,1.980108,1.980108,1.980108,1.980108,1.980108,1.980108,1.980108,2.970162,1.980108,1.980108,1.980108,1.980108,1.980108,1.980108,1.980108,1.980108,1.980108,1.980108,1.980108,1.980108,1.980108,1.980108,1.980108,2.970162,1.980108
1.980108,1.980108,1.980108,1.980108,1.980108,1.980108,1.980108,1.980108,1.980108,1.980108,1.980108,1.980108,1.980108,1.980108,1.980108,2.970162,1.980108,1.980108,1.980108,1.980108,1.980108,1.980108,1.980108,1.980108,1.980108,1.980108,1.980108,1.980108,1.980108,1.980108,1.980108,2.970162,1.980108,1.980108,1.980108,1.980108,1.980108,1.980108,1.980108,1.980108,1.980108,1.980108,1.980108,1.980108,1.980108,1.980108,1.980108,2.970162,2.970162,2.970162,2.970162,2.970162,2.970162,2.970162,2.970162,2.970162,2.970162,2.970162,2.970162,2.970162,2.970162,2.970162,2.970162,-30.058369,1.980108,1.980108,1.980108,1.980108,1.980108,1.980108,1.980108,1.980108,1.980108,1.980108,1.980108,1.980108,1.980108,1.980108,1.980108,2.970162,1.980108,1.980108,1.980108,1.980108,1.980108,1.980108,1.980108,1.980108,1.980108,1.980108,1.980108,1.980108,1.980108,1.980108,1.980108,2.970162,1.980108,1.980108,1.980108,1.980108,1.980108,1.980108,1.980108,1.980108,1.980108,1.980108,1.980108,1.980108,1.980108,1.980108,1.980108,2.970162,1.980108,1.980108,1.980108,1.980108,1.980108,1.980108,1.980108,1.980108,1.980108,1.980108,1.980108,1.980108,1.980108,1.980108,1.980108,2.970162,1.980108,1.980108,1.980108,1.980108,1.980108,1.980108,1.980108,1.980108,1.980108,1.980108,1.980108,1.980108,1.980108,1.980108,1.980108,2.970162,1.980108,1.980108,1.980108,1.980108,1.980108,1.980108,1.980108,1.980108,1.980108,1.980108,1.980108,1.980108,1.980108,1.980108,1.980108,2.970162,1.980108,1.980108,1.980108,1.980108,1.980108,1.980108,1.980108,1.980108,1.980108,1.980108,1.980108,1.980108,1.980108,1.980108,1.980108,2.970162,1.980108,1.980108,1.980108,1.980108,1.980108,1.980108,1.980108,1.980108,1.980108,1.980108,1.980108,1.980108,1.980108,1.980108,1.980108,2.970162,1.980108,1.980108,1.980108,1.980108,1.980108,1.980108,1.980108,1.980108,1.980108,1.980108,1.980108,1.980108,1.980108,1.980108,1.980108,2.970162,1.980108,1.980108,1.980108,1.980108,1.980108,1.980108,1.980108,1.980108,1.980108,1.980108,1.980108,1.980108,1.980108,1.980108,1.980108,2.970162,1.980108,1.980108,1.980108,1.980108,1.980108,1.980108,1.980108,1.980108,1.980108,1.980108,1.980108,1.980108,1.980108,1.980108,1.980108,2.970162,1.980108,1.980108,1.980108,1.980108,1.980108,1.980108,1.980108,1.980108,1.980108,1.980108,1.980108,1.980108,1.980108,1.980108,1.980108,2.970162,1.980108,1.980108,1.980108,1.980108,1.980108,1.980108,1.980108,1.980108,1.980108,1.980108,1.980108,1.980108,1.980108,1.980108,1.980108,2.970162,1.980108,1.980108,1.980108,1.980108,1.980108,1.980108,1.980108,1.980108,1.980108,1.980108,1.980108,1.980108,1.980108,1.980108,1.980108,2.970162,1.980108,1.980108,1.980108,1.980108,1.980108,1.980108,1.980108,1.980108,1.980108,1.980108,1.980108,1.980108,1.980108,1.980108,1.980108,2.970162,1.980108,1.980108,1.980108,1.980108,1.980108,1.980108,1.980108,1.980108,1.980108,1.980108,1.980108,1.980108,1.980108,1.980108,1.980108,2.970162
2.970162,1.980108,1.980108,1.980108,1.980108,1.980108,1.980108,1.980108,1.980108,1.980108,1.980108,1.980108,1.980108,1.980108,1.980108,1.980108,2.970162,1.980108,1.980108,1.980108,1.980108,1.980108,1.980108,1.980108,1.980108,1.980108,1.980108,1.980108,1.980108,1.980108,1.980108,1.980108,2.970162,1.980108,1.980108,1.980108,1.980108,1.980108,1.980108,1.980108,1.980108,1.980108,1.980108,1.980108,1.980108,1.980108,1.980108,1.980108,2.970162,1.980108,1.980108,1.980108,1.980108,1.980108,1.980108,1.980108,1.980108,1.980108,1.980108,1.980108,1.980108,1.980108,1.980108,1.980108,-29.982550,2.970162,2.970162,2.970162,2.970162,2.970162,2.970162,2.970162,2.970162,2.970162,2.970162,2.970162,2.970162,2.970162,2.970162,2.970162,2.970162,1.980108,1.980108,1.980108,1.980108,1.980108,1.980108,1.980108,1.980108,1.980108,1.980108,1.980108,1.980108,1.980108,1.980108,1.980108,2.970162,1.980108,1.980108,1.980108,1.980108,1.980108,1.980108,1.980108,1.980108,1.980108,1.980108,1.980108,1.980108,1.980108,1.980108,1.980108,2.970162,1.980108,1.980108,1.980108,1.980108,1.980108,1.980108,1.980108,1.980108,1.980108,1.980108,1.980108,1.980108,1.980108,1.980108,1.980108,2.970162,1.980108,1.980108,1.980108,1.980108,1.980108,1.980108,1.980108,1.980108,1.980108,1.980108,1.980108,1.980108,1.980108,1.980108,1.980108,2.970162,1.980108,1.980108,1.980108,1.980108,1.980108,1.980108,1.980108,1.980108,1.980108,1.980108,1.980108,1.980108,1.980108,1.980108,1.980108,2.970162,1.980108,1.980108,1.980108,1.980108,1.980108,1.980108,1.980108,1.980108,1.980108,1.980108,1.980108,1.980108,1.980108,1.980108,1.980108,2.970162,1.980108,1.980108,1.980108,1.980108,1.980108,1.980108,1.980108,1.980108,1.980108,1.980108,1.980108,1.980108,1.980108,1.980108,1.980108,2.970162,1.980108,1.980108,1.980108,1.980108,1.980108,1.980108,1.980108,1.980108,1.980108,1.980108,1.980108,1.980108,1.980108,1.980108,1.980108,2.970162,1.980108,1.980108,1.980108,1.980108,1.980108,1.980108,1.980108,1.980108,1.980108,1.980108,1.980108,1.980108,1.980108,1.980108,1.980108,2.970162,1.980108,1.980108,1.980108,1.980108,1.980108,1.980108,1.980108,1.980108,1.980108,1.980108,1.980108,1.980108,1.980108,1.980108,1.980108,2.970162,1.980108,1.980108,1.980108,1.980108,1.980108,1.980108,1.980108,1.980108,1.980108,1.980108,1.980108,1.980108,1.980108,1.980108,1.980108,2.970162,1.980108,1.980108,1.980108,1.980108,1.980108,1.980108,1.980108,1.980108,1.980108,1.980108,1.980108,1.980108,1.980108,1.980108,1.980108,2.970162,1.980108,1.980108,1.980108,1.980108,1.980108,1.980108,1.980108,1.980108,1.980108,1.980108,1.980108,1.980108,1.980108,1.980108,1.980108,2.970162,1.980108,1.980108,1.980108,1.980108,1.980108,1.980108,1.980108,1.980108,1.980108,1.980108,1.980108,1.980108,1.980108,1.980108,1.980108,2.970162,1.980108,1.980108,1.980108,1.980108,1.980108,1.980108,1.980108,1.980108,1.980108,1.980108,1.980108,1.980108,1.980108,1.980108,1.980108
1.980108,2.970162,1.980108,1.980108,1.980108,1.980108,1.980108,1.980108,1.980108,1.980108,1.980108,1.980108,1.980108,1.980108,1.980108,1.980108,1.980108,2.970162,1.980108,1.980108,1.980108,1.980108,1.980108,1.980108,1.980108,1.980108,1.980108,1.980108,1.980108,1.980108,1.980108,1.980108,1.980108,2.970162,1.980108,1.980108,1.980108,1.980108,1.980108,1.980108,1.980108,1.980108,1.980108,1.980108,1.980108,1.980108,1.980108,1.980108,1.980108,2.970162,1.980108,1.980108,1.980108,1.980108,1.980108,1.980108,1.980108,1.980108,1.980108,1.980108,1.980108,1.980108,1.980108,1.980108,2.970162,-30.244312,2.970162,2.970162,2.970162,2.970162,2.970162,2.970162,2.970162,2.970162,2.970162,2.970162,2.970162,2.970162,2.970162,2.970162,1.980108,2.970162,1.980108,1.980108,1.980108,1.980108,1.980108,1.980108,1.980108,1.980108,1.980108,1.980108,1.980108,1.980108,1.980108,1.980108,1.980108,2.970162,1.980108,1.980108,1.980108,1.980108,1.980108,1.980108,1.980108,1.980108,1.980108,1.980108,1.980108,1.980108,1.980108,1.980108,1.980108,2.970162,1.980108,1.980108,1.980108,1.980108,1.980108,1.980108,1.980108,1.980108,1.980108,1.980108,1.980108,1.980108,1.980108,1.980108,1.980108,2.970162,1.980108,1.980108,1.980108,1.980108,1.980108,1.980108,1.980108,1.980108,1.980108,1.980108,1.980108,1.980108,1.980108,1.980108,1.980108,2.970162,1.980108,1.980108,1.980108,1.980108,1.980108,1.980108,1.980108,1.980108,1.980108,1.980108,1.980108,1.980108,1.980108,1.980108,1.980108,2.970162,1.980108,1.980108,1.980108,1.980108,1.980108,1.980108,1.980108,1.980108,1.980108,1.980108,1.980108,1.980108,1.980108,1.980108,1.980108,2.970162,1.980108,1.980108,1.980108,1.980108,1.980108,1.980108,1.980108,1.980108,1.980108,1.980108,1.980108,1.980108,1.980108,1.980108,1.980108,2.970162,1.980108,1.980108,1.980108,1.980108,1.980108,1.980108,1.980108,1.980108,1.980108,1.980108,1.980108,1.980108,1.980108,1.980108,1.980108,2.970162,1.980108,1.980108,1.980108,1.980108,1.980108,1.980108,1.980108,1.980108,1.980108,1.980108,1.980108,1.980108,1.980108,1.980108,1.980108,2.970162,1.980108,1.980108,1.980108,1.980108,1.980108,1.980108,1.980108,1.980108,1.980108,1.980108,1.980108,1.980108,1.980108,1.980108,1.980108,2.970162,1.980108,1.980108,1.980108,1.980108,1.980108,1.980108,1.980108,1.980108,1.980108,1.980108,1.980108,1.980108,1.980108,1.980108,1.980108,2.970162,1.980108,1.980108,1.980108,1.980108,1.980108,1.980108,1.980108,1.980108,1.980108,1.980108,1.980108,1.980108,1.980108,1.980108,1.980108,2.970162,1.980108,1.980108,1.980108,1.980108,1.980108,1.980108,1.980108,1.980108,1.980108,1.980108,1.980108,1.980108,1.980108,1.980108,1.980108,2.970162,1.980108,1.980108,1.980108,1.980108,1.980108,1.980108,1.980108,1.980108,1.980108,1.980108,1.980108,1.980108,1.980108,1.980108,1.980108,2.970162,1.980108,1.980108,1.980108,1.980108,1.980108,1.980108,1.980108,1.980108,1.980108,1.980108,1.980108,1.980108,1.980108,1.980108
1.980108,1.980108,2.970162,1.980108,1.980108,1.980108,1.980108,1.980108,1.980108,1.980108,1.980108,1.980108,1.980108,1.980108,1.980108,1.980108,1.980108,1.980108,2.970162,1.980108,1.980108,1.980108,1.980108,1.980108,1.980108,1.980108,1.980108,1.980108,1.980108,1.980108,1.980108,1.980108,1.980108,1.980108,2.970162,1.980108,1.980108,1.980108,1.980108,1.980108,1.980108,1.980108,1.980108,1.980108,1.980108,1.980108,1.980108,1.980108,1.980108,1.980108,2.970162,1.980108,1.980108,1.980108,1.980108,1.980108,1.980108,1.980108,1.980108,1.980108,1.980108,1.980108,1.980108,1.980108,2.970162,2.970162,-29.842540,2.970162,2.970162,2.970162,2.970162,2.970162,2.970162,2.970162,2.970162,2.970162,2.970162,2.970162,2.970162,2.970162,1.980108,1.980108,2.970162,1.980108,1.980108,1.980108,1.980108,1.980108,1.980108,1.980108,1.980108,1.980108,1.980108,1.980108,1.980108,1.980108,1.980108,1.980108,2.970162,1.980108,1.980108,1.980108,1.980108,1.980108,1.980108,1.980108,1.980108,1.980108,1.980108,1.980108,1.980108,1.980108,1.980108,1.980108,2.970162,1.980108,1.980108,1.980108,1.980108,1.980108,1.980108,1.980108,1.980108,1.980108,1.980108,1.980108,1.980108,1.980108,1.980108,1.980108,2.970162,1.980108,1.980108,1.980108,1.980108,1.980108,1.980108,1.980108,1.980108,1.980108,1.980108,1.980108,1.980108,1.980108,1.980108,1.980108,2.970162,1.980108,1.980108,1.980108,1.980108,1.980108,1.980108,1.980108,1.980108,1.980108,1.980108,1.980108,1.980108,1.980108,1.980108,1.980108,2.970162,1.980108,1.980108,1.980108,1.980108,1.980108,1.980108,1.980108,1.980108,1.980108,1.980108,1.980108,1.980108,1.980108,1.980108,1.980108,2.970162,1.980108,1.980108,1.980108,1.980108,1.980108,1.980108,1.980108,1.980108,1.980108,1.980108,1.980108,1.980108,1.980108,1.980108,1.980108,2.970162,1.980108,1.980108,1.980108,1.980108,1.980108,1.980108,1.980108,1.980108,1.980108,1.980108,1.980108,1.980108,1.980108,1.980108,1.980108,2.970162,1.980108,1.980108,1.980108,1.980108,1.980108,1.980108,1.980108,1.980108,1.980108,1.980108,1.980108,1.980108,1.980108,1.980108,1.980108,2.970162,1.980108,1.980108,1.980108,1.980108,1.980108,1.980108,1.980108,1.980108,1.980108,1.980108,1.980108,1.980108,1.980108,1.980108,1.980108,2.970162,1.980108,1.980108,1.980108,1.980108,1.980108,1.980108,1.980108,1.980108,1.980108,1.980108,1.980108,1.980108,1.980108,1.980108,1.980108,2.970162,1.980108,1.980108,1.980108,1.980108,1.980108,1.980108,1.980108,1.980108,1.980108,1.980108,1.980108,1.980108,1.980108,1.980108,1.980108,2.970162,1.980108,1.980108,1.980108,1.980108,1.980108,1.980108,1.980108,1.980108,1.980108,1.980108,1.980108,1.980108,1.980108,1.980108,1.980108,2.970162,1.980108,1.980108,1.980108,1.980108,1.980108,1.980108,1.980108,1.980108,1.980108,1.980108,1.980108,1.980108,1.980108,1.980108,1.980108,2.970162,1.980108,1.980108,1.980108,1.980108,1.980108,1.980108,1.980108,1.980108,1.980108,1.980108,1.980108,1.980108,1.980108
1.980108,1.980108,1.980108,2.970162,1.980108,1.980108,1.980108,1.980108,1.980108,1.980108,1.980108,1.980108,1.980108,1.980108,1.980108,1.980108,1.980108,1.980108,1.980108,2.970162,1.980108,1.980108,1.980108,1.980108,1.980108,1.980108,1.980108,1.980108,1.980108,1.980108,1.980108,1.980108,1.980108,1.980108,1.980108,2.970162,1.980108,1.980108,1.980108,1.980108,1.980108,1.980108,1.980108,1.980108,1.980108,1.980108,1.980108,1.980108,1.980108,1.980108,1.980108,2.970162,1.980108,1.980108,1.980108,1.980108,1.980108,1.980108,1.980108,1.980108,1.980108,1.980108,1.980108,1.980108,2.970162,2.970162,2.970162,-30.503812,2.970162,2.970162,2.970162,2.970162,2.970162,2.970162,2.970162,2.970162,2.970162,2.970162,2.970162,2.970162,1.980108,1.980108,1.980108,2.970162,1.980108,1.980108,1.980108,1.980108,1.980108,1.980108,1.980108,1.980108,1.980108,1.980108,1.980108,1.980108,1.980108,1.980108,1.980108,2.970162,1.980108,1.980108,1.980108,1.980108,1.980108,1.980108,1.980108,1.980108,1.980108,1.980108,1.980108,1.980108,1.980108,1.980108,1.980108,2.970162,1.980108,1.980108,1.980108,1.980108,1.980108,1.980108,1.980108,1.980108,1.980108,1.980108,1.980108,1.980108,1.980108,1.980108,1.980108,2.970162,1.980108,1.980108,1.980108,1.980108,1.980108,1.980108,1.980108,1.980108,1.980108,1.980108,1.980108,1.980108,1.980108,1.980108,1.980108,2.970162,1.980108,1.980108,1.980108,1.980108,1.980108,1.980108,1.980108,1.980108,1.980108,1.980108,1.980108,1.980108,1.980108,1.980108,1.980108,2.970162,1.980108,1.980108,1.980108,1.980108,1.980108,1.980108,1.980108,1.980108,1.980108,1.980108,1.980108,1.980108,1.980108,1.980108,1.980108,2.970162,1.980108,1.980108,1.980108,1.980108,1.980108,1.980108,1.980108,1.980108,1.980108,1.980108,1.980108,1.980108,1.980108,1.980108,1.980108,2.970162,1.980108,1.980108,1.980108,1.980108,1.980108,1.980108,1.980108,1.980108,1.980108,1.980108,1.980108,1.980108,1.980108,1.980108,1.980108,2.970162,1.980108,1.980108,1.980108,1.980108,1.980108,1.980108,1.980108,1.980108,1.980108,1.980108,1.980108,1.980108,1.980108,1.980108,1.980108,2.970162,1.980108,1.980108,1.980108,1.980108,1.980108,1.980108,1.980108,1.980108,1.980108,1.980108,1.980108,1.980108,1.980108,1.980108,1.980108,2.970162,1.980108,1.980108,1.980108,1.980108,1.980108,1.980108,1.980108,1.980108,1.980108,1.980108,1.980108,1.980108,1.980108,1.980108,1.980108,2.970162,1.980108,1.980108,1.980108,1.980108,1.980108,1.980108,1.980108,1.980108,1.980108,1.980108,1.980108,1.980108,1.980108,1.980108,1.980108,2.970162,1.980108,1.980108,1.980108,1.980108,1.980108,1.980108,1.980108,1.980108,1.980108,1.980108,1.980108,1.980108,1.980108,1.980108,1.980108,2.970162,1.980108,1.980108,1.980108,1.980108,1.980108,1.980108,1.980108,1.980108,1.980108,1.980108,1.980108,1.980108,1.980108,1.980108,1.980108,2.970162,1.980108,1.980108,1.980108,1.980108,1.980108,1.980108,1.980108,1.980108,1.980108,1.980108,1.980108,1.980108
1.980108,1.980108,1.980108,1.980108,2.970162,1.980108,1.980108,1.980108,1.980108,1.980108,1.980108,1.980108,1.980108,1.980108,1.980108,1.980108,1.980108,1.980108,1.980108,1.980108,2.970162,1.980108,1.980108,1.980108,1.980108,1.980108,1.980108,1.980108,1.980108,1.980108,1.980108,1.980108,1.980108,1.980108,1.980108,1.980108,2.970162,1.980108,1.980108,1.980108,1.980108,1.980108,1.980108,1.980108,1.980108,1.980108,1.980108,1.980108,1.980108,1.980108,1.980108,1.980108,2.970162,1.980108,1.980108,1.980108,1.980108,1.980108,1.980108,1.980108,1.980108,1.980108,1.980108,1.980108,2.970162,2.970162,2.970162,2.970162,-29.776166,2.970162,2.970162,2.970162,2.970162,2.970162,2.970162,2.970162,2.970162,2.970162,2.970162,2.970162,1.980108,1.980108,1.980108,1.980108,2.970162,1.980108,1.980108,1.980108,1.980108,1.980108,1.980108,1.980108,1.980108,1.980108,1.980108,1.980108,1.980108,1.980108,1.980108,1.980108,2.970162,1.980108,1.980108,1.980108,1.980108,1.980108,1.980108,1.980108,1.980108,1.980108,1.980108,1.980108,1.980108,1.980108,1.980108,1.980108,2.970162,1.980108,1.980108,1.980108,1.980108,1.980108,1.980108,1.980108,1.980108,1.980108,1.980108,1.980108,1.980108,1.980108,1.980108,1.980108,2.970162,1.980108,1.980108,1.980108,1.980108,1.980108,1.980108,1.980108,1.980108,1.980108,1.980108,1.980108,1.980108,1.980108,1.980108,1.980108,2.970162,1.980108,1.980108,1.980108,1.980108,1.980108,1.980108,1.980108,1.980108,1.980108,1.980108,1.980108,1.980108,1.980108,1.980108,1.980108,2.970162,1.980108,1.980108,1.980108,1.980108,1.980108,1.980108,1.980108,1.980108,1.980108,1.980108,1.980108,1.980108,1.980108,1.980108,1.980108,2.970162,1.980108,1.980108,1.980108,1.980108,1.980108,1.980108,1.980108,1.980108,1.980108,1.980108,1.980108,1.980108,1.980108,1.980108,1.980108,2.970162,1.980108,1.980108,1.980108,1.980108,1.980108,1.980108,1.980108,1.980108,1.980108,1.980108,1.980108,1.980108,1.980108,1.980108,1.980108,2.970162,1.980108,1.980108,1.980108,1.980108,1.980108,1.980108,1.980108,1.980108,1.980108,1.980108,1.980108,1.980108,1.980108,1.980108,1.980108,2.970162,1.980108,1.980108,1.980108,1.980108,1.980108,1.980108,1.980108,1.980108,1.980108,1.980108,1.980108,1.980108,1.980108,1.980108,1.980108,2.970162,1.980108,1.980108,1.980108,1.980108,1.980108,1.980108,1.980108,1.980108,1.980108,1.980108,1.980108,1.980108,1.980108,1.980108,1.980108,2.970162,1.980108,1.980108,1.980108,1.980108,1.980108,1.980108,1.980108,1.980108,1.980108,1.980108,1.980108,1.980108,1.980108,1.980108,1.980108,2.970162,1.980108,1.980108,1.980108,1.980108,1.980108,1.980108,1.980108,1.980108,1.980108,1.980108,1.980108,1.980108,1.980108,1.980108,1.980108,2.970162,1.980108,1.980108,1.980108,1.980108,1.980108,1.980108,1.980108,1.980108,1.980108,1.980108,1.980108,1.980108,1.980108,1.980108,1.980108,2.970162,1.980108,1.980108,1.980108,1.980108,1.980108,1.980108,1.980108,1.980108,1.980108,1.980108,1.980108
1.980108,1.980108,1.980108,1.980108,1.980108,2.970162,1.980108,1.980108,1.980108,1.980108,1.980108,1.980108,1.980108,1.980108,1.980108,1.980108,1.980108,1.980108,1.980108,1.980108,1.980108,2.970162,1.980108,1.980108,1.980108,1.980108,1.980108,1.980108,1.980108,1.980108,1.980108,1.980108,1.980108,1.980108,1.980108,1.980108,1.980108,2.970162,1.980108,1.980108,1.980108,1.980108,1.980108,1.980108,1.980108,1.980108,1.980108,1.980108,1.980108,1.980108,1.980108,1.980108,1.980108,2.970162,1.980108,1.980108,1.980108,1.980108,1.980108,1.980108,1.980108,1.980108,1.980108,1.980108,2.970162,2.970162,2.970162,2.970162,2.970162,-30.688502,2.970162,2.970162,2.970162,2.970162,2.970162,2.970162,2.970162,2.970162,2.970162,2.970162,1.980108,1.980108,1.980108,1.980108,1.980108,2.970162,1.980108,1.980108,1.980108,1.980108,1.980108,1.980108,1.980108,1.980108,1.980108,1.980108,1.980108,1.980108,1.980108,1.980108,1.980108,2.970162,1.980108,1.980108,1.980108,1.980108,1.980108,1.980108,1.980108,1.980108,1.980108,1.980108,1.980108,1.980108,1.980108,1.980108,1.980108,2.970162,1.980108,1.980108,1.980108,1.980108,1.980108,1.980108,1.980108,1.980108,1.980108,1.980108,1.980108,1.980108,1.980108,1.980108,1.980108,2.970162,1.980108,1.980108,1.980108,1.980108,1.980108,1.980108,1.980108,1.980108,1.980108,1.980108,1.980108,1.980108,1.980108,1.980108,1.980108,2.970162,1.980108,1.980108,1.980108,1.980108,1.980108,1.980108,1.980108,1.980108,1.980108,1.980108,1.980108,1.980108,1.980108,1.980108,1.980108,2.970162,1.980108,1.980108,1.980108,1.980108,1.980108,1.980108,1.980108,1.980108,1.980108,1.980108,1.980108,1.980108,1.980108,1.980108,1.980108,2.970162,1.980108,1.980108,1.980108,1.980108,1.980108,1.980108,1.980108,1.980108,1.980108,1.980108,1.980108,1.980108,1.980108,1.980108,1.980108,2.970162,1.980108,1.980108,1.980108,1.980108,1.980108,1.980108,1.980108,1.980108,1.980108,1.980108,1.980108,1.980108,1.980108,1.980108,1.980108,2.970162,1.980108,1.980108,1.980108,1.980108,1.980108,1.980108,1.980108,1.980108,1.980108,1.980108,1.980108,1.980108,1.980108,1.980108,1.980108,2.970162,1.980108,1.980108,1.980108,1.980108,1.980108,1.980108,1.980108,1.980108,1.980108,1.980108,1.980108,1.980108,1.980108,1.980108,1.980108,2.970162,1.980108,1.980108,1.980108,1.980108,1.980108,1.980108,1.980108,1.980108,1.980108,1.980108,1.980108,1.980108,1.980108,1.980108,1.980108,2.970162,1.980108,1.980108,1.980108,1.980108,1.980108,1.980108,1.980108,1.980108,1.980108,1.980108,1.980108,1.980108,1.980108,1.980108,1.980108,2.970162,1.980108,1.980108,1.980108,1.980108,1.980108,1.980108,1.980108,1.980108,1.980108,1.980108,1.980108,1.980108,1.980108,1.980108,1.980108,2.970162,1.980108,1.980108,1.980108,1.980108,1.980108,1.980108,1.980108,1.980108,1.980108,1.980108,1.980108,1.980108,1.980108,1.980108,1.980108,2.970162,1.980108,1.980108,1.980108,1.980108,1.980108,1.980108,1.980108,1.980108,1.980108,1.980108
1.980108,1.980108,1.980108,1.980108,1.980108,1.980108,2.970162,1.980108,1.980108,1.980108,1.980108,1.980108,1.980108,1.980108,1.980108,1.980108,1.980108,1.980108,1.980108,1.980108,1.980108,1.980108,2.970162,1.980108,1.980108,1.980108,1.980108,1.980108,1.980108,1.980108,1.980108,1.980108,1.980108,1.980108,1.980108,1.980108,1.980108,1.980108,2.970162,1.980108,1.980108,1.980108,1.980108,1.980108,1.980108,1.980108,1.980108,1.980108,1.980108,1.980108,1.980108,1.980108,1.980108,1.980108,2.970162,1.980108,1.980108,1.980108,1.980108,1.980108,1.980108,1.980108,1.980108,1.980108,2.970162,2.970162,2.970162,2.970162,2.970162,2.970162,-30.473860,2.970162,2.970162,2.970162,2.970162,2.970162,2.970162,2.970162,2.970162,2.970162,1.980108,1.980108,1.980108,1.980108,1.980108,1.980108,2.970162,1.980108,1.980108,1.980108,1.980108,1.980108,1.980108,1.980108,1.980108,1.980108,1.980108,1.980108,1.980108,1.980108,1.980108,1.980108,2.970162,1.980108,1.980108,1.980108,1.980108,1.980108,1.980108,1.980108,1.980108,1.980108,1.980108,1.980108,1.980108,1.980108,1.980108,1.980108,2.970162,1.980108,1.980108,1.980108,1.980108,1.980108,1.980108,1.980108,1.980108,1.980108,1.980108,1.980108,1.980108,1.980108,1.980108,1.980108,2.970162,1.980108,1.980108,1.980108,1.980108,1.980108,1.980108,1.980108,1.980108,1.980108,1.980108,1.980108,1.980108,1.980108,1.980108,1.980108,2.970162,1.980108,1.980108,1.980108,1.980108,1.980108,1.980108,1.980108,1.980108,1.980108,1.980108,1.980108,1.980108,1.980108,1.980108,1.980108,2.970162,1.980108,1.980108,1.980108,1.980108,1.980108,1.980108,1.980108,1.980108,1.980108,1.980108,1.980108,1.980108,1.980108,1.980108,1.980108,2.970162,1.980108,1.980108,1.980108,1.980108,1.980108,1.980108,1.980108,1.980108,1.980108,1.980108,1.980108,1.980108,1.980108,1.980108,1.980108,2.970162,1.980108,1.980108,1.980108,1.980108,1.980108,1.980108,1.980108,1.980108,1.980108,1.980108,1.980108,1.980108,1.980108,1.980108,1.980108,2.970162,1.980108,1.980108,1.980108,1.980108,1.980108,1.980108,1.980108,1.980108,1.980108,1.980108,1.980108,1.980108,1.980108,1.980108,1.980108,2.970162,1.980108,1.980108,1.980108,1.980108,1.980108,1.980108,1.980108,1.980108,1.980108,1.980108,1.980108,1.980108,1.980108,1.980108,1.980108,2.970162,1.980108,1.980108,1.980108,1.980108,1.980108,1.980108,1.980108,1.980108,1.980108,1.980108,1.980108,1.980108,1.980108,1.980108,1.980108,2.970162,1.980108,1.980108,1.980108,1.980108,1.980108,1.980108,1.980108,1.980108,1.980108,1.980108,1.980108,1.980108,1.980108,1.980108,1.980108,2.970162,1.980108,1.980108,1.980108,1.980108,1.980108,1.980108,1.980108,1.980108,1.980108,1.980108,1.980108,1.980108,1.980108,1.980108,1.980108,2.970162,1.980108,1.980108,1.980108,1.980108,1.980108,1.980108,1.980108,1.980108,1.980108,1.980108,1.980108,1.980108,1.980108,1.980108,1.980108,2.970162,1.980108,1.980108,1.980108,1.980108,1.980108,1.980108,1.980108,1.980108,1.980108
1.980108,1.980108,1.980108,1.980108,1.980108,1.980108,1.980108,2.970162,1.980108,1.980108,1.980108,1.980108,1.980108,1.980108,1.980108,1.980108,1.980108,1.980108,1.980108,1.980108,1.980108,1.980108,1.980108,2.970162,1.980108,1.980108,1.980108,1.980108,1.980108,1.980108,1.980108,1.980108,1.980108,1.980108,1.980108,1.980108,1.980108,1.980108,1.980108,2.970162,1.980108,1.980108,1.980108,1.980108,1.980108,1.980108,1.980108,1.980108,1.980108,1.980108,1.980108,1.980108,1.980108,1.980108,1.980108,2.970162,1.980108,1.980108,1.980108,1.980108,1.980108,1.980108,1.980108,1.980108,2.970162,2.970162,2.970162,2.970162,2.970162,2.970162,2.970162,-29.900331,2.970162,2.970162,2.970162,2.970162,2.970162,2.970162,2.970162,2.970162,1.980108,1.980108,1.980108,1.980108,1.980108,1.980108,1.980108,2.970162,1.980108,1.980108,1.980108,1.980108,1.980108,1.980108,1.980108,1.980108,1.980108,1.980108,1.980108,1.980108,1.980108,1.980108,1.980108,2.970162,1.980108,1.980108,1.980108,1.980108,1.980108,1.980108,1.980108,1.980108,1.980108,1.980108,1.980108,1.980108,1.980108,1.980108,1.980108,2.970162,1.980108,1.980108,1.980108,1.980108,1.980108,1.980108,1.980108,1.980108,1.980108,1.980108,1.980108,1.980108,1.980108,1.980108,1.980108,2.970162,1.980108,1.980108,1.980108,1.980108,1.980108,1.980108,1.980108,1.980108,1.980108,1.980108,1.980108,1.980108,1.980108,1.980108,1.980108,2.970162,1.980108,1.980108,1.980108,1.980108,1.980108,1.980108,1.980108,1.980108,1.980108,1.980108,1.980108,1.980108,1.980108,1.980108,1.980108,2.970162,1.980108,1.980108,1.980108,1.980108,1.980108,1.980108,1.980108,1.980108,1.980108,1.980108,1.980108,1.980108,1.980108,1.980108,1.980108,2.970162,1.980108,1.980108,1.980108,1.980108,1.980108,1.980108,1.980108,1.980108,1.980108,1.980108,1.980108,1.980108,1.980108,1.980108,1.980108,2.970162,1.980108,1.980108,1.980108,1.980108,1.980108,1.980108,1.980108,1.980108,1.980108,1.980108,1.980108,1.980108,1.980108,1.980108,1.980108,2.970162,1.980108,1.980108,1.980108,1.980108,1.980108,1.980108,1.980108,1.980108,1.980108,1.980108,1.980108,1.980108,1.980108,1.980108,1.980108,2.970162,1.980108,1.980108,1.980108,1.980108,1.980108,1.980108,1.980108,1.980108,1.980108,1.980108,1.980108,1.980108,1.980108,1.980108,1.980108,2.970162,1.980108,1.980108,1.980108,1.980108,1.980108,1.980108,1.980108,1.980108,1.980108,1.980108,1.980108,1.980108,1.980108,1.980108,1.980108,2.970162,1.980108,1.980108,1.980108,1.980108,1.980108,1.980108,1.980108,1.980108,1.980108,1.980108,1.980108,1.980108,1.980108,1.980108,1.980108,2.970162,1.980108,1.980108,1.980108,1.980108,1.980108,1.980108,1.980108,1.980108,1.980108,1.980108,1.980108,1.980108,1.980108,1.980108,1.980108,2.970162,1.980108,1.980108,1.980108,1.980108,1.980108,1.980108,1.980108,1.980108,1.980108,1.980108,1.980108,1.980108,1.980108,1.980108,1.980108,2.970162,1.980108,1.980108,1.980108,1.980108,1.980108,1.980108,1.980108,1.980108
1.980108,1.980108,1.980108,1.980108,1.980108,1.980108,1.980108,1.980108,2.970162,1.980108,1.980108,1.980108,1.980108,1.980108,1.980108,1.980108,1.980108,1.980108,1.980108,1.980108,1.980108,1.980108,1.980108,1.980108,2.970162,1.980108,1.980108,1.980108,1.980108,1.980108,1.980108,1.980108,1.980108,1.980108,1.980108,1.980108,1.980108,1.980108,1.980108,1.980108,2.970162,1.980108,1.980108,1.980108,1.980108,1.980108,1.980108,1.980108,1.980108,1.980108,1.980108,1.980108,1.980108,1.980108,1.980108,1.980108,2.970162,1.980108,1.980108,1.980108,1.980108,1.980108,1.980108,1.980108,2.970162,2.970162,2.970162,2.970162,2.970162,2.970162,2.970162,2.970162,-29.707138,2.970162,2.970162,2.970162,2.970162,2.970162,2.970162,2.970162,1.980108,1.980108,1.980108,1.980108,1.980108,1.980108,1.980108,1.980108,2.970162,1.980108,1.980108,1.980108,1.980108,1.980108,1.980108,1.980108,1.980108,1.980108,1.980108,1.980108,1.980108,1.980108,1.980108,1.980108,2.970162,1.980108,1.980108,1.980108,1.980108,1.980108,1.980108,1.980108,1.980108,1.980108,1.980108,1.980108,1.980108,1.980108,1.980108,1.980108,2.970162,1.980108,1.980108,1.980108,1.980108,1.980108,1.980108,1.980108,1.980108,1.980108,1.980108,1.980108,1.980108,1.980108,1.980108,1.980108,2.970162,1.980108,1.980108,1.980108,1.980108,1.980108,1.980108,1.980108,1.980108,1.980108,1.980108,1.980108,1.980108,1.980108,1.980108,1.980108,2.970162,1.980108,1.980108,1.980108,1.980108,1.980108,1.980108,1.980108,1.980108,1.980108,1.980108,1.980108,1.980108,1.980108,1.980108,1.980108,2.970162,1.980108,1.980108,1.980108,1.980108,1.980108,1.980108,1.980108,1.980108,1.980108,1.980108,1.980108,1.980108,1.980108,1.980108,1.980108,2.970162,1.980108,1.980108,1.980108,1.980108,1.980108,1.980108,1.980108,1.980108,1.980108,1.980108,1.980108,1.980108,1.980108,1.980108,1.980108,2.970162,1.980108,1.980108,1.980108,1.980108,1.980108,1.980108,1.980108,1.980108,1.980108,1.980108,1.980108,1.980108,1.980108,1.980108,1.980108,2.970162,1.980108,1.980108,1.980108,1.980108,1.980108,1.980108,1.980108,1.980108,1.980108,1.980108,1.980108,1.980108,1.980108,1.980108,1.980108,2.970162,1.980108,1.980108,1.980108,1.980108,1.980108,1.980108,1.980108,1.980108,1.980108,1.980108,1.980108,1.980108,1.980108,1.980108,1.980108,2.970162,1.980108,1.980108,1.980108,1.980108,1.980108,1.980108,1.980108,1.980108,1.980108,1.980108,1.980108,1.980108,1.980108,1.980108,1.980108,2.970162,1.980108,1.980108,1.980108,1.980108,1.980108,1.980108,1.980108,1.980108,1.980108,1.980108,1.980108,1.980108,1.980108,1.980108,1.980108,2.970162,1.980108,1.980108,1.980108,1.980108,1.980108,1.980108,1.980108,1.980108,1.980108,1.980108,1.980108,1.980108,1.980108,1.980108,1.980108,2.970162,1.980108,1.980108,1.980108,1.980108,1.980108,1.980108,1.980108,1.980108,1.980108,1.980108,1.980108,1.980108,1.980108,1.980108,1.980108,2.970162,1.980108,1.980108,1.980108,1.980108,1.980108,1.980108,1.980108
1.980108,1.980108,1.980108,1.980108,1.980108,1.980108,1.980108,1.980108,1.980108,2.970162,1.980108,1.980108,1.980108,1.980108,1.980108,1.980108,1.980108,1.980108,1.980108,1.980108,1.980108,1.980108,1.980108,1.980108,1.980108,2.970162,1.980108,1.980108,1.980108,1.980108,1.980108,1.980108,1.980108,1.980108,1.980108,1.980108,1.980108,1.980108,1.980108,1.980108,1.980108,2.970162,1.980108,1.980108,1.980108,1.980108,1.980108,1.980108,1.980108,1.980108,1.980108,1.980108,1.980108,1.980108,1.980108,1.980108,1.980108,2.970162,1.980108,1.980108,1.980108,1.980108,1.980108,1.980108,2.970162,2.970162,2.970162,2.970162,2.970162,2.970162,2.970162,2.970162,2.970162,-30.517077,2.970162,2.970162,2.970162,2.970162,2.970162,2.970162,1.980108,1.980108,1.980108,1.980108,1.980108,1.980108,1.980108,1.980108,1.980108,2.970162,1.980108,1.980108,1.980108,1.980108,1.980108,1.980108,1.980108,1.980108,1.980108,1.980108,1.980108,1.980108,1.980108,1.980108,1.980108,2.970162,1.980108,1.980108,1.980108,1.980108,1.980108,1.980108,1.980108,1.980108,1.980108,1.980108,1.980108,1.980108,1.980108,1.980108,1.980108,2.970162,1.980108,1.980108,1.980108,1.980108,1.980108,1.980108,1.980108,1.980108,1.980108,1.980108,1.980108,1.980108,1.980108,1.980108,1.980108,2.970162,1.980108,1.980108,1.980108,1.980108,1.980108,1.980108,1.980108,1.980108,1.980108,1.980108,1.980108,1.980108,1.980108,1.980108,1.980108,2.970162,1.980108,1.980108,1.980108,1.980108,1.980108,1.980108,1.980108,1.980108,1.980108,1.980108,1.980108,1.980108,1.980108,1.980108,1.980108,2.970162,1.980108,1.980108,1.980108,1.980108,1.980108,1.980108,1.980108,1.980108,1.980108,1.980108,1.980108,1.980108,1.980108,1.980108,1.980108,2.970162,1.980108,1.980108,1.980108,1.980108,1.980108,1.980108,1.980108,1.980108,1.980108,1.980108,1.980108,1.980108,1.980108,1.980108,1.980108,2.970162,1.980108,1.980108,1.980108,1.980108,1.980108,1.980108,1.980108,1.980108,1.980108,1.980108,1.980108,1.980108,1.980108,1.980108,1.980108,2.970162,1.980108,1.980108,1.980108,1.980108,1.980108,1.980108,1.980108,1.980108,1.980108,1.980108,1.980108,1.980108,1.980108,1.980108,1.980108,2.970162,1.980108,1.980108,1.980108,1.980108,1.980108,1.980108,1.980108,1.980108,1.980108,1.980108,1.980108,1.980108,1.980108,1.980108,1.980108,2.970162,1.980108,1.980108,1.980108,1.980108,1.980108,1.980108,1.980108,1.980108,1.980108,1.980108,1.980108,1.980108,1.980108,1.980108,1.980108,2.970162,1.980108,1.980108,1.980108,1.980108,1.980108,1.980108,1.980108,1.980108,1.980108,1.980108,1.980108,1.980108,1.980108,1.980108,1.980108,2.970162,1.980108,1.980108,1.980108,1.980108,1.980108,1.980108,1.980108,1.980108,1.980108,1.980108,1.980108,1.980108,1.980108,1.980108,1.980108,2.970162,1.980108,1.980108,1.980108,1.980108,1.980108,1.980108,1.980108,1.980108,1.980108,1.980108,1.980108,1.980108,1.980108,1.980108,1.980108,2.970162,1.980108,1.980108,1.980108,1.980108,1.980108,1.980108
1.980108,1.980108,1.980108,1.980108,1.980108,1.980108,1.980108,1.980108,1.980108,1.980108,2.970162,1.980108,1.980108,1.980108,1.980108,1.980108,1.980108,1.980108,1.980108,1.980108,1.980108,1.980108,1.980108,1.980108,1.980108,1.980108,2.970162,1.980108,1.980108,1.980108,1.980108,1.980108,1.980108,1.980108,1.980108,1.980108,1.980108,1.980108,1.980108,1.980108,1.980108,1.980108,2.970162,1.980108,1.980108,1.980108,1.980108,1.980108,1.980108,1.980108,1.980108,1.980108,1.980108,1.980108,1.980108,1.980108,1.980108,1.980108,2.970162,1.980108,1.980108,1.980108,1.980108,1.980108,2.970162,2.970162,2.970162,2.970162,2.970162,2.970162,2.970162,2.970162,2.970162,2.970162,-30.408473,2.970162,2.970162,2.970162,2.970162,2.970162,1.980108,1.980108,1.980108,1.980108,1.980108,1.980108,1.980108,1.980108,1.980108,1.980108,2.970162,1.980108,1.980108,1.980108,1.980108,1.980108,1.980108,1.980108,1.980108,1.980108,1.980108,1.980108,1.980108,1.980108,1.980108,1.980108,2.970162,1.980108,1.980108,1.980108,1.980108,1.980108,1.980108,1.980108,1.980108,1.980108,1.980108,1.980108,1.980108,1.980108,1.980108,1.980108,2.970162,1.980108,1.980108,1.980108,1.980108,1.980108,1.980108,1.980108,1.980108,1.980108,1.980108,1.980108,1.980108,1.980108,1.980108,1.980108,2.970162,1.980108,1.980108,1.980108,1.980108,1.980108,1.980108,1.980108,1.980108,1.980108,1.980108,1.980108,1.980108,1.980108,1.980108,1.980108,2.970162,1.980108,1.980108,1.980108,1.980108,1.980108,1.980108,1.980108,1.980108,1.980108,1.980108,1.980108,1.980108,1.980108,1.980108,1.980108,2.970162,1.980108,1.980108,1.980108,1.980108,1.980108,1.980108,1.980108,1.980108,1.980108,1.980108,1.980108,1.980108,1.980108,1.980108,1.980108,2.970162,1.980108,1.980108,1.980108,1.980108,1.980108,1.980108,1.980108,1.980108,1.980108,1.980108,1.980108,1.980108,1.980108,1.980108,1.980108,2.970162,1.980108,1.980108,1.980108,1.980108,1.980108,1.980108,1.980108,1.980108,1.980108,1.980108,1.980108,1.980108,1.980108,1.980108,1.980108,2.970162,1.980108,1.980108,1.980108,1.980108,1.980108,1.980108,1.980108,1.980108,1.980108,1.980108,1.980108,1.980108,1.980108,1.980108,1.980108,2.970162,1.980108,1.980108,1.980108,1.980108,1.980108,1.980108,1.980108,1.980108,1.980108,1.980108,1.980108,1.980108,1.980108,1.980108,1.980108,2.970162,1.980108,1.980108,1.980108,1.980108,1.980108,1.980108,1.980108,1.980108,1.980108,1.980108,1.980108,1.980108,1.980108,1.980108,1.980108,2.970162,1.980108,1.980108,1.980108,1.980108,1.980108,1.980108,1.980108,1.980108,1.980108,1.980108,1.980108,1.980108,1.980108,1.980108,1.980108,2.970162,1.980108,1.980108,1.980108,1.980108,1.980108,1.980108,1.980108,1.980108,1.980108,1.980108,1.980108,1.980108,1.980108,1.980108,1.980108,2.970162,1.980108,1.980108,1.980108,1.980108,1.980108,1.980108,1.980108,1.980108,1.980108,1.980108,1.980108,1.980108,1.980108,1.980108,1.980108,2.970162,1.980108,1.980108,1.980108,1.980108,1.980108
1.980108,1.980108,1.980108,1.980108,1.980108,1.980108,1.980108,1.980108,1.980108,1.980108,1.980108,2.970162,1.980108,1.980108,1.980108,1.980108,1.980108,1.980108,1.980108,1.980108,1.980108,1.980108,1.980108,1.980108,1.980108,1.980108,1.980108,2.970162,1.980108,1.980108,1.980108,1.980108,1.980108,1.980108,1.980108,1.980108,1.980108,1.980108,1.980108,1.980108,1.980108,1.980108,1.980108,2.970162,1.980108,1.980108,1.980108,1.980108,1.980108,1.980108,1.980108,1.980108,1.980108,1.980108,1.980108,1.980108,1.980108,1.980108,1.980108,2.970162,1.980108,1.980108,1.980108,1.980108,2.970162,2.970162,2.970162,2.970162,2.970162,2.970162,2.970162,2.970162,2.970162,2.970162,2.970162,-30.430623,2.970162,2.970162,2.970162,2.970162,1.980108,1.980108,1.980108,1.980108,1.980108,1.980108,1.980108,1.980108,1.980108,1.980108,1.980108,2.970162,1.980108,1.980108,1.980108,1.980108,1.980108,1.980108,1.980108,1.980108,1.980108,1.980108,1.980108,1.980108,1.980108,1.980108,1.980108,2.970162,1.980108,1.980108,1.980108,1.980108,1.980108,1.980108,1.980108,1.980108,1.980108,1.980108,1.980108,1.980108,1.980108,1.980108,1.980108,2.970162,1.980108,1.980108,1.980108,1.980108,1.980108,1.980108,1.980108,1.980108,1.980108,1.980108,1.980108,1.980108,1.980108,1.980108,1.980108,2.970162,1.980108,1.980108,1.980108,1.980108,1.980108,1.980108,1.980108,1.980108,1.980108,1.980108,1.980108,1.980108,1.980108,1.980108,1.980108,2.970162,1.980108,1.980108,1.980108,1.980108,1.980108,1.980108,1.980108,1.980108,1.980108,1.980108,1.980108,1.980108,1.980108,1.980108,1.980108,2.970162,1.980108,1.980108,1.980108,1.980108,1.980108,1.980108,1.980108,1.980108,1.980108,1.980108,1.980108,1.980108,1.980108,1.980108,1.980108,2.970162,1.980108,1.980108,1.980108,1.980108,1.980108,1.980108,1.980108,1.980108,1.980108,1.980108,1.980108,1.980108,1.980108,1.980108,1.980108,2.970162,1.980108,1.980108,1.980108,1.980108,1.980108,1.980108,1.980108,1.980108,1.980108,1.980108,1.980108,1.980108,1.980108,1.980108,1.980108,2.970162,1.980108,1.980108,1.980108,1.980108,1.980108,1.980108,1.980108,1.980108,1.980108,1.980108,1.980108,1.980108,1.980108,1.980108,1.980108,2.970162,1.980108,1.980108,1.980108,1.980108,1.980108,1.980108,1.980108,1.980108,1.980108,1.980108,1.980108,1.980108,1.980108,1.980108,1.980108,2.970162,1.980108,1.980108,1.980108,1.980108,1.980108,1.980108,1.980108,1.980108,1.980108,1.980108,1.980108,1.980108,1.980108,1.980108,1.980108,2.970162,1.980108,1.980108,1.980108,1.980108,1.980108,1.980108,1.980108,1.980108,1.980108,1.980108,1.980108,1.980108,1.980108,1.980108,1.980108,2.970162,1.980108,1.980108,1.980108,1.980108,1.980108,1.980108,1.980108,1.980108,1.980108,1.980108,1.980108,1.980108,1.980108,1.980108,1.980108,2.970162,1.980108,1.980108,1.980108,1.980108,1.980108,1.980108,1.980108,1.980108,1.980108,1.980108,1.980108,1.980108,1.980108,1.980108,1.980108,2.970162,1.980108,1.980108,1.980108,1.980108
1.980108,1.980108,1.980108,1.980108,1.980108,1.980108,1.980108,1.980108,1.980108,1.980108,1.980108,1.980108,2.970162,1.980108,1.980108,1.980108,1.980108,1.980108,1.980108,1.980108,1.980108,1.980108,1.980108,1.980108,1.980108,1.980108,1.980108,1.980108,2.970162,1.980108,1.980108,1.980108,1.980108,1.980108,1.980108,1.980108,1.980108,1.980108,1.980108,1.980108,1.980108,1.980108,1.980108,1.980108,2.970162,1.980108,1.980108,1.980108,1.980108,1.980108,1.980108,1.980108,1.980108,1.980108,1.980108,1.980108,1.980108,1.980108,1.980108,1.980108,2.970162,1.980108,1.980108,1.980108,2.970162,2.970162,2.970162,2.970162,2.970162,2.970162,2.970162,2.970162,2.970162,2.970162,2.970162,2.970162,-30.472886,2.970162,2.970162,2.970162,1.980108,1.980108,1.980108,1.980108,1.980108,1.980108,1.980108,1.980108,1.980108,1.980108,1.980108,1.980108,2.970162,1.980108,1.980108,1.980108,1.980108,1.980108,1.980108,1.980108,1.980108,1.980108,1.980108,1.980108,1.980108,1.980108,1.980108,1.980108,2.970162,1.980108,1.980108,1.980108,1.980108,1.980108,1.980108,1.980108,1.980108,1.980108,1.980108,1.980108,1.980108,1.980108,1.980108,1.980108,2.970162,1.980108,1.980108,1.980108,1.980108,1.980108,1.980108,1.980108,1.980108,1.980108,1.980108,1.980108,1.980108,1.980108,1.980108,1.980108,2.970162,1.980108,1.980108,1.980108,1.980108,1.980108,1.980108,1.980108,1.980108,1.980108,1.980108,1.980108,1.980108,1.980108,1.980108,1.980108,2.970162,1.980108,1.980108,1.980108,1.980108,1.980108,1.980108,1.980108,1.980108,1.980108,1.980108,1.980108,1.980108,1.980108,1.980108,1.980108,2.970162,1.980108,1.980108,1.980108,1.980108,1.980108,1.980108,1.980108,1.980108,1.980108,1.980108,1.980108,1.980108,1.980108,1.980108,1.980108,2.970162,1.980108,1.980108,1.980108,1.980108,1.980108,1.980108,1.980108,1.980108,1.980108,1.980108,1.980108,1.980108,1.980108,1.980108,1.980108,2.970162,1.980108,1.980108,1.980108,1.980108,1.980108,1.980108,1.980108,1.980108,1.980108,1.980108,1.980108,1.980108,1.980108,1.980108,1.980108,2.970162,1.980108,1.980108,1.980108,1.980108,1.980108,1.980108,1.980108,1.980108,1.980108,1.980108,1.980108,1.980108,1.980108,1.980108,1.980108,2.970162,1.980108,1.980108,1.980108,1.980108,1.980108,1.980108,1.980108,1.980108,1.980108,1.980108,1.980108,1.980108,1.980108,1.980108,1.980108,2.970162,1.980108,1.980108,1.980108,1.980108,1.980108,1.980108,1.980108,1.980108,1.980108,1.980108,1.980108,1.980108,1.980108,1.980108,1.980108,2.970162,1.980108,1.980108,1.980108,1.980108,1.980108,1.980108,1.980108,1.980108,1.980108,1.980108,1.980108,1.980108,1.980108,1.980108,1.980108,2.970162,1.980108,1.980108,1.980108,1.980108,1.980108,1.980108,1.980108,1.980108,1.980108,1.980108,1.980108,1.980108,1.980108,1.980108,1.980108,2.970162,1.980108,1.980108,1.980108,1.980108,1.980108,1.980108,1.980108,1.980108,1.980108,1.980108,1.980108,1.980108,1.980108,1.980108,1.980108,2.970162,1.980108,1.980108,1.980108
1.980108,1.980108,1.980108,1.980108,1.980108,1.980108,1.980108,1.980108,1.980108,1.980108,1.980108,1.980108,1.980108,2.970162,1.980108,1.980108,1.980108,1.980108,1.980108,1.980108,1.980108,1.980108,1.980108,1.980108,1.980108,1.980108,1.980108,1.980108,1.980108,2.970162,1.980108,1.980108,1.980108,1.980108,1.980108,1.980108,1.980108,1.980108,1.980108,1.980108,1.980108,1.980108,1.980108,1.980108,1.980108,2.970162,1.980108,1.980108,1.980108,1.980108,1.980108,1.980108,1.980108,1.980108,1.980108,1.980108,1.980108,1.980108,1.980108,1.980108,1.980108,2.970162,1.980108,1.980108,2.970162,2.970162,2.970162,2.970162,2.970162,2.970162,2.970162,2.970162,2.970162,2.970162,2.970162,2.970162,2.970162,-29.775660,2.970162,2.970162,1.980108,1.980108,1.980108,1.980108,1.980108,1.980108,1.980108,1.980108,1.980108,1.980108,1.980108,1.980108,1.980108,2.970162,1.980108,1.980108,1.980108,1.980108,1.980108,1.980108,1.980108,1.980108,1.980108,1.980108,1.980108,1.980108,1.980108,1.980108,1.980108,2.970162,1.980108,1.980108,1.980108,1.980108,1.980108,1.980108,1.980108,1.980108,1.980108,1.980108,1.980108,1.980108,1.980108,1.980108,1.980108,2.970162,1.980108,1.980108,1.980108,1.980108,1.980108,1.980108,1.980108,1.980108,1.980108,1.980108,1.980108,1.980108,1.980108,1.980108,1.980108,2.970162,1.980108,1.980108,1.980108,1.980108,1.980108,1.980108,1.980108,1.980108,1.980108,1.980108,1.980108,1.980108,1.980108,1.980108,1.980108,2.970162,1.980108,1.980108,1.980108,1.980108,1.980108,1.980108,1.980108,1.980108,1.980108,1.980108,1.980108,1.980108,1.980108,1.980108,1.980108,2.970162,1.980108,1.980108,1.980108,1.980108,1.980108,1.980108,1.980108,1.980108,1.980108,1.980108,1.980108,1.980108,1.980108,1.980108,1.980108,2.970162,1.980108,1.980108,1.980108,1.980108,1.980108,1.980108,1.980108,1.980108,1.980108,1.980108,1.980108,1.980108,1.980108,1.980108,1.980108,2.970162,1.980108,1.980108,1.980108,1.980108,1.980108,1.980108,1.980108,1.980108,1.980108,1.980108,1.980108,1.980108,1.980108,1.980108,1.980108,2.970162,1.980108,1.980108,1.980108,1.980108,1.980108,1.980108,1.980108,1.980108,1.980108,1.980108,1.980108,1.980108,1.980108,1.980108,1.980108,2.970162,1.980108,1.980108,1.980108,1.980108,1.980108,1.980108,1.980108,1.980108,1.980108,1.980108,1.980108,1.980108,1.980108,1.980108,1.980108,2.970162,1.980108,1.980108,1.980108,1.980108,1.980108,1.980108,1.980108,1.980108,1.980108,1.980108,1.980108,1.980108,1.980108,1.980108,1.980108,2.970162,1.980108,1.980108,1.980108,1.980108,1.980108,1.980108,1.980108,1.980108,1.980108,1.980108,1.980108,1.980108,1.980108,1.980108,1.980108,2.970162,1.980108,1.980108,1.980108,1.980108,1.980108,1.980108,1.980108,1.980108,1.980108,1.980108,1.980108,1.980108,1.980108,1.980108,1.980108,2.970162,1.980108,1.980108,1.980108,1.980108,1.980108,1.980108,1.980108,1.980108,1.980108,1.980108,1.980108,1.980108,1.980108,1.980108,1.980108,2.970162,1.980108,1.980108
1.980108,1.980108,1.980108,1.980108,1.980108,1.980108,1.980108,1.980108,1.980108,1.980108,1.980108,1.980108,1.980108,1.980108,2.970162,1.980108,1.980108,1.980108,1.980108,1.980108,1.980108,1.980108,1.980108,1.980108,1.980108,1.980108,1.980108,1.980108,1.980108,1.980108,2.970162,1.980108,1.980108,1.980108,1.980108,1.980108,1.980108,1.980108,1.980108,1.980108,1.980108,1.980108,1.980108,1.980108,1.980108,1.980108,2.970162,1.980108,1.980108,1.980108,1.980108,1.980108,1.980108,1.980108,1.980108,1.980108,1.980108,1.980108,1.980108,1.980108,1.980108,1.980108,2.970162,1.980108,2.970162,2.970162,2.970162,2.970162,2.970162,2.970162,2.970162,2.970162,2.970162,2.970162,2.970162,2.970162,2.970162,2.970162,-30.060081,2.970162,1.980108,1.980108,1.980108,1.980108,1.980108,1.980108,1.980108,1.980108,1.980108,1.980108,1.980108,1.980108,1.980108,1.980108,2.970162,1.980108,1.980108,1.980108,1.980108,1.980108,1.980108,1.980108,1.980108,1.980108,1.980108,1.980108,1.980108,1.980108,1.980108,1.980108,2.970162,1.980108,1.980108,1.980108,1.980108,1.980108,1.980108,1.980108,1.980108,1.980108,1.980108,1.980108,1.980108,1.980108,1.980108,1.980108,2.970162,1.980108,1.980108,1.980108,1.980108,1.980108,1.980108,1.980108,1.980108,1.980108,1.980108,1.980108,1.980108,1.980108,1.980108,1.980108,2.970162,1.980108,1.980108,1.980108,1.980108,1.980108,1.980108,1.980108,1.980108,1.980108,1.980108,1.980108,1.980108,1.980108,1.980108,1.980108,2.970162,1.980108,1.980108,1.980108,1.980108,1.980108,1.980108,1.980108,1.980108,1.980108,1.980108,1.980108,1.980108,1.980108,1.980108,1.980108,2.970162,1.980108,1.980108,1.980108,1.980108,1.980108,1.980108,1.980108,1.980108,1.980108,1.980108,1.980108,1.980108,1.980108,1.980108,1.980108,2.970162,1.980108,1.980108,1.980108,1.980108,1.980108,1.980108,1.980108,1.980108,1.980108,1.980108,1.980108,1.980108,1.980108,1.980108,1.980108,2.970162,1.980108,1.980108,1.980108,1.980108,1.980108,1.980108,1.980108,1.980108,1.980108,1.980108,1.980108,1.980108,1.980108,1.980108,1.980108,2.970162,1.980108,1.980108,1.980108,1.980108,1.980108,1.980108,1.980108,1.980108,1.980108,1.980108,1.980108,1.980108,1.980108,1.980108,1.980108,2.970162,1.980108,1.980108,1.980108,1.980108,1.980108,1.980108,1.980108,1.980108,1.980108,1.980108,1.980108,1.980108,1.980108,1.980108,1.980108,2.970162,1.980108,1.980108,1.980108,1.980108,1.980108,1.980108,1.980108,1.980108,1.980108,1.980108,1.980108,1.980108,1.980108,1.980108,1.980108,2.970162,1.980108,1.980108,1.980108,1.980108,1.980108,1.980108,1.980108,1.980108,1.980108,1.980108,1.980108,1.980108,1.980108,1.980108,1.980108,2.970162,1.980108,1.980108,1.980108,1.980108,1.980108,1.980108,1.980108,1.980108,1.980108,1.980108,1.980108,1.980108,1.980108,1.980108,1.980108,2.970162,1.980108,1.980108,1.980108,1.980108,1.980108,1.980108,1.980108,1.980108,1.980108,1.980108,1.980108,1.980108,1.980108,1.980108,1.980108,2.970162,1.980108
1.980108,1.980108,1.980108,1.980108,1.980108,1.980108,1.980108,1.980108,1.980108,1.980108,1.980108,1.980108,1.980108,1.980108,1.980108,2.970162,1.980108,1.980108,1.980108,1.980108,1.980108,1.980108,1.980108,1.980108,1.980108,1.980108,1.980108,1.980108,1.980108,1.980108,1.980108,2.970162,1.980108,1.980108,1.980108,1.980108,1.980108,1.980108,1.980108,1.980108,1.980108,1.980108,1.980108,1.980108,1.980108,1.980108,1.980108,2.970162,1.980108,1.980108,1.980108,1.980108,1.980108,1.980108,1.980108,1.980108,1.980108,1.980108,1.980108,1.980108,1.980108,1.980108,1.980108,2.970162,2.970162,2.970162,2.970162,2.970162,2.970162,2.970162,2.970162,2.970162,2.970162,2.970162,2.970162,2.970162,2.970162,2.970162,2.970162,-29.817485,1.980108,1.980108,1.980108,1.980108,1.980108,1.980108,1.980108,1.980108,1.980108,1.980108,1.980108,1.980108,1.980108,1.980108,1.980108,2.970162,1.980108,1.980108,1.980108,1.980108,1.980108,1.980108,1.980108,1.980108,1.980108,1.980108,1.980108,1.980108,1.980108,1.980108,1.980108,2.970162,1.980108,1.980108,1.980108,1.980108,1.980108,1.980108,1.980108,1.980108,1.980108,1.980108,1.980108,1.980108,1.980108,1.980108,1.980108,2.970162,1.980108,1.980108,1.980108,1.980108,1.980108,1.980108,1.980108,1.980108,1.980108,1.980108,1.980108,1.980108,1.980108,1.980108,1.980108,2.970162,1.980108,1.980108,1.980108,1.980108,1.980108,1.980108,1.980108,1.980108,1.980108,1.980108,1.980108,1.980108,1.980108,1.980108,1.980108,2.970162,1.980108,1.980108,1.980108,1.980108,1.980108,1.980108,1.980108,1.980108,1.980108,1.980108,1.980108,1.980108,1.980108,1.980108,1.980108,2.970162,1.980108,1.980108,1.980108,1.980108,1.980108,1.980108,1.980108,1.980108,1.980108,1.980108,1.980108,1.980108,1.980108,1.980108,1.980108,2.970162,1.980108,1.980108,1.980108,1.980108,1.980108,1.980108,1.980108,1.980108,1.980108,1.980108,1.980108,1.980108,1.980108,1.980108,1.980108,2.970162,1.980108,1.980108,1.980108,1.980108,1.980108,1.980108,1.980108,1.980108,1.980108,1.980108,1.980108,1.980108,1.980108,1.980108,1.980108,2.970162,1.980108,1.980108,1.980108,1.980108,1.980108,1.980108,1.980108,1.980108,1.980108,1.980108,1.980108,1.980108,1.980108,1.980108,1.980108,2.970162,1.980108,1.980108,1.980108,1.980108,1.980108,1.980108,1.980108,1.980108,1.980108,1.980108,1.980108,1.980108,1.980108,1.980108,1.980108,2.970162,1.980108,1.980108,1.980108,1.980108,1.980108,1.980108,1.980108,1.980108,1.980108,1.980108,1.980108,1.980108,1.980108,1.980108,1.980108,2.970162,1.980108,1.980108,1.980108,1.980108,1.980108,1.980108,1.980108,1.980108,1.980108,1.980108,1.980108,1.980108,1.980108,1.980108,1.980108,2.970162,1.980108,1.980108,1.980108,1.980108,1.980108,1.980108,1.980108,1.980108,1.980108,1.980108,1.980108,1.980108,1.980108,1.980108,1.980108,2.970162,1.980108,1.980108,1.980108,1.980108,1.980108,1.980108,1.980108,1.980108,1.980108,1.980108,1.980108,1.980108,1.980108,1.980108,1.980108,2.970162
2.970162,1.980108,1.980108,1.980108,1.980108,1.980108,1.980108,1.980108,1.980108,1.980108,1.980108,1.980108,1.980108,1.980108,1.980108,1.980108,2.970162,1.980108,1.980108,1.980108,1.980108,1.980108,1.980108,1.980108,1.980108,1.980108,1.980108,1.980108,1.980108,1.980108,1.980108,1.980108,2.970162,1.980108,1.980108,1.980108,1.980108,1.980108,1.980108,1.980108,1.980108,1.980108,1.980108,1.980108,1.980108,1.980108,1.980108,1.980108,2.970162,1.980108,1.980108,1.980108,1.980108,1.980108,1.980108,1.980108,1.980108,1.980108,1.980108,1.980108,1.980108,1.980108,1.980108,1.980108,2.970162,1.980108,1.980108,1.980108,1.980108,1.980108,1.980108,1.980108,1.980108,1.980108,1.980108,1.980108,1.980108,1.980108,1.980108,1.980108,-30.564719,2.970162,2.970162,2.970162,2.970162,2.970162,2.970162,2.970162,2.970162,2.970162,2.970162,2.970162,2.970162,2.970162,2.970162,2.970162,2.970162,1.980108,1.980108,1.980108,1.980108,1.980108,1.980108,1.980108,1.980108,1.980108,1.980108,1.980108,1.980108,1.980108,1.980108,1.980108,2.970162,1.980108,1.980108,1.980108,1.980108,1.980108,1.980108,1.980108,1.980108,1.980108,1.980108,1.980108,1.980108,1.980108,1.980108,1.980108,2.970162,1.980108,1.980108,1.980108,1.980108,1.980108,1.980108,1.980108,1.980108,1.980108,1.980108,1.980108,1.980108,1.980108,1.980108,1.980108,2.970162,1.980108,1.980108,1.980108,1.980108,1.980108,1.980108,1.980108,1.980108,1.980108,1.980108,1.980108,1.980108,1.980108,1.980108,1.980108,2.970162,1.980108,1.980108,1.980108,1.980108,1.980108,1.980108,1.980108,1.980108,1.980108,1.980108,1.980108,1.980108,1.980108,1.980108,1.980108,2.970162,1.980108,1.980108,1.980108,1.980108,1.980108,1.980108,1.980108,1.980108,1.980108,1.980108,1.980108,1.980108,1.980108,1.980108,1.980108,2.970162,1.980108,1.980108,1.980108,1.980108,1.980108,1.980108,1.980108,1.980108,1.980108,1.980108,1.980108,1.980108,1.980108,1.980108,1.980108,2.970162,1.980108,1.980108,1.980108,1.980108,1.980108,1.980108,1.980108,1.980108,1.980108,1.980108,1.980108,1.980108,1.980108,1.980108,1.980108,2.970162,1.980108,1.980108,1.980108,1.980108,1.980108,1.980108,1.980108,1.980108,1.980108,1.980108,1.980108,1.980108,1.980108,1.980108,1.980108,2.970162,1.980108,1.980108,1.980108,1.980108,1.980108,1.980108,1.980108,1.980108,1.980108,1.980108,1.980108,1.980108,1.980108,1.980108,1.980108,2.970162,1.980108,1.980108,1.980108,1.980108,1.980108,1.980108,1.980108,1.980108,1.980108,1.980108,1.980108,1.980108,1.980108,1.980108,1.980108,2.970162,1.980108,1.980108,1.980108,1.980108,1.980108,1.980108,1.980108,1.980108,1.980108,1.980108,1.980108,1.980108,1.980108,1.980108,1.980108,2.970162,1.980108,1.980108,1.980108,1.980108,1.980108,1.980108,1.980108,1.980108,1.980108,1.980108,1.980108,1.980108,1.980108,1.980108,1.980108,2.970162,1.980108,1.980108,1.980108,1.980108,1.980108,1.980108,1.980108,1.980108,1.980108,1.980108,1.980108,1.980108,1.980108,1.980108,1.980108
1.980108,2.970162,1.980108,1.980108,1.980108,1.980108,1.980108,1.980108,1.980108,1.980108,1.980108,1.980108,1.980108,1.980108,1.980108,1.980108,1.980108,2.970162,1.980108,1.980108,1.980108,1.980108,1.980108,1.980108,1.980108,1.980108,1.980108,1.980108,1.980108,1.980108,1.980108,1.980108,1.980108,2.970162,1.980108,1.980108,1.980108,1.980108,1.980108,1.980108,1.980108,1.980108,1.980108,1.980108,1.980108,1.980108,1.980108,1.980108,1.980108,2.970162,1.980108,1.980108,1.980108,1.980108,1.980108,1.980108,1.980108,1.980108,1.980108,1.980108,1.980108,1.980108,1.980108,1.980108,1.980108,2.970162,1.980108,1.980108,1.980108,1.980108,1.980108,1.980108,1.980108,1.980108,1.980108,1.980108,1.980108,1.980108,1.980108,1.980108,2.970162,-30.324914,2.970162,2.970162,2.970162,2.970162,2.970162,2.970162,2.970162,2.970162,2.970162,2.970162,2.970162,2.970162,2.970162,2.970162,1.980108,2.970162,1.980108,1.980108,1.980108,1.980108,1.980108,1.980108,1.980108,1.980108,1.980108,1.980108,1.980108,1.980108,1.980108,1.980108,1.980108,2.970162,1.980108,1.980108,1.980108,1.980108,1.980108,1.980108,1.980108,1.980108,1.980108,1.980108,1.980108,1.980108,1.980108,1.980108,1.980108,2.970162,1.980108,1.980108,1.980108,1.980108,1.980108,1.980108,1.980108,1.980108,1.980108,1.980108,1.980108,1.980108,1.980108,1.980108,1.980108,2.970162,1.980108,1.980108,1.980108,1.980108,1.980108,1.980108,1.980108,1.980108,1.980108,1.980108,1.980108,1.980108,1.980108,1.980108,1.980108,2.970162,1.980108,1.980108,1.980108,1.980108,1.980108,1.980108,1.980108,1.980108,1.980108,1.980108,1.980108,1.980108,1.980108,1.980108,1.980108,2.970162,1.980108,1.980108,1.980108,1.980108,1.980108,1.980108,1.980108,1.980108,1.980108,1.980108,1.980108,1.980108,1.980108,1.980108,1.980108,2.970162,1.980108,1.980108,1.980108,1.980108,1.980108,1.980108,1.980108,1.980108,1.980108,1.980108,1.980108,1.980108,1.980108,1.980108,1.980108,2.970162,1.980108,1.980108,1.980108,1.980108,1.980108,1.980108,1.980108,1.980108,1.980108,1.980108,1.980108,1.980108,1.980108,1.980108,1.980108,2.970162,1.980108,1.980108,1.980108,1.980108,1.980108,1.980108,1.980108,1.980108,1.980108,1.980108,1.980108,1.980108,1.980108,1.980108,1.980108,2.970162,1.980108,1.980108,1.980108,1.980108,1.980108,1.980108,1.980108,1.980108,1.980108,1.980108,1.980108,1.980108,1.980108,1.980108,1.980108,2.970162,1.980108,1.980108,1.980108,1.980108,1.980108,1.980108,1.980108,1.980108,1.980108,1.980108,1.980108,1.980108,1.980108,1.980108,1.980108,2.970162,1.980108,1.980108,1.980108,1.980108,1.980108,1.980108,1.980108,1.980108,1.980108,1.980108,1.980108,1.980108,1.980108,1.980108,1.980108,2.970162,1.980108,1.980108,1.980108,1.980108,1.980108,1.980108,1.980108,1.980108,1.980108,1.980108,1.980108,1.980108,1.980108,1.980108,1.980108,2.970162,1.980108,1.980108,1.980108,1.980108,1.980108,1.980108,1.980108,1.980108,1.980108,1.980108,1.980108,1.980108,1.980108,1.980108
1.980108,1.980108,2.970162,1.980108,1.980108,1.980108,1.980108,1.980108,1.980108,1.980108,1.980108,1.980108,1.980108,1.980108,1.980108,1.980108,1.980108,1.980108,2.970162,1.980108,1.980108,1.980108,1.980108,1.980108,1.980108,1.980108,1.980108,1.980108,1.980108,1.980108,1.980108,1.980108,1.980108,1.980108,2.970162,1.980108,1.980108,1.980108,1.980108,1.980108,1.980108,1.980108,1.980108,1.980108,1.980108,1.980108,1.980108,1.980108,1.980108,1.980108,2.970162,1.980108,1.980108,1.980108,1.980108,1.980108,1.980108,1.980108,1.980108,1.980108,1.980108,1.980108,1.980108,1.980108,1.980108,1.980108,2.970162,1.980108,1.980108,1.980108,1.980108,1.980108,1.980108,1.980108,1.980108,1.980108,1.980108,1.980108,1.980108,1.980108,2.970162,2.970162,-30.032514,2.970162,2.970162,2.970162,2.970162,2.970162,2.970162,2.970162,2.970162,2.970162,2.970162,2.970162,2.970162,2.970162,1.980108,1.980108,2.970162,1.980108,1.980108,1.980108,1.980108,1.980108,1.980108,1.980108,1.980108,1.980108,1.980108,1.980108,1.980108,1.980108,1.980108,1.980108,2.970162,1.980108,1.980108,1.980108,1.980108,1.980108,1.980108,1.980108,1.980108,1.980108,1.980108,1.980108,1.980108,1.980108,1.980108,1.980108,2.970162,1.980108,1.980108,1.980108,1.980108,1.980108,1.980108,1.980108,1.980108,1.980108,1.980108,1.980108,1.980108,1.980108,1.980108,1.980108,2.970162,1.980108,1.980108,1.980108,1.980108,1.980108,1.980108,1.980108,1.980108,1.980108,1.980108,1.980108,1.980108,1.980108,1.980108,1.980108,2.970162,1.980108,1.980108,1.980108,1.980108,1.980108,1.980108,1.980108,1.980108,1.980108,1.980108,1.980108,1.980108,1.980108,1.980108,1.980108,2.970162,1.980108,1.980108,1.980108,1.980108,1.980108,1.980108,1.980108,1.980108,1.980108,1.980108,1.980108,1.980108,1.980108,1.980108,1.980108,2.970162,1.980108,1.980108,1.980108,1.980108,1.980108,1.980108,1.980108,1.980108,1.980108,1.980108,1.980108,1.980108,1.980108,1.980108,1.980108,2.970162,1.980108,1.980108,1.980108,1.980108,1.980108,1.980108,1.980108,1.980108,1.980108,1.980108,1.980108,1.980108,1.980108,1.980108,1.980108,2.970162,1.980108,1.980108,1.980108,1.980108,1.980108,1.980108,1.980108,1.980108,1.980108,1.980108,1.980108,1.980108,1.980108,1.980108,1.980108,2.970162,1.980108,1.980108,1.980108,1.980108,1.980108,1.980108,1.980108,1.980108,1.980108,1.980108,1.980108,1.980108,1.980108,1.980108,1.980108,2.970162,1.980108,1.980108,1.980108,1.980108,1.980108,1.980108,1.980108,1.980108,1.980108,1.980108,1.980108,1.980108,1.980108,1.980108,1.980108,2.970162,1.980108,1.980108,1.980108,1.980108,1.980108,1.980108,1.980108,1.980108,1.980108,1.980108,1.980108,1.980108,1.980108,1.980108,1.980108,2.970162,1.980108,1.980108,1.980108,1.980108,1.980108,1.980108,1.980108,1.980108,1.980108,1.980108,1.980108,1.980108,1.980108,1.980108,1.980108,2.970162,1.980108,1.980108,1.980108,1.980108,1.980108,1.980108,1.980108,1.980108,1.980108,1.980108,1.980108,1.980108,1.980108
1.980108,1.980108,1.980108,2.970162,1.980108,1.980108,1.980108,1.980108,1.980108,1.980108,1.980108,1.980108,1.980108,1.980108,1.980108,1.980108,1.980108,1.980108,1.980108,2.970162,1.980108,1.980108,1.980108,1.980108,1.980108,1.980108,1.980108,1.980108,1.980108,1.980108,1.980108,1.980108,1.980108,1.980108,1.980108,2.970162,1.980108,1.980108,1.980108,1.980108,1.980108,1.980108,1.980108,1.980108,1.980108,1.980108,1.980108,1.980108,1.980108,1.980108,1.980108,2.970162,1.980108,1.980108,1.980108,1.980108,1.980108,1.980108,1.980108,1.980108,1.980108,1.980108,1.980108,1.980108,1.980108,1.980108,1.980108,2.970162,1.980108,1.980108,1.980108,1.980108,1.980108,1.980108,1.980108,1.980108,1.980108,1.980108,1.980108,1.980108,2.970162,2.970162,2.970162,-29.765174,2.970162,2.970162,2.970162,2.970162,2.970162,2.970162,2.970162,2.970162,2.970162,2.970162,2.970162,2.970162,1.980108,1.980108,1.980108,2.970162,1.980108,1.980108,1.980108,1.980108,1.980108,1.980108,1.980108,1.980108,1.980108,1.980108,1.980108,1.980108,1.980108,1.980108,1.980108,2.970162,1.980108,1.980108,1.980108,1.980108,1.980108,1.980108,1.980108,1.980108,1.980108,1.980108,1.980108,1.980108,1.980108,1.980108,1.980108,2.970162,1.980108,1.980108,1.980108,1.980108,1.980108,1.980108,1.980108,1.980108,1.980108,1.980108,1.980108,1.980108,1.980108,1.980108,1.980108,2.970162,1.980108,1.980108,1.980108,1.980108,1.980108,1.980108,1.980108,1.980108,1.980108,1.980108,1.980108,1.980108,1.980108,1.980108,1.980108,2.970162,1.980108,1.980108,1.980108,1.980108,1.980108,1.980108,1.980108,1.980108,1.980108,1.980108,1.980108,1.980108,1.980108,1.980108,1.980108,2.970162,1.980108,1.980108,1.980108,1.980108,1.980108,1.980108,1.980108,1.980108,1.980108,1.980108,1.980108,1.980108,1.980108,1.980108,1.980108,2.970162,1.980108,1.980108,1.980108,1.980108,1.980108,1.980108,1.980108,1.980108,1.980108,1.980108,1.980108,1.980108,1.980108,1.980108,1.980108,2.970162,1.980108,1.980108,1.980108,1.980108,1.980108,1.980108,1.980108,1.980108,1.980108,1.980108,1.980108,1.980108,1.980108,1.980108,1.980108,2.970162,1.980108,1.980108,1.980108,1.980108,1.980108,1.980108,1.980108,1.980108,1.980108,1.980108,1.980108,1.980108,1.980108,1.980108,1.980108,2.970162,1.980108,1.980108,1.980108,1.980108,1.980108,1.980108,1.980108,1.980108,1.980108,1.980108,1.980108,1.980108,1.980108,1.980108,1.980108,2.970162,1.980108,1.980108,1.980108,1.980108,1.980108,1.980108,1.980108,1.980108,1.980108,1.980108,1.980108,1.980108,1.980108,1.980108,1.980108,2.970162,1.980108,1.980108,1.980108,1.980108,1.980108,1.980108,1.980108,1.980108,1.980108,1.980108,1.980108,1.980108,1.980108,1.980108,1.980108,2.970162,1.980108,1.980108,1.980108,1.980108,1.980108,1.980108,1.980108,1.980108,1.980108,1.980108,1.980108,1.980108,1.980108,1.980108,1.980108,2.970162,1.980108,1.980108,1.980108,1.980108,1.980108,1.980108,1.980108,1.980108,1.980108,1.980108,1.980108,1.980108
1.980108,1.980108,1.980108,1.980108,2.970162,1.980108,1.980108,1.980108,1.980108,1.980108,1.980108,1.980108,1.980108,1.980108,1.980108,1.980108,1.980108,1.980108,1.980108,1.980108,2.970162,1.980108,1.980108,1.980108,1.980108,1.980108,1.980108,1.980108,1.980108,1.980108,1.980108,1.980108,1.980108,1.980108,1.980108,1.980108,2.970162,1.980108,1.980108,1.980108,1.980108,1.980108,1.980108,1.980108,1.980108,1.980108,1.980108,1.980108,1.980108,1.980108,1.980108,1.980108,2.970162,1.980108,1.980108,1.980108,1.980108,1.980108,1.980108,1.980108,1.980108,1.980108,1.980108,1.980108,1.980108,1.980108,1.980108,1.980108,2.970162,1.980108,1.980108,1.980108,1.980108,1.980108,1.980108,1.980108,1.980108,1.980108,1.980108,1.980108,2.970162,2.970162,2.970162,2.970162,-30.012598,2.970162,2.970162,2.970162,2.970162,2.970162,2.970162,2.970162,2.970162,2.970162,2.970162,2.970162,1.980108,1.980108,1.980108,1.980108,2.970162,1.980108,1.980108,1.980108,1.980108,1.980108,1.980108,1.980108,1.980108,1.980108,1.980108,1.980108,1.980108,1.980108,1.980108,1.980108,2.970162,1.980108,1.980108,1.980108,1.980108,1.980108,1.980108,1.980108,1.980108,1.980108,1.980108,1.980108,1.980108,1.980108,1.980108,1.980108,2.970162,1.980108,1.980108,1.980108,1.980108,1.980108,1.980108,1.980108,1.980108,1.980108,1.980108,1.980108,1.980108,1.980108,1.980108,1.980108,2.970162,1.980108,1.980108,1.980108,1.980108,1.980108,1.980108,1.980108,1.980108,1.980108,1.980108,1.980108,1.980108,1.980108,1.980108,1.980108,2.970162,1.980108,1.980108,1.980108,1.980108,1.980108,1.980108,1.980108,1.980108,1.980108,1.980108,1.980108,1.980108,1.980108,1.980108,1.980108,2.970162,1.980108,1.980108,1.980108,1.980108,1.980108,1.980108,1.980108,1.980108,1.980108,1.980108,1.980108,1.980108,1.980108,1.980108,1.980108,2.970162,1.980108,1.980108,1.980108,1.980108,1.980108,1.980108,1.980108,1.980108,1.980108,1.980108,1.980108,1.980108,1.980108,1.980108,1.980108,2.970162,1.980108,1.980108,1.980108,1.980108,1.980108,1.980108,1.980108,1.980108,1.980108,1.980108,1.980108,1.980108,1.980108,1.980108,1.980108,2.970162,1.980108,1.980108,1.980108,1.980108,1.980108,1.980108,1.980108,1.980108,1.980108,1.980108,1.980108,1.980108,1.980108,1.980108,1.980108,2.970162,1.980108,1.980108,1.980108,1.980108,1.980108,1.980108,1.980108,1.980108,1.980108,1.980108,1.980108,1.980108,1.980108,1.980108,1.980108,2.970162,1.980108,1.980108,1.980108,1.980108,1.980108,1.980108,1.980108,1.980108,1.980108,1.980108,1.980108,1.980108,1.980108,1.980108,1.980108,2.970162,1.980108,1.980108,1.980108,1.980108,1.980108,1.980108,1.980108,1.980108,1.980108,1.980108,1.980108,1.980108,1.980108,1.980108,1.980108,2.970162,1.980108,1.980108,1.980108,1.980108,1.980108,1.980108,1.980108,1.980108,1.980108,1.980108,1.980108,1.980108,1.980108,1.980108,1.980108,2.970162,1.980108,1.980108,1.980108,1.980108,1.980108,1.980108,1.980108,1.980108,1.980108,1.980108,1.980108
1.980108,1.980108,1.980108,1.980108,1.980108,2.970162,1.980108,1.980108,1.980108,1.980108,1.980108,1.980108,1.980108,1.980108,1.980108,1.980108,1.980108,1.980108,1.980108,1.980108,1.980108,2.970162,1.980108,1.980108,1.980108,1.980108,1.980108,1.980108,1.980108,1.980108,1.980108,1.980108,1.980108,1.980108,1.980108,1.980108,1.980108,2.970162,1.980108,1.980108,1.980108,1.980108,1.980108,1.980108,1.980108,1.980108,1.980108,1.980108,1.980108,1.980108,1.980108,1.980108,1.980108,2.970162,1.980108,1.980108,1.980108,1.980108,1.980108,1.980108,1.980108,1.980108,1.980108,1.980108,1.980108,1.980108,1.980108,1.980108,1.980108,2.970162,1.980108,1.980108,1.980108,1.980108,1.980108,1.980108,1.980108,1.980108,1.980108,1.980108,2.970162,2.970162,2.970162,2.970162,2.970162,-30.026799,2.970162,2.970162,2.970162,2.970162,2.970162,2.970162,2.970162,2.970162,2.970162,2.970162,1.980108,1.980108,1.980108,1.980108,1.980108,2.970162,1.980108,1.980108,1.980108,1.980108,1.980108,1.980108,1.980108,1.980108,1.980108,1.980108,1.980108,1.980108,1.980108,1.980108,1.980108,2.970162,1.980108,1.980108,1.980108,1.980108,1.980108,1.980108,1.980108,1.980108,1.980108,1.980108,1.980108,1.980108,1.980108,1.980108,1.980108,2.970162,1.980108,1.980108,1.980108,1.980108,1.980108,1.980108,1.980108,1.980108,1.980108,1.980108,1.980108,1.980108,1.980108,1.980108,1.980108,2.970162,1.980108,1.980108,1.980108,1.980108,1.980108,1.980108,1.980108,1.980108,1.980108,1.980108,1.980108,1.980108,1.980108,1.980108,1.980108,2.970162,1.980108,1.980108,1.980108,1.980108,1.980108,1.980108,1.980108,1.980108,1.980108,1.980108,1.980108,1.980108,1.980108,1.980108,1.980108,2.970162,1.980108,1.980108,1.980108,1.980108,1.980108,1.980108,1.980108,1.980108,1.980108,1.980108,1.980108,1.980108,1.980108,1.980108,1.980108,2.970162,1.980108,1.980108,1.980108,1.980108,1.980108,1.980108,1.980108,1.980108,1.980108,1.980108,1.980108,1.980108,1.980108,1.980108,1.980108,2.970162,1.980108,1.980108,1.980108,1.980108,1.980108,1.980108,1.980108,1.980108,1.980108,1.980108,1.980108,1.980108,1.980108,1.980108,1.980108,2.970162,1.980108,1.980108,1.980108,1.980108,1.980108,1.980108,1.980108,1.980108,1.980108,1.980108,1.980108,1.980108,1.980108,1.980108,1.980108,2.970162,1.980108,1.980108,1.980108,1.980108,1.980108,1.980108,1.980108,1.980108,1.980108,1.980108,1.980108,1.980108,1.980108,1.980108,1.980108,2.970162,1.980108,1.980108,1.980108,1.980108,1.980108,1.980108,1.980108,1.980108,1.980108,1.980108,1.980108,1.980108,1.980108,1.980108,1.980108,2.970162,1.980108,1.980108,1.980108,1.980108,1.980108,1.980108,1.980108,1.980108,1.980108,1.980108,1.980108,1.980108,1.980108,1.980108,1.980108,2.970162,1.980108,1.980108,1.980108,1.980108,1.980108,1.980108,1.980108,1.980108,1.980108,1.980108,1.980108,1.980108,1.980108,1.980108,1.980108,2.970162,1.980108,1.980108,1.980108,1.980108,1.980108,1.980108,1.980108,1.980108,1.980108,1.980108
1.980108,1.980108,1.980108,1.980108,1.980108,1.980108,2.970162,1.980108,1.980108,1.980108,1.980108,1.980108,1.980108,1.980108,1.980108,1.980108,1.980108,1.980108,1.980108,1.980108,1.980108,1.980108,2.970162,1.980108,1.980108,1.980108,1.980108,1.980108,1.980108,1.980108,1.980108,1.980108,1.980108,1.980108,1.980108,1.980108,1.980108,1.980108,2.970162,1.980108,1.980108,1.980108,1.980108,1.980108,1.980108,1.980108,1.980108,1.980108,1.980108,1.980108,1.980108,1.980108,1.980108,1.980108,2.970162,1.980108,1.980108,1.980108,1.980108,1.980108,1.980108,1.980108,1.980108,1.980108,1.980108,1.980108,1.980108,1.980108,1.980108,1.980108,2.970162,1.980108,1.980108,1.980108,1.980108,1.980108,1.980108,1.980108,1.980108,1.980108,2.970162,2.970162,2.970162,2.970162,2.970162,2.970162,-30.431222,2.970162,2.970162,2.970162,2.970162,2.970162,2.970162,2.970162,2.970162,2.970162,1.980108,1.980108,1.980108,1.980108,1.980108,1.980108,2.970162,1.980108,1.980108,1.980108,1.980108,1.980108,1.980108,1.980108,1.980108,1.980108,1.980108,1.980108,1.980108,1.980108,1.980108,1.980108,2.970162,1.980108,1.980108,1.980108,1.980108,1.980108,1.980108,1.980108,1.980108,1.980108,1.980108,1.980108,1.980108,1.980108,1.980108,1.980108,2.970162,1.980108,1.980108,1.980108,1.980108,1.980108,1.980108,1.980108,1.980108,1.980108,1.980108,1.980108,1.980108,1.980108,1.980108,1.980108,2.970162,1.980108,1.980108,1.980108,1.980108,1.980108,1.980108,1.980108,1.980108,1.980108,1.980108,1.980108,1.980108,1.980108,1.980108,1.980108,2.970162,1.980108,1.980108,1.980108,1.980108,1.980108,1.980108,1.980108,1.980108,1.980108,1.980108,1.980108,1.980108,1.980108,1.980108,1.980108,2.970162,1.980108,1.980108,1.980108,1.980108,1.980108,1.980108,1.980108,1.980108,1.980108,1.980108,1.980108,1.980108,1.980108,1.980108,1.980108,2.970162,1.980108,1.980108,1.980108,1.980108,1.980108,1.980108,1.980108,1.980108,1.980108,1.980108,1.980108,1.980108,1.980108,1.980108,1.980108,2.970162,1.980108,1.980108,1.980108,1.980108,1.980108,1.980108,1.980108,1.980108,1.980108,1.980108,1.980108,1.980108,1.980108,1.980108,1.980108,2.970162,1.980108,1.980108,1.980108,1.980108,1.980108,1.980108,1.980108,1.980108,1.980108,1.980108,1.980108,1.980108,1.980108,1.980108,1.980108,2.970162,1.980108,1.980108,1.980108,1.980108,1.980108,1.980108,1.980108,1.980108,1.980108,1.980108,1.980108,1.980108,1.980108,1.980108,1.980108,2.970162,1.980108,1.980108,1.980108,1.980108,1.980108,1.980108,1.980108,1.980108,1.980108,1.980108,1.980108,1.980108,1.980108,1.980108,1.980108,2.970162,1.980108,1.980108,1.980108,1.980108,1.980108,1.980108,1.980108,1.980108,1.980108,1.980108,1.980108,1.980108,1.980108,1.980108,1.980108,2.970162,1.980108,1.980108,1.980108,1.980108,1.980108,1.980108,1.980108,1.980108,1.980108,1.980108,1.980108,1.980108,1.980108,1.980108,1.980108,2.970162,1.980108,1.980108,1.980108,1.980108,1.980108,1.980108,1.980108,1.980108,1.980108
1.980108,1.980108,1.980108,1.980108,1.980108,1.980108,1.980108,2.970162,1.980108,1.980108,1.980108,1.980108,1.980108,1.980108,1.980108,1.980108,1.980108,1.980108,1.980108,1.980108,1.980108,1.980108,1.980108,2.970162,1.980108,1.980108,1.980108,1.980108,1.980108,1.980108,1.980108,1.980108,1.980108,1.980108,1.980108,1.980108,1.980108,1.980108,1.980108,2.970162,1.980108,1.980108,1.980108,1.980108,1.980108,1.980108,1.980108,1.980108,1.980108,1.980108,1.980108,1.980108,1.980108,1.980108,1.980108,2.970162,1.980108,1.980108,1.980108,1.980108,1.980108,1.980108,1.980108,1.980108,1.980108,1.980108,1.980108,1.980108,1.980108,1.980108,1.980108,2.970162,1.980108,1.980108,1.980108,1.980108,1.980108,1.980108,1.980108,1.980108,2.970162,2.970162,2.970162,2.970162,2.970162,2.970162,2.970162,-30.339173,2.970162,2.970162,2.970162,2.970162,2.970162,2.970162,2.970162,2.970162,1.980108,1.980108,1.980108,1.980108,1.980108,1.980108,1.980108,2.970162,1.980108,1.980108,1.980108,1.980108,1.980108,1.980108,1.980108,1.980108,1.980108,1.980108,1.980108,1.980108,1.980108,1.980108,1.980108,2.970162,1.980108,1.980108,1.980108,1.980108,1.980108,1.980108,1.980108,1.980108,1.980108,1.980108,1.980108,1.980108,1.980108,1.980108,1.980108,2.970162,1.980108,1.980108,1.980108,1.980108,1.980108,1.980108,1.980108,1.980108,1.980108,1.980108,1.980108,1.980108,1.980108,1.980108,1.980108,2.970162,1.980108,1.980108,1.980108,1.980108,1.980108,1.980108,1.980108,1.980108,1.980108,1.980108,1.980108,1.980108,1.980108,1.980108,1.980108,2.970162,1.980108,1.980108,1.980108,1.980108,1.980108,1.980108,1.980108,1.980108,1.980108,1.980108,1.980108,1.980108,1.980108,1.980108,1.980108,2.970162,1.980108,1.980108,1.980108,1.980108,1.980108,1.980108,1.980108,1.980108,1.980108,1.980108,1.980108,1.980108,1.980108,1.980108,1.980108,2.970162,1.980108,1.980108,1.980108,1.980108,1.980108,1.980108,1.980108,1.980108,1.980108,1.980108,1.980108,1.980108,1.980108,1.980108,1.980108,2.970162,1.980108,1.980108,1.980108,1.980108,1.980108,1.980108,1.980108,1.980108,1.980108,1.980108,1.980108,1.980108,1.980108,1.980108,1.980108,2.970162,1.980108,1.980108,1.980108,1.980108,1.980108,1.980108,1.980108,1.980108,1.980108,1.980108,1.980108,1.980108,1.980108,1.980108,1.980108,2.970162,1.980108,1.980108,1.980108,1.980108,1.980108,1.980108,1.980108,1.980108,1.980108,1.980108,1.980108,1.980108,1.980108,1.980108,1.980108,2.970162,1.980108,1.980108,1.980108,1.980108,1.980108,1.980108,1.980108,1.980108,1.980108,1.980108,1.980108,1.980108,1.980108,1.980108,1.980108,2.970162,1.980108,1.980108,1.980108,1.980108,1.980108,1.980108,1.980108,1.980108,1.980108,1.980108,1.980108,1.980108,1.980108,1.980108,1.980108,2.970162,1.980108,1.980108,1.980108,1.980108,1.980108,1.980108,1.980108,1.980108,1.980108,1.980108,1.980108,1.980108,1.980108,1.980108,1.980108,2.970162,1.980108,1.980108,1.980108,1.980108,1.980108,1.980108,1.980108,1.980108
1.980108,1.980108,1.980108,1.980108,1.980108,1.980108,1.980108,1.980108,2.970162,1.980108,1.980108,1.980108,1.980108,1.980108,1.980108,1.980108,1.980108,1.980108,1.980108,1.980108,1.980108,1.980108,1.980108,1.980108,2.970162,1.980108,1.980108,1.980108,1.980108,1.980108,1.980108,1.980108,1.980108,1.980108,1.980108,1.980108,1.980108,1.980108,1.980108,1.980108,2.970162,1.980108,1.980108,1.980108,1.980108,1.980108,1.980108,1.980108,1.980108,1.980108,1.980108,1.980108,1.980108,1.980108,1.980108,1.980108,2.970162,1.980108,1.980108,1.980108,1.980108,1.980108,1.980108,1.980108,1.980108,1.980108,1.980108,1.980108,1.980108,1.980108,1.980108,1.980108,2.970162,1.980108,1.980108,1.980108,1.980108,1.980108,1.980108,1.980108,2.970162,2.970162,2.970162,2.970162,2.970162,2.970162,2.970162,2.970162,-30.588828,2.970162,2.970162,2.970162,2.970162,2.970162,2.970162,2.970162,1.980108,1.980108,1.980108,1.980108,1.980108,1.980108,1.980108,1.980108,2.970162,1.980108,1.980108,1.980108,1.980108,1.980108,1.980108,1.980108,1.980108,1.980108,1.980108,1.980108,1.980108,1.980108,1.980108,1.980108,2.970162,1.980108,1.980108,1.980108,1.980108,1.980108,1.980108,1.980108,1.980108,1.980108,1.980108,1.980108,1.980108,1.980108,1.980108,1.980108,2.970162,1.980108,1.980108,1.980108,1.980108,1.980108,1.980108,1.980108,1.980108,1.980108,1.980108,1.980108,1.980108,1.980108,1.980108,1.980108,2.970162,1.980108,1.980108,1.980108,1.980108,1.980108,1.980108,1.980108,1.980108,1.980108,1.980108,1.980108,1.980108,1.980108,1.980108,1.980108,2.970162,1.980108,1.980108,1.980108,1.980108,1.980108,1.980108,1.980108,1.980108,1.980108,1.980108,1.980108,1.980108,1.980108,1.980108,1.980108,2.970162,1.980108,1.980108,1.980108,1.980108,1.980108,1.980108,1.980108,1.980108,1.980108,1.980108,1.980108,1.980108,1.980108,1.980108,1.980108,2.970162,1.980108,1.980108,1.980108,1.980108,1.980108,1.980108,1.980108,1.980108,1.980108,1.980108,1.980108,1.980108,1.980108,1.980108,1.980108,2.970162,1.980108,1.980108,1.980108,1.980108,1.980108,1.980108,1.980108,1.980108,1.980108,1.980108,1.980108,1.980108,1.980108,1.980108,1.980108,2.970162,1.980108,1.980108,1.980108,1.980108,1.980108,1.980108,1.980108,1.980108,1.980108,1.980108,1.980108,1.980108,1.980108,1.980108,1.980108,2.970162,1.980108,1.980108,1.980108,1.980108,1.980108,1.980108,1.980108,1.980108,1.980108,1.980108,1.980108,1.980108,1.980108,1.980108,1.980108,2.970162,1.980108,1.980108,1.980108,1.980108,1.980108,1.980108,1.980108,1.980108,1.980108,1.980108,1.980108,1.980108,1.980108,1.980108,1.980108,2.970162,1.980108,1.980108,1.980108,1.980108,1.980108,1.980108,1.980108,1.980108,1.980108,1.980108,1.980108,1.980108,1.980108,1.980108,1.980108,2.970162,1.980108,1.980108,1.980108,1.980108,1.980108,1.980108,1.980108,1.980108,1.980108,1.980108,1.980108,1.980108,1.980108,1.980108,1.980108,2.970162,1.980108,1.980108,1.980108,1.980108,1.980108,1.980108,1.980108
1.980108,1.980108,1.980108,1.980108,1.980108,1.980108,1.980108,1.980108,1.980108,2.970162,1.980108,1.980108,1.980108,1.980108,1.980108,1.980108,1.980108,1.980108,1.980108,1.980108,1.980108,1.980108,1.980108,1.980108,1.980108,2.970162,1.980108,1.980108,1.980108,1.980108,1.980108,1.980108,1.980108,1.980108,1.980108,1.980108,1.980108,1.980108,1.980108,1.980108,1.980108,2.970162,1.980108,1.980108,1.980108,1.980108,1.980108,1.980108,1.980108,1.980108,1.980108,1.980108,1.980108,1.980108,1.980108,1.980108,1.980108,2.970162,1.980108,1.980108,1.980108,1.980108,1.980108,1.980108,1.980108,1.980108,1.980108,1.980108,1.980108,1.980108,1.980108,1.980108,1.980108,2.970162,1.980108,1.980108,1.980108,1.980108,1.980108,1.980108,2.970162,2.970162,2.970162,2.970162,2.970162,2.970162,2.970162,2.970162,2.970162,-30.173830,2.970162,2.970162,2.970162,2.970162,2.970162,2.970162,1.980108,1.980108,1.980108,1.980108,1.980108,1.980108,1.980108,1.980108,1.980108,2.970162,1.980108,1.980108,1.980108,1.980108,1.980108,1.980108,1.980108,1.980108,1.980108,1.980108,1.980108,1.980108,1.980108,1.980108,1.980108,2.970162,1.980108,1.980108,1.980108,1.980108,1.980108,1.980108,1.980108,1.980108,1.980108,1.980108,1.980108,1.980108,1.980108,1.980108,1.980108,2.970162,1.980108,1.980108,1.980108,1.980108,1.980108,1.980108,1.980108,1.980108,1.980108,1.980108,1.980108,1.980108,1.980108,1.980108,1.980108,2.970162,1.980108,1.980108,1.980108,1.980108,1.980108,1.980108,1.980108,1.980108,1.980108,1.980108,1.980108,1.980108,1.980108,1.980108,1.980108,2.970162,1.980108,1.980108,1.980108,1.980108,1.980108,1.980108,1.980108,1.980108,1.980108,1.980108,1.980108,1.980108,1.980108,1.980108,1.980108,2.970162,1.980108,1.980108,1.980108,1.980108,1.980108,1.980108,1.980108,1.980108,1.980108,1.980108,1.980108,1.980108,1.980108,1.980108,1.980108,2.970162,1.980108,1.980108,1.980108,1.980108,1.980108,1.980108,1.980108,1.980108,1.980108,1.980108,1.980108,1.980108,1.980108,1.980108,1.980108,2.970162,1.980108,1.980108,1.980108,1.980108,1.980108,1.980108,1.980108,1.980108,1.980108,1.980108,1.980108,1.980108,1.980108,1.980108,1.980108,2.970162,1.980108,1.980108,1.980108,1.980108,1.980108,1.980108,1.980108,1.980108,1.980108,1.980108,1.980108,1.980108,1.980108,1.980108,1.980108,2.970162,1.980108,1.980108,1.980108,1.980108,1.980108,1.980108,1.980108,1.980108,1.980108,1.980108,1.980108,1.980108,1.980108,1.980108,1.980108,2.970162,1.980108,1.980108,1.980108,1.980108,1.980108,1.980108,1.980108,1.980108,1.980108,1.980108,1.980108,1.980108,1.980108,1.980108,1.980108,2.970162,1.980108,1.980108,1.980108,1.980108,1.980108,1.980108,1.980108,1.980108,1.980108,1.980108,1.980108,1.980108,1.980108,1.980108,1.980108,2.970162,1.980108,1.980108,1.980108,1.980108,1.980108,1.980108,1.980108,1.980108,1.980108,1.980108,1.980108,1.980108,1.980108,1.980108,1.980108,2.970162,1.980108,1.980108,1.980108,1.980108,1.980108,1.980108
1.980108,1.980108,1.980108,1.980108,1.980108,1.980108,1.980108,1.980108,1.980108,1.980108,2.970162,1.980108,1.980108,1.980108,1.980108,1.980108,1.980108,1.980108,1.980108,1.980108,1.980108,1.980108,1.980108,1.980108,1.980108,1.980108,2.970162,1.980108,1.980108,1.980108,1.980108,1.980108,1.980108,1.980108,1.980108,1.980108,1.980108,1.980108,1.980108,1.980108,1.980108,1.980108,2.970162,1.980108,1.980108,1.980108,1.980108,1.980108,1.980108,1.980108,1.980108,1.980108,1.980108,1.980108,1.980108,1.980108,1.980108,1.980108,2.970162,1.980108,1.980108,1.980108,1.980108,1.980108,1.980108,1.980108,1.980108,1.980108,1.980108,1.980108,1.980108,1.980108,1.980108,1.980108,2.970162,1.980108,1.980108,1.980108,1.980108,1.980108,2.970162,2.970162,2.970162,2.970162,2.970162,2.970162,2.970162,2.970162,2.970162,2.970162,-29.821210,2.970162,2.970162,2.970162,2.970162,2.970162,1.980108,1.980108,1.980108,1.980108,1.980108,1.980108,1.980108,1.980108,1.980108,1.980108,2.970162,1.980108,1.980108,1.980108,1.980108,1.980108,1.980108,1.980108,1.980108,1.980108,1.980108,1.980108,1.980108,1.980108,1.980108,1.980108,2.970162,1.980108,1.980108,1.980108,1.980108,1.980108,1.980108,1.980108,1.980108,1.980108,1.980108,1.980108,1.980108,1.980108,1.980108,1.980108,2.970162,1.980108,1.980108,1.980108,1.980108,1.980108,1.980108,1.980108,1.980108,1.980108,1.980108,1.980108,1.980108,1.980108,1.980108,1.980108,2.970162,1.980108,1.980108,1.980108,1.980108,1.980108,1.980108,1.980108,1.980108,1.980108,1.980108,1.980108,1.980108,1.980108,1.980108,1.980108,2.970162,1.980108,1.980108,1.980108,1.980108,1.980108,1.980108,1.980108,1.980108,1.980108,1.980108,1.980108,1.980108,1.980108,1.980108,1.980108,2.970162,1.980108,1.980108,1.980108,1.980108,1.980108,1.980108,1.980108,1.980108,1.980108,1.980108,1.980108,1.980108,1.980108,1.980108,1.980108,2.970162,1.980108,1.980108,1.980108,1.980108,1.980108,1.980108,1.980108,1.980108,1.980108,1.980108,1.980108,1.980108,1.980108,1.980108,1.980108,2.970162,1.980108,1.980108,1.980108,1.980108,1.980108,1.980108,1.980108,1.980108,1.980108,1.980108,1.980108,1.980108,1.980108,1.980108,1.980108,2.970162,1.980108,1.980108,1.980108,1.980108,1.980108,1.980108,1.980108,1.980108,1.980108,1.980108,1.980108,1.980108,1.980108,1.980108,1.980108,2.970162,1.980108,1.980108,1.980108,1.980108,1.980108,1.980108,1.980108,1.980108,1.980108,1.980108,1.980108,1.980108,1.980108,1.980108,1.980108,2.970162,1.980108,1.980108,1.980108,1.980108,1.980108,1.980108,1.980108,1.980108,1.980108,1.980108,1.980108,1.980108,1.980108,1.980108,1.980108,2.970162,1.980108,1.980108,1.980108,1.980108,1.980108,1.980108,1.980108,1.980108,1.980108,1.980108,1.980108,1.980108,1.980108,1.980108,1.980108,2.970162,1.980108,1.980108,1.980108,1.980108,1.980108,1.980108,1.980108,1.980108,1.980108,1.980108,1.980108,1.980108,1.980108,1.980108,1.980108,2.970162,1.980108,1.980108,1.980108,1.980108,1.980108
1.980108,1.980108,1.980108,1.980108,1.980108,1.980108,1.980108,1.980108,1.980108,1.980108,1.980108,2.970162,1.980108,1.980108,1.980108,1.980108,1.980108,1.980108,1.980108,1.980108,1.980108,1.980108,1.980108,1.980108,1.980108,1.980108,1.980108,2.970162,1.980108,1.980108,1.980108,1.980108,1.980108,1.980108,1.980108,1.980108,1.980108,1.980108,1.980108,1.980108,1.980108,1.980108,1.980108,2.970162,1.980108,1.980108,1.980108,1.980108,1.980108,1.980108,1.980108,1.980108,1.980108,1.980108,1.980108,1.980108,1.980108,1.980108,1.980108,2.970162,1.980108,1.980108,1.980108,1.980108,1.980108,1.980108,1.980108,1.980108,1.980108,1.980108,1.980108,1.980108,1.980108,1.980108,1.980108,2.970162,1.980108,1.980108,1.980108,1.980108,2.970162,2.970162,2.970162,2.970162,2.970162,2.970162,2.970162,2.970162,2.970162,2.970162,2.970162,-30.414860,2.970162,2.970162,2.970162,2.970162,1.980108,1.980108,1.980108,1.980108,1.980108,1.980108,1.980108,1.980108,1.980108,1.980108,1.980108,2.970162,1.980108,1.980108,1.980108,1.980108,1.980108,1.980108,1.980108,1.980108,1.980108,1.980108,1.980108,1.980108,1.980108,1.980108,1.980108,2.970162,1.980108,1.980108,1.980108,1.980108,1.980108,1.980108,1.980108,1.980108,1.980108,1.980108,1.980108,1.980108,1.980108,1.980108,1.980108,2.970162,1.980108,1.980108,1.980108,1.980108,1.980108,1.980108,1.980108,1.980108,1.980108,1.980108,1.980108,1.980108,1.980108,1.980108,1.980108,2.970162,1.980108,1.980108,1.980108,1.980108,1.980108,1.980108,1.980108,1.980108,1.980108,1.980108,1.980108,1.980108,1.980108,1.980108,1.980108,2.970162,1.980108,1.980108,1.980108,1.980108,1.980108,1.980108,1.980108,1.980108,1.980108,1.980108,1.980108,1.980108,1.980108,1.980108,1.980108,2.970162,1.980108,1.980108,1.980108,1.980108,1.980108,1.980108,1.980108,1.980108,1.980108,1.980108,1.980108,1.980108,1.980108,1.980108,1.980108,2.970162,1.980108,1.980108,1.980108,1.980108,1.980108,1.980108,1.980108,1.980108,1.980108,1.980108,1.980108,1.980108,1.980108,1.980108,1.980108,2.970162,1.980108,1.980108,1.980108,1.980108,1.980108,1.980108,1.980108,1.980108,1.980108,1.980108,1.980108,1.980108,1.980108,1.980108,1.980108,2.970162,1.980108,1.980108,1.980108,1.980108,1.980108,1.980108,1.980108,1.980108,1.980108,1.980108,1.980108,1.980108,1.980108,1.980108,1.980108,2.970162,1.980108,1.980108,1.980108,1.980108,1.980108,1.980108,1.980108,1.980108,1.980108,1.980108,1.980108,1.980108,1.980108,1.980108,1.980108,2.970162,1.980108,1.980108,1.980108,1.980108,1.980108,1.980108,1.980108,1.980108,1.980108,1.980108,1.980108,1.980108,1.980108,1.980108,1.980108,2.970162,1.980108,1.980108,1.980108,1.980108,1.980108,1.980108,1.980108,1.980108,1.980108,1.980108,1.980108,1.980108,1.980108,1.980108,1.980108,2.970162,1.980108,1.980108,1.980108,1.980108,1.980108,1.980108,1.980108,1.980108,1.980108,1.980108,1.980108,1.980108,1.980108,1.980108,1.980108,2.970162,1.980108,1.980108,1.980108,1.980108
1.980108,1.980108,1.980108,1.980108,1.980108,1.980108,1.980108,1.980108,1.980108,1.980108,1.980108,1.980108,2.970162,1.980108,1.980108,1.980108,1.980108,1.980108,1.980108,1.980108,1.980108,1.980108,1.980108,1.980108,1.980108,1.980108,1.980108,1.980108,2.970162,1.980108,1.980108,1.980108,1.980108,1.980108,1.980108,1.980108,1.980108,1.980108,1.980108,1.980108,1.980108,1.980108,1.980108,1.980108,2.970162,1.980108,1.980108,1.980108,1.980108,1.980108,1.980108,1.980108,1.980108,1.980108,1.980108,1.980108,1.980108,1.980108,1.980108,1.980108,2.970162,1.980108,1.980108,1.980108,1.980108,1.980108,1.980108,1.980108,1.980108,1.980108,1.980108,1.980108,1.980108,1.980108,1.980108,1.980108,2.970162,1.980108,1.980108,1.980108,2.970162,2.970162,2.970162,2.970162,2.970162,2.970162,2.970162,2.970162,2.970162,2.970162,2.970162,2.970162,-30.462401,2.970162,2.970162,2.970162,1.980108,1.980108,1.980108,1.980108,1.980108,1.980108,1.980108,1.980108,1.980108,1.980108,1.980108,1.980108,2.970162,1.980108,1.980108,1.980108,1.980108,1.980108,1.980108,1.980108,1.980108,1.980108,1.980108,1.980108,1.980108,1.980108,1.980108,1.980108,2.970162,1.980108,1.980108,1.980108,1.980108,1.980108,1.980108,1.980108,1.980108,1.980108,1.980108,1.980108,1.980108,1.980108,1.980108,1.980108,2.970162,1.980108,1.980108,1.980108,1.980108,1.980108,1.980108,1.980108,1.980108,1.980108,1.980108,1.980108,1.980108,1.980108,1.980108,1.980108,2.970162,1.980108,1.980108,1.980108,1.980108,1.980108,1.980108,1.980108,1.980108,1.980108,1.980108,1.980108,1.980108,1.980108,1.980108,1.980108,2.970162,1.980108,1.980108,1.980108,1.980108,1.980108,1.980108,1.980108,1.980108,1.980108,1.980108,1.980108,1.980108,1.980108,1.980108,1.980108,2.970162,1.980108,1.980108,1.980108,1.980108,1.980108,1.980108,1.980108,1.980108,1.980108,1.980108,1.980108,1.980108,1.980108,1.980108,1.980108,2.970162,1.980108,1.980108,1.980108,1.980108,1.980108,1.980108,1.980108,1.980108,1.980108,1.980108,1.980108,1.980108,1.980108,1.980108,1.980108,2.970162,1.980108,1.980108,1.980108,1.980108,1.980108,1.980108,1.980108,1.980108,1.980108,1.980108,1.980108,1.980108,1.980108,1.980108,1.980108,2.970162,1.980108,1.980108,1.980108,1.980108,1.980108,1.980108,1.980108,1.980108,1.980108,1.980108,1.980108,1.980108,1.980108,1.980108,1.980108,2.970162,1.980108,1.980108,1.980108,1.980108,1.980108,1.980108,1.980108,1.980108,1.980108,1.980108,1.980108,1.980108,1.980108,1.980108,1.980108,2.970162,1.980108,1.980108,1.980108,1.980108,1.980108,1.980108,1.980108,1.980108,1.980108,1.980108,1.980108,1.980108,1.980108,1.980108,1.980108,2.970162,1.980108,1.980108,1.980108,1.980108,1.980108,1.980108,1.980108,1.980108,1.980108,1.980108,1.980108,1.980108,1.980108,1.980108,1.980108,2.970162,1.980108,1.980108,1.980108,1.980108,1.980108,1.980108,1.980108,1.980108,1.980108,1.980108,1.980108,1.980108,1.980108,1.980108,1.980108,2.970162,1.980108,1.980108,1.980108
1.980108,1.980108,1.980108,1.980108,1.980108,1.980108,1.980108,1.980108,1.980108,1.980108,1.980108,1.980108,1.980108,2.970162,1.980108,1.980108,1.980108,1.980108,1.980108,1.980108,1.980108,1.980108,1.980108,1.980108,1.980108,1.980108,1.980108,1.980108,1.980108,2.970162,1.980108,1.980108,1.980108,1.980108,1.980108,1.980108,1.980108,1.980108,1.980108,1.980108,1.980108,1.980108,1.980108,1.980108,1.980108,2.970162,1.980108,1.980108,1.980108,1.980108,1.980108,1.980108,1.980108,1.980108,1.980108,1.980108,1.980108,1.980108,1.980108,1.980108,1.980108,2.970162,1.980108,1.980108,1.980108,1.980108,1.980108,1.980108,1.980108,1.980108,1.980108,1.980108,1.980108,1.980108,1.980108,1.980108,1.980108,2.970162,1.980108,1.980108,2.970162,2.970162,2.970162,2.970162,2.970162,2.970162,2.970162,2.970162,2.970162,2.970162,2.970162,2.970162,2.970162,-30.262893,2.970162,2.970162,1.980108,1.980108,1.980108,1.980108,1.980108,1.980108,1.980108,1.980108,1.980108,1.980108,1.980108,1.980108,1.980108,2.970162,1.980108,1.980108,1.980108,1.980108,1.980108,1.980108,1.980108,1.980108,1.980108,1.980108,1.980108,1.980108,1.980108,1.980108,1.980108,2.970162,1.980108,1.980108,1.980108,1.980108,1.980108,1.980108,1.980108,1.980108,1.980108,1.980108,1.980108,1.980108,1.980108,1.980108,1.980108,2.970162,1.980108,1.980108,1.980108,1.980108,1.980108,1.980108,1.980108,1.980108,1.980108,1.980108,1.980108,1.980108,1.980108,1.980108,1.980108,2.970162,1.980108,1.980108,1.980108,1.980108,1.980108,1.980108,1.980108,1.980108,1.980108,1.980108,1.980108,1.980108,1.980108,1.980108,1.980108,2.970162,1.980108,1.980108,1.980108,1.980108,1.980108,1.980108,1.980108,1.980108,1.980108,1.980108,1.980108,1.980108,1.980108,1.980108,1.980108,2.970162,1.980108,1.980108,1.980108,1.980108,1.980108,1.980108,1.980108,1.980108,1.980108,1.980108,1.980108,1.980108,1.980108,1.980108,1.980108,2.970162,1.980108,1.980108,1.980108,1.980108,1.980108,1.980108,1.980108,1.980108,1.980108,1.980108,1.980108,1.980108,1.980108,1.980108,1.980108,2.970162,1.980108,1.980108,1.980108,1.980108,1.980108,1.980108,1.980108,1.980108,1.980108,1.980108,1.980108,1.980108,1.980108,1.980108,1.980108,2.970162,1.980108,1.980108,1.980108,1.980108,1.980108,1.980108,1.980108,1.980108,1.980108,1.980108,1.980108,1.980108,1.980108,1.980108,1.980108,2.970162,1.980108,1.980108,1.980108,1.980108,1.980108,1.980108,1.980108,1.980108,1.980108,1.980108,1.980108,1.980108,1.980108,1.980108,1.980108,2.970162,1.980108,1.980108,1.980108,1.980108,1.980108,1.980108,1.980108,1.980108,1.980108,1.980108,1.980108,1.980108,1.980108,1.980108,1.980108,2.970162,1.980108,1.980108,1.980108,1.980108,1.980108,1.980108,1.980108,1.980108,1.980108,1.980108,1.980108,1.980108,1.980108,1.980108,1.980108,2.970162,1.980108,1.980108,1.980108,1.980108,1.980108,1.980108,1.980108,1.980108,1.980108,1.980108,1.980108,1.980108,1.980108,1.980108,1.980108,2.970162,1.980108,1.980108
1.980108,1.980108,1.980108,1.980108,1.980108,1.980108,1.980108,1.980108,1.980108,1.980108,1.980108,1.980108,1.980108,1.980108,2.970162,1.980108,1.980108,1.980108,1.980108,1.980108,1.980108,1.980108,1.980108,1.980108,1.980108,1.980108,1.980108,1.980108,1.980108,1.980108,2.970162,1.980108,1.980108,1.980108,1.980108,1.980108,1.980108,1.980108,1.980108,1.980108,1.980108,1.980108,1.980108,1.980108,1.980108,1.980108,2.970162,1.980108,1.980108,1.980108,1.980108,1.980108,1.980108,1.980108,1.980108,1.980108,1.980108,1.980108,1.980108,1.980108,1.980108,1.980108,2.970162,1.980108,1.980108,1.980108,1.980108,1.980108,1.980108,1.980108,1.980108,1.980108,1.980108,1.980108,1.980108,1.980108,1.980108,1.980108,2.970162,1.980108,2.970162,2.970162,2.970162,2.970162,2.970162,2.970162,2.970162,2.970162,2.970162,2.970162,2.970162,2.970162,2.970162,2.970162,-30.472583,2.970162,1.980108,1.980108,1.980108,1.980108,1.980108,1.980108,1.980108,1.980108,1.980108,1.980108,1.980108,1.980108,1.980108,1.980108,2.970162,1.980108,1.980108,1.980108,1.980108,1.980108,1.980108,1.980108,1.980108,1.980108,1.980108,1.980108,1.980108,1.980108,1.980108,1.980108,2.970162,1.980108,1.980108,1.980108,1.980108,1.980108,1.980108,1.980108,1.980108,1.980108,1.980108,1.980108,1.980108,1.980108,1.980108,1.980108,2.970162,1.980108,1.980108,1.980108,1.980108,1.980108,1.980108,1.980108,1.980108,1.980108,1.980108,1.980108,1.980108,1.980108,1.980108,1.980108,2.970162,1.980108,1.980108,1.980108,1.980108,1.980108,1.980108,1.980108,1.980108,1.980108,1.980108,1.980108,1.980108,1.980108,1.980108,1.980108,2.970162,1.980108,1.980108,1.980108,1.980108,1.980108,1.980108,1.980108,1.980108,1.980108,1.980108,1.980108,1.980108,1.980108,1.980108,1.980108,2.970162,1.980108,1.980108,1.980108,1.980108,1.980108,1.980108,1.980108,1.980108,1.980108,1.980108,1.980108,1.980108,1.980108,1.980108,1.980108,2.970162,1.980108,1.980108,1.980108,1.980108,1.980108,1.980108,1.980108,1.980108,1.980108,1.980108,1.980108,1.980108,1.980108,1.980108,1.980108,2.970162,1.980108,1.980108,1.980108,1.980108,1.980108,1.980108,1.980108,1.980108,1.980108,1.980108,1.980108,1.980108,1.980108,1.980108,1.980108,2.970162,1.980108,1.980108,1.980108,1.980108,1.980108,1.980108,1.980108,1.980108,1.980108,1.980108,1.980108,1.980108,1.980108,1.980108,1.980108,2.970162,1.980108,1.980108,1.980108,1.980108,1.980108,1.980108,1.980108,1.980108,1.980108,1.980108,1.980108,1.980108,1.980108,1.980108,1.980108,2.970162,1.980108,1.980108,1.980108,1.980108,1.980108,1.980108,1.980108,1.980108,1.980108,1.980108,1.980108,1.980108,1.980108,1.980108,1.980108,2.970162,1.980108,1.980108,1.980108,1.980108,1.980108,1.980108,1.980108,1.980108,1.980108,1.980108,1.980108,1.980108,1.980108,1.980108,1.980108,2.970162,1.980108,1.980108,1.980108,1.980108,1.980108,1.980108,1.980108,1.980108,1.980108,1.980108,1.980108,1.980108,1.980108,1.980108,1.980108,2.970162,1.980108
1.980108,1.980108,1.980108,1.980108,1.980108,1.980108,1.980108,1.980108,1.980108,1.980108,1.980108,1.980108,1.980108,1.980108,1.980108,2.970162,1.980108,1.980108,1.980108,1.980108,1.980108,1.980108,1.980108,1.980108,1.980108,1.980108,1.980108,1.980108,1.980108,1.980108,1.980108,2.970162,1.980108,1.980108,1.980108,1.980108,1.980108,1.980108,1.980108,1.980108,1.980108,1.980108,1.980108,1.980108,1.980108,1.980108,1.980108,2.970162,1.980108,1.980108,1.980108,1.980108,1.980108,1.980108,1.980108,1.980108,1.980108,1.980108,1.980108,1.980108,1.980108,1.980108,1.980108,2.970162,1.980108,1.980108,1.980108,1.980108,1.980108,1.980108,1.980108,1.980108,1.980108,1.980108,1.980108,1.980108,1.980108,1.980108,1.980108,2.970162,2.970162,2.970162,2.970162,2.970162,2.970162,2.970162,2.970162,2.970162,2.970162,2.970162,2.970162,2.970162,2.970162,2.970162,2.970162,-30.195411,1.980108,1.980108,1.980108,1.980108,1.980108,1.980108,1.980108,1.980108,1.980108,1.980108,1.980108,1.980108,1.980108,1.980108,1.980108,2.970162,1.980108,1.980108,1.980108,1.980108,1.980108,1.980108,1.980108,1.980108,1.980108,1.980108,1.980108,1.980108,1.980108,1.980108,1.980108,2.970162,1.980108,1.980108,1.980108,1.980108,1.980108,1.980108,1.980108,1.980108,1.980108,1.980108,1.980108,1.980108,1.980108,1.980108,1.980108,2.970162,1.980108,1.980108,1.980108,1.980108,1.980108,1.980108,1.980108,1.980108,1.980108,1.980108,1.980108,1.980108,1.980108,1.980108,1.980108,2.970162,1.980108,1.980108,1.980108,1.980108,1.980108,1.980108,1.980108,1.980108,1.980108,1.980108,1.980108,1.980108,1.980108,1.980108,1.980108,2.970162,1.980108,1.980108,1.980108,1.980108,1.980108,1.980108,1.980108,1.980108,1.980108,1.980108,1.980108,1.980108,1.980108,1.980108,1.980108,2.970162,1.980108,1.980108,1.980108,1.980108,1.980108,1.980108,1.980108,1.980108,1.980108,1.980108,1.980108,1.980108,1.980108,1.980108,1.980108,2.970162,1.980108,1.980108,1.980108,1.980108,1.980108,1.980108,1.980108,1.980108,1.980108,1.980108,1.980108,1.980108,1.980108,1.980108,1.980108,2.970162,1.980108,1.980108,1.980108,1.980108,1.980108,1.980108,1.980108,1.980108,1.980108,1.980108,1.980108,1.980108,1.980108,1.980108,1.980108,2.970162,1.980108,1.980108,1.980108,1.980108,1.980108,1.980108,1.980108,1.980108,1.980108,1.980108,1.980108,1.980108,1.980108,1.980108,1.980108,2.970162,1.980108,1.980108,1.980108,1.980108,1.980108,1.980108,1.980108,1.980108,1.980108,1.980108,1.980108,1.980108,1.980108,1.980108,1.980108,2.970162,1.980108,1.980108,1.980108,1.980108,1.980108,1.980108,1.980108,1.980108,1.980108,1.980108,1.980108,1.980108,1.980108,1.980108,1.980108,2.970162,1.980108,1.980108,1.980108,1.980108,1.980108,1.980108,1.980108,1.980108,1.980108,1.980108,1.980108,1.980108,1.980108,1.980108,1.980108,2.970162,1.980108,1.980108,1.980108,1.980108,1.980108,1.980108,1.980108,1.980108,1.980108,1.980108,1.980108,1.980108,1.980108,1.980108,1.980108,2.970162
2.970162,1.980108,1.980108,1.980108,1.980108,1.980108,1.980108,1.980108,1.980108,1.980108,1.980108,1.980108,1.980108,1.980108,1.980108,1.980108,2.970162,1.980108,1.980108,1.980108,1.980108,1.980108,1.980108,1.980108,1.980108,1.980108,1.980108,1.980108,1.980108,1.980108,1.980108,1.980108,2.970162,1.980108,1.980108,1.980108,1.980108,1.980108,1.980108,1.980108,1.980108,1.980108,1.980108,1.980108,1.980108,1.980108,1.980108,1.980108,2.970162,1.980108,1.980108,1.980108,1.980108,1.980108,1.980108,1.980108,1.980108,1.980108,1.980108,1.980108,1.980108,1.980108,1.980108,1.980108,2.970162,1.980108,1.980108,1.980108,1.980108,1.980108,1.980108,1.980108,1.980108,1.980108,1.980108,1.980108,1.980108,1.980108,1.980108,1.980108,2.970162,1.980108,1.980108,1.980108,1.980108,1.980108,1.980108,1.980108,1.980108,1.980108,1.980108,1.980108,1.980108,1.980108,1.980108,1.980108,-30.224348,2.970162,2.970162,2.970162,2.970162,2.970162,2.970162,2.970162,2.970162,2.970162,2.970162,2.970162,2.970162,2.970162,2.970162,2.970162,2.970162,1.980108,1.980108,1.980108,1.980108,1.980108,1.980108,1.980108,1.980108,1.980108,1.980108,1.980108,1.980108,1.980108,1.980108,1.980108,2.970162,1.980108,1.980108,1.980108,1.980108,1.980108,1.980108,1.980108,1.980108,1.980108,1.980108,1.980108,1.980108,1.980108,1.980108,1.980108,2.970162,1.980108,1.980108,1.980108,1.980108,1.980108,1.980108,1.980108,1.980108,1.980108,1.980108,1.980108,1.980108,1.980108,1.980108,1.980108,2.970162,1.980108,1.980108,1.980108,1.980108,1.980108,1.980108,1.980108,1.980108,1.980108,1.980108,1.980108,1.980108,1.980108,1.980108,1.980108,2.970162,1.980108,1.980108,1.980108,1.980108,1.980108,1.980108,1.980108,1.980108,1.980108,1.980108,1.980108,1.980108,1.980108,1.980108,1.980108,2.970162,1.980108,1.980108,1.980108,1.980108,1.980108,1.980108,1.980108,1.980108,1.980108,1.980108,1.980108,1.980108,1.980108,1.980108,1.980108,2.970162,1.980108,1.980108,1.980108,1.980108,1.980108,1.980108,1.980108,1.980108,1.980108,1.980108,1.980108,1.980108,1.980108,1.980108,1.980108,2.970162,1.980108,1.980108,1.980108,1.980108,1.980108,1.980108,1.980108,1.980108,1.980108,1.980108,1.980108,1.980108,1.980108,1.980108,1.980108,2.970162,1.980108,1.980108,1.980108,1.980108,1.980108,1.980108,1.980108,1.980108,1.980108,1.980108,1.980108,1.980108,1.980108,1.980108,1.980108,2.970162,1.980108,1.980108,1.980108,1.980108,1.980108,1.980108,1.980108,1.980108,1.980108,1.980108,1.980108,1.980108,1.980108,1.980108,1.980108,2.970162,1.980108,1.980108,1.980108,1.980108,1.980108,1.980108,1.980108,1.980108,1.980108,1.980108,1.980108,1.980108,1.980108,1.980108,1.980108,2.970162,1.980108,1.980108,1.980108,1.980108,1.980108,1.980108,1.980108,1.980108,1.980108,1.980108,1.980108,1.980108,1.980108,1.980108,1.980108,2.970162,1.980108,1.980108,1.980108,1.980108,1.980108,1.980108,1.980108,1.980108,1.980108,1.980108,1.980108,1.980108,1.980108,1.980108,1.980108
1.980108,2.970162,1.980108,1.980108,1.980108,1.980108,1.980108,1.980108,1.980108,1.980108,1.980108,1.980108,1.980108,1.980108,1.980108,1.980108,1.980108,2.970162,1.980108,1.980108,1.980108,1.980108,1.980108,1.980108,1.980108,1.980108,1.980108,1.980108,1.980108,1.980108,1.980108,1.980108,1.980108,2.970162,1.980108,1.980108,1.980108,1.980108,1.980108,1.980108,1.980108,1.980108,1.980108,1.980108,1.980108,1.980108,1.980108,1.980108,1.980108,2.970162,1.980108,1.980108,1.980108,1.980108,1.980108,1.980108,1.980108,1.980108,1.980108,1.980108,1.980108,1.980108,1.980108,1.980108,1.980108,2.970162,1.980108,1.980108,1.980108,1.980108,1.980108,1.980108,1.980108,1.980108,1.980108,1.980108,1.980108,1.980108,1.980108,1.980108,1.980108,2.970162,1.980108,1.980108,1.980108,1.980108,1.980108,1.980108,1.980108,1.980108,1.980108,1.980108,1.980108,1.980108,1.980108,1.980108,2.970162,-30.129157,2.970162,2.970162,2.970162,2.970162,2.970162,2.970162,2.970162,2.970162,2.970162,2.970162,2.970162,2.970162,2.970162,2.970162,1.980108,2.970162,1.980108,1.980108,1.980108,1.980108,1.980108,1.980108,1.980108,1.980108,1.980108,1.980108,1.980108,1.980108,1.980108,1.980108,1.980108,2.970162,1.980108,1.980108,1.980108,1.980108,1.980108,1.980108,1.980108,1.980108,1.980108,1.980108,1.980108,1.980108,1.980108,1.980108,1.980108,2.970162,1.980108,1.980108,1.980108,1.980108,1.980108,1.980108,1.980108,1.980108,1.980108,1.980108,1.980108,1.980108,1.980108,1.980108,1.980108,2.970162,1.980108,1.980108,1.980108,1.980108,1.980108,1.980108,1.980108,1.980108,1.980108,1.980108,1.980108,1.980108,1.980108,1.980108,1.980108,2.970162,1.980108,1.980108,1.980108,1.980108,1.980108,1.980108,1.980108,1.980108,1.980108,1.980108,1.980108,1.980108,1.980108,1.980108,1.980108,2.970162,1.980108,1.980108,1.980108,1.980108,1.980108,1.980108,1.980108,1.980108,1.980108,1.980108,1.980108,1.980108,1.980108,1.980108,1.980108,2.970162,1.980108,1.980108,1.980108,1.980108,1.980108,1.980108,1.980108,1.980108,1.980108,1.980108,1.980108,1.980108,1.980108,1.980108,1.980108,2.970162,1.980108,1.980108,1.980108,1.980108,1.980108,1.980108,1.980108,1.980108,1.980108,1.980108,1.980108,1.980108,1.980108,1.980108,1.980108,2.970162,1.980108,1.980108,1.980108,1.980108,1.980108,1.980108,1.980108,1.980108,1.980108,1.980108,1.980108,1.980108,1.980108,1.980108,1.980108,2.970162,1.980108,1.980108,1.980108,1.980108,1.980108,1.980108,1.980108,1.980108,1.980108,1.980108,1.980108,1.980108,1.980108,1.980108,1.980108,2.970162,1.980108,1.980108,1.980108,1.980108,1.980108,1.980108,1.980108,1.980108,1.980108,1.980108,1.980108,1.980108,1.980108,1.980108,1.980108,2.970162,1.980108,1.980108,1.980108,1.980108,1.980108,1.980108,1.980108,1.980108,1.980108,1.980108,1.980108,1.980108,1.980108,1.980108,1.980108,2.970162,1.980108,1.980108,1.980108,1.980108,1.980108,1.980108,1.980108,1.980108,1.980108,1.980108,1.980108,1.980108,1.980108,1.980108
1.980108,1.980108,2.970162,1.980108,1.980108,1.980108,1.980108,1.980108,1.980108,1.980108,1.980108,1.980108,1.980108,1.980108,1.980108,1.980108,1.980108,1.980108,2.970162,1.980108,1.980108,1.980108,1.980108,1.980108,1.980108,1.980108,1.980108,1.980108,1.980108,1.980108,1.980108,1.980108,1.980108,1.980108,2.970162,1.980108,1.980108,1.980108,1.980108,1.980108,1.980108,1.980108,1.980108,1.980108,1.980108,1.980108,1.980108,1.980108,1.980108,1.980108,2.970162,1.980108,1.980108,1.980108,1.980108,1.980108,1.980108,1.980108,1.980108,1.980108,1.980108,1.980108,1.980108,1.980108,1.980108,1.980108,2.970162,1.980108,1.980108,1.980108,1.980108,1.980108,1.980108,1.980108,1.980108,1.980108,1.980108,1.980108,1.980108,1.980108,1.980108,1.980108,2.970162,1.980108,1.980108,1.980108,1.980108,1.980108,1.980108,1.980108,1.980108,1.980108,1.980108,1.980108,1.980108,1.980108,2.970162,2.970162,-29.727035,2.970162,2.970162,2.970162,2.970162,2.970162,2.970162,2.970162,2.970162,2.970162,2.970162,2.970162,2.970162,2.970162,1.980108,1.980108,2.970162,1.980108,1.980108,1.980108,1.980108,1.980108,1.980108,1.980108,1.980108,1.980108,1.980108,1.980108,1.980108,1.980108,1.980108,1.980108,2.970162,1.980108,1.980108,1.980108,1.980108,1.980108,1.980108,1.980108,1.980108,1.980108,1.980108,1.980108,1.980108,1.980108,1.980108,1.980108,2.970162,1.980108,1.980108,1.980108,1.980108,1.980108,1.980108,1.980108,1.980108,1.980108,1.980108,1.980108,1.980108,1.980108,1.980108,1.980108,2.970162,1.980108,1.980108,1.980108,1.980108,1.980108,1.980108,1.980108,1.980108,1.980108,1.980108,1.980108,1.980108,1.980108,1.980108,1.980108,2.970162,1.980108,1.980108,1.980108,1.980108,1.980108,1.980108,1.980108,1.980108,1.980108,1.980108,1.980108,1.980108,1.980108,1.980108,1.980108,2.970162,1.980108,1.980108,1.980108,1.980108,1.980108,1.980108,1.980108,1.980108,1.980108,1.980108,1.980108,1.980108,1.980108,1.980108,1.980108,2.970162,1.980108,1.980108,1.980108,1.980108,1.980108,1.980108,1.980108,1.980108,1.980108,1.980108,1.980108,1.980108,1.980108,1.980108,1.980108,2.970162,1.980108,1.980108,1.980108,1.980108,1.980108,1.980108,1.980108,1.980108,1.980108,1.980108,1.980108,1.980108,1.980108,1.980108,1.980108,2.970162,1.980108,1.980108,1.980108,1.980108,1.980108,1.980108,1.980108,1.980108,1.980108,1.980108,1.980108,1.980108,1.980108,1.980108,1.980108,2.970162,1.980108,1.980108,1.980108,1.980108,1.980108,1.980108,1.980108,1.980108,1.980108,1.980108,1.980108,1.980108,1.980108,1.980108,1.980108,2.970162,1.980108,1.980108,1.980108,1.980108,1.980108,1.980108,1.980108,1.980108,1.980108,1.980108,1.980108,1.980108,1.980108,1.980108,1.980108,2.970162,1.980108,1.980108,1.980108,1.980108,1.980108,1.980108,1.980108,1.980108,1.980108,1.980108,1.980108,1.980108,1.980108,1.980108,1.980108,2.970162,1.980108,1.980108,1.980108,1.980108,1.980108,1.980108,1.980108,1.980108,1.980108,1.980108,1.980108,1.980108,1.980108
1.980108,1.980108,1.980108,2.970162,1.980108,1.980108,1.980108,1.980108,1.980108,1.980108,1.980108,1.980108,1.980108,1.980108,1.980108,1.980108,1.980108,1.980108,1.980108,2.970162,1.980108,1.980108,1.980108,1.980108,1.980108,1.980108,1.980108,1.980108,1.980108,1.980108,1.980108,1.980108,1.980108,1.980108,1.980108,2.970162,1.980108,1.980108,1.980108,1.980108,1.980108,1.980108,1.980108,1.980108,1.980108,1.980108,1.980108,1.980108,1.980108,1.980108,1.980108,2.970162,1.980108,1.980108,1.980108,1.980108,1.980108,1.980108,1.980108,1.980108,1.980108,1.980108,1.980108,1.980108,1.980108,1.980108,1.980108,2.970162,1.980108,1.980108,1.980108,1.980108,1.980108,1.980108,1.980108,1.980108,1.980108,1.980108,1.980108,1.980108,1.980108,1.980108,1.980108,2.970162,1.980108,1.980108,1.980108,1.980108,1.980108,1.980108,1.980108,1.980108,1.980108,1.980108,1.980108,1.980108,2.970162,2.970162,2.970162,-29.809507,2.970162,2.970162,2.970162,2.970162,2.970162,2.970162,2.970162,2.970162,2.970162,2.970162,2.970162,2.970162,1.980108,1.980108,1.980108,2.970162,1.980108,1.980108,1.980108,1.980108,1.980108,1.980108,1.980108,1.980108,1.980108,1.980108,1.980108,1.980108,1.980108,1.980108,1.980108,2.970162,1.980108,1.980108,1.980108,1.980108,1.980108,1.980108,1.980108,1.980108,1.980108,1.980108,1.980108,1.980108,1.980108,1.980108,1.980108,2.970162,1.980108,1.980108,1.980108,1.980108,1.980108,1.980108,1.980108,1.980108,1.980108,1.980108,1.980108,1.980108,1.980108,1.980108,1.980108,2.970162,1.980108,1.980108,1.980108,1.980108,1.980108,1.980108,1.980108,1.980108,1.980108,1.980108,1.980108,1.980108,1.980108,1.980108,1.980108,2.970162,1.980108,1.980108,1.980108,1.980108,1.980108,1.980108,1.980108,1.980108,1.980108,1.980108,1.980108,1.980108,1.980108,1.980108,1.980108,2.970162,1.980108,1.980108,1.980108,1.980108,1.980108,1.980108,1.980108,1.980108,1.980108,1.980108,1.980108,1.980108,1.980108,1.980108,1.980108,2.970162,1.980108,1.980108,1.980108,1.980108,1.980108,1.980108,1.980108,1.980108,1.980108,1.980108,1.980108,1.980108,1.980108,1.980108,1.980108,2.970162,1.980108,1.980108,1.980108,1.980108,1.980108,1.980108,1.980108,1.980108,1.980108,1.980108,1.980108,1.980108,1.980108,1.980108,1.980108,2.970162,1.980108,1.980108,1.980108,1.980108,1.980108,1.980108,1.980108,1.980108,1.980108,1.980108,1.980108,1.980108,1.980108,1.980108,1.980108,2.970162,1.980108,1.980108,1.980108,1.980108,1.980108,1.980108,1.980108,1.980108,1.980108,1.980108,1.980108,1.980108,1.980108,1.980108,1.980108,2.970162,1.980108,1.980108,1.980108,1.980108,1.980108,1.980108,1.980108,1.980108,1.980108,1.980108,1.980108,1.980108,1.980108,1.980108,1.980108,2.970162,1.980108,1.980108,1.980108,1.980108,1.980108,1.980108,1.980108,1.980108,1.980108,1.980108,1.980108,1.980108,1.980108,1.980108,1.980108,2.970162,1.980108,1.980108,1.980108,1.980108,1.980108,1.980108,1.980108,1.980108,1.980108,1.980108,1.980108,1.980108
1.980108,1.980108,1.980108,1.980108,2.970162,1.980108,1.980108,1.980108,1.980108,1.980108,1.980108,1.980108,1.980108,1.980108,1.980108,1.980108,1.980108,1.980108,1.980108,1.980108,2.970162,1.980108,1.980108,1.980108,1.980108,1.980108,1.980108,1.980108,1.980108,1.980108,1.980108,1.980108,1.980108,1.980108,1.980108,1.980108,2.970162,1.980108,1.980108,1.980108,1.980108,1.980108,1.980108,1.980108,1.980108,1.980108,1.980108,1.980108,1.980108,1.980108,1.980108,1.980108,2.970162,1.980108,1.980108,1.980108,1.980108,1.980108,1.980108,1.980108,1.980108,1.980108,1.980108,1.980108,1.980108,1.980108,1.980108,1.980108,2.970162,1.980108,1.980108,1.980108,1.980108,1.980108,1.980108,1.980108,1.980108,1.980108,1.980108,1.980108,1.980108,1.980108,1.980108,1.980108,2.970162,1.980108,1.980108,1.980108,1.980108,1.980108,1.980108,1.980108,1.980108,1.980108,1.980108,1.980108,2.970162,2.970162,2.970162,2.970162,-29.733045,2.970162,2.970162,2.970162,2.970162,2.970162,2.970162,2.970162,2.970162,2.970162,2.970162,2.970162,1.980108,1.980108,1.980108,1.980108,2.970162,1.980108,1.980108,1.980108,1.980108,1.980108,1.980108,1.980108,1.980108,1.980108,1.980108,1.980108,1.980108,1.980108,1.980108,1.980108,2.970162,1.980108,1.980108,1.980108,1.980108,1.980108,1.980108,1.980108,1.980108,1.980108,1.980108,1.980108,1.980108,1.980108,1.980108,1.980108,2.970162,1.980108,1.980108,1.980108,1.980108,1.980108,1.980108,1.980108,1.980108,1.980108,1.980108,1.980108,1.980108,1.980108,1.980108,1.980108,2.970162,1.980108,1.980108,1.980108,1.980108,1.980108,1.980108,1.980108,1.980108,1.980108,1.980108,1.980108,1.980108,1.980108,1.980108,1.980108,2.970162,1.980108,1.980108,1.980108,1.980108,1.980108,1.980108,1.980108,1.980108,1.980108,1.980108,1.980108,1.980108,1.980108,1.980108,1.980108,2.970162,1.980108,1.980108,1.980108,1.980108,1.980108,1.980108,1.980108,1.980108,1.980108,1.980108,1.980108,1.980108,1.980108,1.980108,1.980108,2.970162,1.980108,1.980108,1.980108,1.980108,1.980108,1.980108,1.980108,1.980108,1.980108,1.980108,1.980108,1.980108,1.980108,1.980108,1.980108,2.970162,1.980108,1.980108,1.980108,1.980108,1.980108,1.980108,1.980108,1.980108,1.980108,1.980108,1.980108,1.980108,1.980108,1.980108,1.980108,2.970162,1.980108,1.980108,1.980108,1.980108,1.980108,1.980108,1.980108,1.980108,1.980108,1.980108,1.980108,1.980108,1.980108,1.980108,1.980108,2.970162,1.980108,1.980108,1.980108,1.980108,1.980108,1.980108,1.980108,1.980108,1.980108,1.980108,1.980108,1.980108,1.980108,1.980108,1.980108,2.970162,1.980108,1.980108,1.980108,1.980108,1.980108,1.980108,1.980108,1.980108,1.980108,1.980108,1.980108,1.980108,1.980108,1.980108,1.980108,2.970162,1.980108,1.980108,1.980108,1.980108,1.980108,1.980108,1.980108,1.980108,1.980108,1.980108,1.980108,1.980108,1.980108,1.980108,1.980108,2.970162,1.980108,1.980108,1.980108,1.980108,1.980108,1.980108,1.980108,1.980108,1.980108,1.980108,1.980108
1.980108,1.980108,1.980108,1.980108,1.980108,2.970162,1.980108,1.980108,1.980108,1.980108,1.980108,1.980108,1.980108,1.980108,1.980108,1.980108,1.980108,1.980108,1.980108,1.980108,1.980108,2.970162,1.980108,1.980108,1.980108,1.980108,1.980108,1.980108,1.980108,1.980108,1.980108,1.980108,1.980108,1.980108,1.980108,1.980108,1.980108,2.970162,1.980108,1.980108,1.980108,1.980108,1.980108,1.980108,1.980108,1.980108,1.980108,1.980108,1.980108,1.980108,1.980108,1.980108,1.980108,2.970162,1.980108,1.980108,1.980108,1.980108,1.980108,1.980108,1.980108,1.980108,1.980108,1.980108,1.980108,1.980108,1.980108,1.980108,1.980108,2.970162,1.980108,1.980108,1.980108,1.980108,1.980108,1.980108,1.980108,1.980108,1.980108,1.980108,1.980108,1.980108,1.980108,1.980108,1.980108,2.970162,1.980108,1.980108,1.980108,1.980108,1.980108,1.980108,1.980108,1.980108,1.980108,1.980108,2.970162,2.970162,2.970162,2.970162,2.970162,-30.338026,2.970162,2.970162,2.970162,2.970162,2.970162,2.970162,2.970162,2.970162,2.970162,2.970162,1.980108,1.980108,1.980108,1.980108,1.980108,2.970162,1.980108,1.980108,1.980108,1.980108,1.980108,1.980108,1.980108,1.980108,1.980108,1.980108,1.980108,1.980108,1.980108,1.980108,1.980108,2.970162,1.980108,1.980108,1.980108,1.980108,1.980108,1.980108,1.980108,1.980108,1.980108,1.980108,1.980108,1.980108,1.980108,1.980108,1.980108,2.970162,1.980108,1.980108,1.980108,1.980108,1.980108,1.980108,1.980108,1.980108,1.980108,1.980108,1.980108,1.980108,1.980108,1.980108,1.980108,2.970162,1.980108,1.980108,1.980108,1.980108,1.980108,1.980108,1.980108,1.980108,1.980108,1.980108,1.980108,1.980108,1.980108,1.980108,1.980108,2.970162,1.980108,1.980108,1.980108,1.980108,1.980108,1.980108,1.980108,1.980108,1.980108,1.980108,1.980108,1.980108,1.980108,1.980108,1.980108,2.970162,1.980108,1.980108,1.980108,1.980108,1.980108,1.980108,1.980108,1.980108,1.980108,1.980108,1.980108,1.980108,1.980108,1.980108,1.980108,2.970162,1.980108,1.980108,1.980108,1.980108,1.980108,1.980108,1.980108,1.980108,1.980108,1.980108,1.980108,1.980108,1.980108,1.980108,1.980108,2.970162,1.980108,1.980108,1.980108,1.980108,1.980108,1.980108,1.980108,1.980108,1.980108,1.980108,1.980108,1.980108,1.980108,1.980108,1.980108,2.970162,1.980108,1.980108,1.980108,1.980108,1.980108,1.980108,1.980108,1.980108,1.980108,1.980108,1.980108,1.980108,1.980108,1.980108,1.980108,2.970162,1.980108,1.980108,1.980108,1.980108,1.980108,1.980108,1.980108,1.980108,1.980108,1.980108,1.980108,1.980108,1.980108,1.980108,1.980108,2.970162,1.980108,1.980108,1.980108,1.980108,1.980108,1.980108,1.980108,1.980108,1.980108,1.980108,1.980108,1.980108,1.980108,1.980108,1.980108,2.970162,1.980108,1.980108,1.980108,1.980108,1.980108,1.980108,1.980108,1.980108,1.980108,1.980108,1.980108,1.980108,1.980108,1.980108,1.980108,2.970162,1.980108,1.980108,1.980108,1.980108,1.980108,1.980108,1.980108,1.980108,1.980108,1.980108
1.980108,1.980108,1.980108,1.980108,1.980108,1.980108,2.970162,1.980108,1.980108,1.980108,1.980108,1.980108,1.980108,1.980108,1.980108,1.980108,1.980108,1.980108,1.980108,1.980108,1.980108,1.980108,2.970162,1.980108,1.980108,1.980108,1.980108,1.980108,1.980108,1.980108,1.980108,1.980108,1.980108,1.980108,1.980108,1.980108,1.980108,1.980108,2.970162,1.980108,1.980108,1.980108,1.980108,1.980108,1.980108,1.980108,1.980108,1.980108,1.980108,1.980108,1.980108,1.980108,1.980108,1.980108,2.970162,1.980108,1.980108,1.980108,1.980108,1.980108,1.980108,1.980108,1.980108,1.980108,1.980108,1.980108,1.980108,1.980108,1.980108,1.980108,2.970162,1.980108,1.980108,1.980108,1.980108,1.980108,1.980108,1.980108,1.980108,1.980108,1.980108,1.980108,1.980108,1.980108,1.980108,1.980108,2.970162,1.980108,1.980108,1.980108,1.980108,1.980108,1.980108,1.980108,1.980108,1.980108,2.970162,2.970162,2.970162,2.970162,2.970162,2.970162,-30.015971,2.970162,2.970162,2.970162,2.970162,2.970162,2.970162,2.970162,2.970162,2.970162,1.980108,1.980108,1.980108,1.980108,1.980108,1.980108,2.970162,1.980108,1.980108,1.980108,1.980108,1.980108,1.980108,1.980108,1.980108,1.980108,1.980108,1.980108,1.980108,1.980108,1.980108,1.980108,2.970162,1.980108,1.980108,1.980108,1.980108,1.980108,1.980108,1.980108,1.980108,1.980108,1.980108,1.980108,1.980108,1.980108,1.980108,1.980108,2.970162,1.980108,1.980108,1.980108,1.980108,1.980108,1.980108,1.980108,1.980108,1.980108,1.980108,1.980108,1.980108,1.980108,1.980108,1.980108,2.970162,1.980108,1.980108,1.980108,1.980108,1.980108,1.980108,1.980108,1.980108,1.980108,1.980108,1.980108,1.980108,1.980108,1.980108,1.980108,2.970162,1.980108,1.980108,1.980108,1.980108,1.980108,1.980108,1.980108,1.980108,1.980108,1.980108,1.980108,1.980108,1.980108,1.980108,1.980108,2.970162,1.980108,1.980108,1.980108,1.980108,1.980108,1.980108,1.980108,1.980108,1.980108,1.980108,1.980108,1.980108,1.980108,1.980108,1.980108,2.970162,1.980108,1.980108,1.980108,1.980108,1.980108,1.980108,1.980108,1.980108,1.980108,1.980108,1.980108,1.980108,1.980108,1.980108,1.980108,2.970162,1.980108,1.980108,1.980108,1.980108,1.980108,1.980108,1.980108,1.980108,1.980108,1.980108,1.980108,1.980108,1.980108,1.980108,1.980108,2.970162,1.980108,1.980108,1.980108,1.980108,1.980108,1.980108,1.980108,1.980108,1.980108,1.980108,1.980108,1.980108,1.980108,1.980108,1.980108,2.970162,1.980108,1.980108,1.980108,1.980108,1.980108,1.980108,1.980108,1.980108,1.980108,1.980108,1.980108,1.980108,1.980108,1.980108,1.980108,2.970162,1.980108,1.980108,1.980108,1.980108,1.980108,1.980108,1.980108,1.980108,1.980108,1.980108,1.980108,1.980108,1.980108,1.980108,1.980108,2.970162,1.980108,1.980108,1.980108,1.980108,1.980108,1.980108,1.980108,1.980108,1.980108,1.980108,1.980108,1.980108,1.980108,1.980108,1.980108,2.970162,1.980108,1.980108,1.980108,1.980108,1.980108,1.980108,1.980108,1.980108,1.980108
1.980108,1.980108,1.980108,1.980108,1.980108,1.980108,1.980108,2.970162,1.980108,1.980108,1.980108,1.980108,1.980108,1.980108,1.980108,1.980108,1.980108,1.980108,1.980108,1.980108,1.980108,1.980108,1.980108,2.970162,1.980108,1.980108,1.980108,1.980108,1.980108,1.980108,1.980108,1.980108,1.980108,1.980108,1.980108,1.980108,1.980108,1.980108,1.980108,2.970162,1.980108,1.980108,1.980108,1.980108,1.980108,1.980108,1.980108,1.980108,1.980108,1.980108,1.980108,1.980108,1.980108,1.980108,1.980108,2.970162,1.980108,1.980108,1.980108,1.980108,1.980108,1.980108,1.980108,1.980108,1.980108,1.980108,1.980108,1.980108,1.980108,1.980108,1.980108,2.970162,1.980108,1.980108,1.980108,1.980108,1.980108,1.980108,1.980108,1.980108,1.980108,1.980108,1.980108,1.980108,1.980108,1.980108,1.980108,2.970162,1.980108,1.980108,1.980108,1.980108,1.980108,1.980108,1.980108,1.980108,2.970162,2.970162,2.970162,2.970162,2.970162,2.970162,2.970162,-30.210186,2.970162,2.970162,2.970162,2.970162,2.970162,2.970162,2.970162,2.970162,1.980108,1.980108,1.980108,1.980108,1.980108,1.980108,1.980108,2.970162,1.980108,1.980108,1.980108,1.980108,1.980108,1.980108,1.980108,1.980108,1.980108,1.980108,1.980108,1.980108,1.980108,1.980108,1.980108,2.970162,1.980108,1.980108,1.980108,1.980108,1.980108,1.980108,1.980108,1.980108,1.980108,1.980108,1.980108,1.980108,1.980108,1.980108,1.980108,2.970162,1.980108,1.980108,1.980108,1.980108,1.980108,1.980108,1.980108,1.980108,1.980108,1.980108,1.980108,1.980108,1.980108,1.980108,1.980108,2.970162,1.980108,1.980108,1.980108,1.980108,1.980108,1.980108,1.980108,1.980108,1.980108,1.980108,1.980108,1.980108,1.980108,1.980108,1.980108,2.970162,1.980108,1.980108,1.980108,1.980108,1.980108,1.980108,1.980108,1.980108,1.980108,1.980108,1.980108,1.980108,1.980108,1.980108,1.980108,2.970162,1.980108,1.980108,1.980108,1.980108,1.980108,1.980108,1.980108,1.980108,1.980108,1.980108,1.980108,1.980108,1.980108,1.980108,1.980108,2.970162,1.980108,1.980108,1.980108,1.980108,1.980108,1.980108,1.980108,1.980108,1.980108,1.980108,1.980108,1.980108,1.980108,1.980108,1.980108,2.970162,1.980108,1.980108,1.980108,1.980108,1.980108,1.980108,1.980108,1.980108,1.980108,1.980108,1.980108,1.980108,1.980108,1.980108,1.980108,2.970162,1.980108,1.980108,1.980108,1.980108,1.980108,1.980108,1.980108,1.980108,1.980108,1.980108,1.980108,1.980108,1.980108,1.980108,1.980108,2.970162,1.980108,1.980108,1.980108,1.980108,1.980108,1.980108,1.980108,1.980108,1.980108,1.980108,1.980108,1.980108,1.980108,1.980108,1.980108,2.970162,1.980108,1.980108,1.980108,1.980108,1.980108,1.980108,1.980108,1.980108,1.980108,1.980108,1.980108,1.980108,1.980108,1.980108,1.980108,2.970162,1.980108,1.980108,1.980108,1.980108,1.980108,1.980108,1.980108,1.980108,1.980108,1.980108,1.980108,1.980108,1.980108,1.980108,1.980108,2.970162,1.980108,1.980108,1.980108,1.980108,1.980108,1.980108,1.980108,1.980108
1.980108,1.980108,1.980108,1.980108,1.980108,1.980108,1.980108,1.980108,2.970162,1.980108,1.980108,1.980108,1.980108,1.980108,1.980108,1.980108,1.980108,1.980108,1.980108,1.980108,1.980108,1.980108,1.980108,1.980108,2.970162,1.980108,1.980108,1.980108,1.980108,1.980108,1.980108,1.980108,1.980108,1.980108,1.980108,1.980108,1.980108,1.980108,1.980108,1.980108,2.970162,1.980108,1.980108,1.980108,1.980108,1.980108,1.980108,1.980108,1.980108,1.980108,1.980108,1.980108,1.980108,1.980108,1.980108,1.980108,2.970162,1.980108,1.980108,1.980108,1.980108,1.980108,1.980108,1.980108,1.980108,1.980108,1.980108,1.980108,1.980108,1.980108,1.980108,1.980108,2.970162,1.980108,1.980108,1.980108,1.980108,1.980108,1.980108,1.980108,1.980108,1.980108,1.980108,1.980108,1.980108,1.980108,1.980108,1.980108,2.970162,1.980108,1.980108,1.980108,1.980108,1.980108,1.980108,1.980108,2.970162,2.970162,2.970162,2.970162,2.970162,2.970162,2.970162,2.970162,-30.609182,2.970162,2.970162,2.970162,2.970162,2.970162,2.970162,2.970162,1.980108,1.980108,1.980108,1.980108,1.980108,1.980108,1.980108,1.980108,2.970162,1.980108,1.980108,1.980108,1.980108,1.980108,1.980108,1.980108,1.980108,1.980108,1.980108,1.980108,1.980108,1.980108,1.980108,1.980108,2.970162,1.980108,1.980108,1.980108,1.980108,1.980108,1.980108,1.980108,1.980108,1.980108,1.980108,1.980108,1.980108,1.980108,1.980108,1.980108,2.970162,1.980108,1.980108,1.980108,1.980108,1.980108,1.980108,1.980108,1.980108,1.980108,1.980108,1.980108,1.980108,1.980108,1.980108,1.980108,2.970162,1.980108,1.980108,1.980108,1.980108,1.980108,1.980108,1.980108,1.980108,1.980108,1.980108,1.980108,1.980108,1.980108,1.980108,1.980108,2.970162,1.980108,1.980108,1.980108,1.980108,1.980108,1.980108,1.980108,1.980108,1.980108,1.980108,1.980108,1.980108,1.980108,1.980108,1.980108,2.970162,1.980108,1.980108,1.980108,1.980108,1.980108,1.980108,1.980108,1.980108,1.980108,1.980108,1.980108,1.980108,1.980108,1.980108,1.980108,2.970162,1.980108,1.980108,1.980108,1.980108,1.980108,1.980108,1.980108,1.980108,1.980108,1.980108,1.980108,1.980108,1.980108,1.980108,1.980108,2.970162,1.980108,1.980108,1.980108,1.980108,1.980108,1.980108,1.980108,1.980108,1.980108,1.980108,1.980108,1.980108,1.980108,1.980108,1.980108,2.970162,1.980108,1.980108,1.980108,1.980108,1.980108,1.980108,1.980108,1.980108,1.980108,1.980108,1.980108,1.980108,1.980108,1.980108,1.980108,2.970162,1.980108,1.980108,1.980108,1.980108,1.980108,1.980108,1.980108,1.980108,1.980108,1.980108,1.980108,1.980108,1.980108,1.980108,1.980108,2.970162,1.980108,1.980108,1.980108,1.980108,1.980108,1.980108,1.980108,1.980108,1.980108,1.980108,1.980108,1.980108,1.980108,1.980108,1.980108,2.970162,1.980108,1.980108,1.980108,1.980108,1.980108,1.980108,1.980108,1.980108,1.980108,1.980108,1.980108,1.980108,1.980108,1.980108,1.980108,2.970162,1.980108,1.980108,1.980108,1.980108,1.980108,1.980108,1.980108
1.980108,1.980108,1.980108,1.980108,1.980108,1.980108,1.980108,1.980108,1.980108,2.970162,1.980108,1.980108,1.980108,1.980108,1.980108,1.980108,1.980108,1.980108,1.980108,1.980108,1.980108,1.980108,1.980108,1.980108,1.980108,2.970162,1.980108,1.980108,1.980108,1.980108,1.980108,1.980108,1.980108,1.980108,1.980108,1.980108,1.980108,1.980108,1.980108,1.980108,1.980108,2.970162,1.980108,1.980108,1.980108,1.980108,1.980108,1.980108,1.980108,1.980108,1.980108,1.980108,1.980108,1.980108,1.980108,1.980108,1.980108,2.970162,1.980108,1.980108,1.980108,1.980108,1.980108,1.980108,1.980108,1.980108,1.980108,1.980108,1.980108,1.980108,1.980108,1.980108,1.980108,2.970162,1.980108,1.980108,1.980108,1.980108,1.980108,1.980108,1.980108,1.980108,1.980108,1.980108,1.980108,1.980108,1.980108,1.980108,1.980108,2.970162,1.980108,1.980108,1.980108,1.980108,1.980108,1.980108,2.970162,2.970162,2.970162,2.970162,2.970162,2.970162,2.970162,2.970162,2.970162,-29.950908,2.970162,2.970162,2.970162,2.970162,2.970162,2.970162,1.980108,1.980108,1.980108,1.980108,1.980108,1.980108,1.980108,1.980108,1.980108,2.970162,1.980108,1.980108,1.980108,1.980108,1.980108,1.980108,1.980108,1.980108,1.980108,1.980108,1.980108,1.980108,1.980108,1.980108,1.980108,2.970162,1.980108,1.980108,1.980108,1.980108,1.980108,1.980108,1.980108,1.980108,1.980108,1.980108,1.980108,1.980108,1.980108,1.980108,1.980108,2.970162,1.980108,1.980108,1.980108,1.980108,1.980108,1.980108,1.980108,1.980108,1.980108,1.980108,1.980108,1.980108,1.980108,1.980108,1.980108,2.970162,1.980108,1.980108,1.980108,1.980108,1.980108,1.980108,1.980108,1.980108,1.980108,1.980108,1.980108,1.980108,1.980108,1.980108,1.980108,2.970162,1.980108,1.980108,1.980108,1.980108,1.980108,1.980108,1.980108,1.980108,1.980108,1.980108,1.980108,1.980108,1.980108,1.980108,1.980108,2.970162,1.980108,1.980108,1.980108,1.980108,1.980108,1.980108,1.980108,1.980108,1.980108,1.980108,1.980108,1.980108,1.980108,1.980108,1.980108,2.970162,1.980108,1.980108,1.980108,1.980108,1.980108,1.980108,1.980108,1.980108,1.980108,1.980108,1.980108,1.980108,1.980108,1.980108,1.980108,2.970162,1.980108,1.980108,1.980108,1.980108,1.980108,1.980108,1.980108,1.980108,1.980108,1.980108,1.980108,1.980108,1.980108,1.980108,1.980108,2.970162,1.980108,1.980108,1.980108,1.980108,1.980108,1.980108,1.980108,1.980108,1.980108,1.980108,1.980108,1.980108,1.980108,1.980108,1.980108,2.970162,1.980108,1.980108,1.980108,1.980108,1.980108,1.980108,1.980108,1.980108,1.980108,1.980108,1.980108,1.980108,1.980108,1.980108,1.980108,2.970162,1.980108,1.980108,1.980108,1.980108,1.980108,1.980108,1.980108,1.980108,1.980108,1.980108,1.980108,1.980108,1.980108,1.980108,1.980108,2.970162,1.980108,1.980108,1.980108,1.980108,1.980108,1.980108,1.980108,1.980108,1.980108,1.980108,1.980108,1.980108,1.980108,1.980108,1.980108,2.970162,1.980108,1.980108,1.980108,1.980108,1.980108,1.980108
1.980108,1.980108,1.980108,1.980108,1.980108,1.980108,1.980108,1.980108,1.980108,1.980108,2.970162,1.980108,1.980108,1.980108,1.980108,1.980108,1.980108,1.980108,1.980108,1.980108,1.980108,1.980108,1.980108,1.980108,1.980108,1.980108,2.970162,1.980108,1.980108,1.980108,1.980108,1.980108,1.980108,1.980108,1.980108,1.980108,1.980108,1.980108,1.980108,1.980108,1.980108,1.980108,2.970162,1.980108,1.980108,1.980108,1.980108,1.980108,1.980108,1.980108,1.980108,1.980108,1.980108,1.980108,1.980108,1.980108,1.980108,1.980108,2.970162,1.980108,1.980108,1.980108,1.980108,1.980108,1.980108,1.980108,1.980108,1.980108,1.980108,1.980108,1.980108,1.980108,1.980108,1.980108,2.970162,1.980108,1.980108,1.980108,1.980108,1.980108,1.980108,1.980108,1.980108,1.980108,1.980108,1.980108,1.980108,1.980108,1.980108,1.980108,2.970162,1.980108,1.980108,1.980108,1.980108,1.980108,2.970162,2.970162,2.970162,2.970162,2.970162,2.970162,2.970162,2.970162,2.970162,2.970162,-30.111998,2.970162,2.970162,2.970162,2.970162,2.970162,1.980108,1.980108,1.980108,1.980108,1.980108,1.980108,1.980108,1.980108,1.980108,1.980108,2.970162,1.980108,1.980108,1.980108,1.980108,1.980108,1.980108,1.980108,1.980108,1.980108,1.980108,1.980108,1.980108,1.980108,1.980108,1.980108,2.970162,1.980108,1.980108,1.980108,1.980108,1.980108,1.980108,1.980108,1.980108,1.980108,1.980108,1.980108,1.980108,1.980108,1.980108,1.980108,2.970162,1.980108,1.980108,1.980108,1.980108,1.980108,1.980108,1.980108,1.980108,1.980108,1.980108,1.980108,1.980108,1.980108,1.980108,1.980108,2.970162,1.980108,1.980108,1.980108,1.980108,1.980108,1.980108,1.980108,1.980108,1.980108,1.980108,1.980108,1.980108,1.980108,1.980108,1.980108,2.970162,1.980108,1.980108,1.980108,1.980108,1.980108,1.980108,1.980108,1.980108,1.980108,1.980108,1.980108,1.980108,1.980108,1.980108,1.980108,2.970162,1.980108,1.980108,1.980108,1.980108,1.980108,1.980108,1.980108,1.980108,1.980108,1.980108,1.980108,1.980108,1.980108,1.980108,1.980108,2.970162,1.980108,1.980108,1.980108,1.980108,1.980108,1.980108,1.980108,1.980108,1.980108,1.980108,1.980108,1.980108,1.980108,1.980108,1.980108,2.970162,1.980108,1.980108,1.980108,1.980108,1.980108,1.980108,1.980108,1.980108,1.980108,1.980108,1.980108,1.980108,1.980108,1.980108,1.980108,2.970162,1.980108,1.980108,1.980108,1.980108,1.980108,1.980108,1.980108,1.980108,1.980108,1.980108,1.980108,1.980108,1.980108,1.980108,1.980108,2.970162,1.980108,1.980108,1.980108,1.980108,1.980108,1.980108,1.980108,1.980108,1.980108,1.980108,1.980108,1.980108,1.980108,1.980108,1.980108,2.970162,1.980108,1.980108,1.980108,1.980108,1.980108,1.980108,1.980108,1.980108,1.980108,1.980108,1.980108,1.980108,1.980108,1.980108,1.980108,2.970162,1.980108,1.980108,1.980108,1.980108,1.980108,1.980108,1.980108,1.980108,1.980108,1.980108,1.980108,1.980108,1.980108,1.980108,1.980108,2.970162,1.980108,1.980108,1.980108,1.980108,1.980108
1.980108,1.980108,1.980108,1.980108,1.980108,1.980108,1.980108,1.980108,1.980108,1.980108,1.980108,2.970162,1.980108,1.980108,1.980108,1.980108,1.980108,1.980108,1.980108,1.980108,1.980108,1.980108,1.980108,1.980108,1.980108,1.980108,1.980108,2.970162,1.980108,1.980108,1.980108,1.980108,1.980108,1.980108,1.980108,1.980108,1.980108,1.980108,1.980108,1.980108,1.980108,1.980108,1.980108,2.970162,1.980108,1.980108,1.980108,1.980108,1.980108,1.980108,1.980108,1.980108,1.980108,1.980108,1.980108,1.980108,1.980108,1.980108,1.980108,2.970162,1.980108,1.980108,1.980108,1.980108,1.980108,1.980108,1.980108,1.980108,1.980108,1.980108,1.980108,1.980108,1.980108,1.980108,1.980108,2.970162,1.980108,1.980108,1.980108,1.980108,1.980108,1.980108,1.980108,1.980108,1.980108,1.980108,1.980108,1.980108,1.980108,1.980108,1.980108,2.970162,1.980108,1.980108,1.980108,1.980108,2.970162,2.970162,2.970162,2.970162,2.970162,2.970162,2.970162,2.970162,2.970162,2.970162,2.970162,-30.457167,2.970162,2.970162,2.970162,2.970162,1.980108,1.980108,1.980108,1.980108,1.980108,1.980108,1.980108,1.980108,1.980108,1.980108,1.980108,2.970162,1.980108,1.980108,1.980108,1.980108,1.980108,1.980108,1.980108,1.980108,1.980108,1.980108,1.980108,1.980108,1.980108,1.980108,1.980108,2.970162,1.980108,1.980108,1.980108,1.980108,1.980108,1.980108,1.980108,1.980108,1.980108,1.980108,1.980108,1.980108,1.980108,1.980108,1.980108,2.970162,1.980108,1.980108,1.980108,1.980108,1.980108,1.980108,1.980108,1.980108,1.980108,1.980108,1.980108,1.980108,1.980108,1.980108,1.980108,2.970162,1.980108,1.980108,1.980108,1.980108,1.980108,1.980108,1.980108,1.980108,1.980108,1.980108,1.980108,1.980108,1.980108,1.980108,1.980108,2.970162,1.980108,1.980108,1.980108,1.980108,1.980108,1.980108,1.980108,1.980108,1.980108,1.980108,1.980108,1.980108,1.980108,1.980108,1.980108,2.970162,1.980108,1.980108,1.980108,1.980108,1.980108,1.980108,1.980108,1.980108,1.980108,1.980108,1.980108,1.980108,1.980108,1.980108,1.980108,2.970162,1.980108,1.980108,1.980108,1.980108,1.980108,1.980108,1.980108,1.980108,1.980108,1.980108,1.980108,1.980108,1.980108,1.980108,1.980108,2.970162,1.980108,1.980108,1.980108,1.980108,1.980108,1.980108,1.980108,1.980108,1.980108,1.980108,1.980108,1.980108,1.980108,1.980108,1.980108,2.970162,1.980108,1.980108,1.980108,1.980108,1.980108,1.980108,1.980108,1.980108,1.980108,1.980108,1.980108,1.980108,1.980108,1.980108,1.980108,2.970162,1.980108,1.980108,1.980108,1.980108,1.980108,1.980108,1.980108,1.980108,1.980108,1.980108,1.980108,1.980108,1.980108,1.980108,1.980108,2.970162,1.980108,1.980108,1.980108,1.980108,1.980108,1.980108,1.980108,1.980108,1.980108,1.980108,1.980108,1.980108,1.980108,1.980108,1.980108,2.970162,1.980108,1.980108,1.980108,1.980108,1.980108,1.980108,1.980108,1.980108,1.980108,1.980108,1.980108,1.980108,1.980108,1.980108,1.980108,2.970162,1.980108,1.980108,1.980108,1.980108
1.980108,1.980108,1.980108,1.980108,1.980108,1.980108,1.980108,1.980108,1.980108,1.980108,1.980108,1.980108,2.970162,1.980108,1.980108,1.980108,1.980108,1.980108,1.980108,1.980108,1.980108,1.980108,1.980108,1.980108,1.980108,1.980108,1.980108,1.980108,2.970162,1.980108,1.980108,1.980108,1.980108,1.980108,1.980108,1.980108,1.980108,1.980108,1.980108,1.980108,1.980108,1.980108,1.980108,1.980108,2.970162,1.980108,1.980108,1.980108,1.980108,1.980108,1.980108,1.980108,1.980108,1.980108,1.980108,1.980108,1.980108,1.980108,1.980108,1.980108,2.970162,1.980108,1.980108,1.980108,1.980108,1.980108,1.980108,1.980108,1.980108,1.980108,1.980108,1.980108,1.980108,1.980108,1.980108,1.980108,2.970162,1.980108,1.980108,1.980108,1.980108,1.980108,1.980108,1.980108,1.980108,1.980108,1.980108,1.980108,1.980108,1.980108,1.980108,1.980108,2.970162,1.980108,1.980108,1.980108,2.970162,2.970162,2.970162,2.970162,2.970162,2.970162,2.970162,2.970162,2.970162,2.970162,2.970162,2.970162,-29.930414,2.970162,2.970162,2.970162,1.980108,1.980108,1.980108,1.980108,1.980108,1.980108,1.980108,1.980108,1.980108,1.980108,1.980108,1.980108,2.970162,1.980108,1.980108,1.980108,1.980108,1.980108,1.980108,1.980108,1.980108,1.980108,1.980108,1.980108,1.980108,1.980108,1.980108,1.980108,2.970162,1.980108,1.980108,1.980108,1.980108,1.980108,1.980108,1.980108,1.980108,1.980108,1.980108,1.980108,1.980108,1.980108,1.980108,1.980108,2.970162,1.980108,1.980108,1.980108,1.980108,1.980108,1.980108,1.980108,1.980108,1.980108,1.980108,1.980108,1.980108,1.980108,1.980108,1.980108,2.970162,1.980108,1.980108,1.980108,1.980108,1.980108,1.980108,1.980108,1.980108,1.980108,1.980108,1.980108,1.980108,1.980108,1.980108,1.980108,2.970162,1.980108,1.980108,1.980108,1.980108,1.980108,1.980108,1.980108,1.980108,1.980108,1.980108,1.980108,1.980108,1.980108,1.980108,1.980108,2.970162,1.980108,1.980108,1.980108,1.980108,1.980108,1.980108,1.980108,1.980108,1.980108,1.980108,1.980108,1.980108,1.980108,1.980108,1.980108,2.970162,1.980108,1.980108,1.980108,1.980108,1.980108,1.980108,1.980108,1.980108,1.980108,1.980108,1.980108,1.980108,1.980108,1.980108,1.980108,2.970162,1.980108,1.980108,1.980108,1.980108,1.980108,1.980108,1.980108,1.980108,1.980108,1.980108,1.980108,1.980108,1.980108,1.980108,1.980108,2.970162,1.980108,1.980108,1.980108,1.980108,1.980108,1.980108,1.980108,1.980108,1.980108,1.980108,1.980108,1.980108,1.980108,1.980108,1.980108,2.970162,1.980108,1.980108,1.980108,1.980108,1.980108,1.980108,1.980108,1.980108,1.980108,1.980108,1.980108,1.980108,1.980108,1.980108,1.980108,2.970162,1.980108,1.980108,1.980108,1.980108,1.980108,1.980108,1.980108,1.980108,1.980108,1.980108,1.980108,1.980108,1.980108,1.980108,1.980108,2.970162,1.980108,1.980108,1.980108,1.980108,1.980108,1.980108,1.980108,1.980108,1.980108,1.980108,1.980108,1.980108,1.980108,1.980108,1.980108,2.970162,1.980108,1.980108,1.980108
1.980108,1.980108,1.980108,1.980108,1.980108,1.980108,1.980108,1.980108,1.980108,1.980108,1.980108,1.980108,1.980108,2.970162,1.980108,1.980108,1.980108,1.980108,1.980108,1.980108,1.980108,1.980108,1.980108,1.980108,1.980108,1.980108,1.980108,1.980108,1.980108,2.970162,1.980108,1.980108,1.980108,1.980108,1.980108,1.980108,1.980108,1.980108,1.980108,1.980108,1.980108,1.980108,1.980108,1.980108,1.980108,2.970162,1.980108,1.980108,1.980108,1.980108,1.980108,1.980108,1.980108,1.980108,1.980108,1.980108,1.980108,1.980108,1.980108,1.980108,1.980108,2.970162,1.980108,1.980108,1.980108,1.980108,1.980108,1.980108,1.980108,1.980108,1.980108,1.980108,1.980108,1.980108,1.980108,1.980108,1.980108,2.970162,1.980108,1.980108,1.980108,1.980108,1.980108,1.980108,1.980108,1.980108,1.980108,1.980108,1.980108,1.980108,1.980108,1.980108,1.980108,2.970162,1.980108,1.980108,2.970162,2.970162,2.970162,2.970162,2.970162,2.970162,2.970162,2.970162,2.970162,2.970162,2.970162,2.970162,2.970162,-29.778595,2.970162,2.970162,1.980108,1.980108,1.980108,1.980108,1.980108,1.980108,1.980108,1.980108,1.980108,1.980108,1.980108,1.980108,1.980108,2.970162,1.980108,1.980108,1.980108,1.980108,1.980108,1.980108,1.980108,1.980108,1.980108,1.980108,1.980108,1.980108,1.980108,1.980108,1.980108,2.970162,1.980108,1.980108,1.980108,1.980108,1.980108,1.980108,1.980108,1.980108,1.980108,1.980108,1.980108,1.980108,1.980108,1.980108,1.980108,2.970162,1.980108,1.980108,1.980108,1.980108,1.980108,1.980108,1.980108,1.980108,1.980108,1.980108,1.980108,1.980108,1.980108,1.980108,1.980108,2.970162,1.980108,1.980108,1.980108,1.980108,1.980108,1.980108,1.980108,1.980108,1.980108,1.980108,1.980108,1.980108,1.980108,1.980108,1.980108,2.970162,1.980108,1.980108,1.980108,1.980108,1.980108,1.980108,1.980108,1.980108,1.980108,1.980108,1.980108,1.980108,1.980108,1.980108,1.980108,2.970162,1.980108,1.980108,1.980108,1.980108,1.980108,1.980108,1.980108,1.980108,1.980108,1.980108,1.980108,1.980108,1.980108,1.980108,1.980108,2.970162,1.980108,1.980108,1.980108,1.980108,1.980108,1.980108,1.980108,1.980108,1.980108,1.980108,1.980108,1.980108,1.980108,1.980108,1.980108,2.970162,1.980108,1.980108,1.980108,1.980108,1.980108,1.980108,1.980108,1.980108,1.980108,1.980108,1.980108,1.980108,1.980108,1.980108,1.980108,2.970162,1.980108,1.980108,1.980108,1.980108,1.980108,1.980108,1.980108,1.980108,1.980108,1.980108,1.980108,1.980108,1.980108,1.980108,1.980108,2.970162,1.980108,1.980108,1.980108,1.980108,1.980108,1.980108,1.980108,1.980108,1.980108,1.980108,1.980108,1.980108,1.980108,1.980108,1.980108,2.970162,1.980108,1.980108,1.980108,1.980108,1.980108,1.980108,1.980108,1.980108,1.980108,1.980108,1.980108,1.980108,1.980108,1.980108,1.980108,2.970162,1.980108,1.980108,1.980108,1.980108,1.980108,1.980108,1.980108,1.980108,1.980108,1.980108,1.980108,1.980108,1.980108,1.980108,1.980108,2.970162,1.980108,1.980108
1.980108,1.980108,1.980108,1.980108,1.980108,1.980108,1.980108,1.980108,1.980108,1.980108,1.980108,1.980108,1.980108,1.980108,2.970162,1.980108,1.980108,1.980108,1.980108,1.980108,1.980108,1.980108,1.980108,1.980108,1.980108,1.980108,1.980108,1.980108,1.980108,1.980108,2.970162,1.980108,1.980108,1.980108,1.980108,1.980108,1.980108,1.980108,1.980108,1.980108,1.980108,1.980108,1.980108,1.980108,1.980108,1.980108,2.970162,1.980108,1.980108,1.980108,1.980108,1.980108,1.980108,1.980108,1.980108,1.980108,1.980108,1.980108,1.980108,1.980108,1.980108,1.980108,2.970162,1.980108,1.980108,1.980108,1.980108,1.980108,1.980108,1.980108,1.980108,1.980108,1.980108,1.980108,1.980108,1.980108,1.980108,1.980108,2.970162,1.980108,1.980108,1.980108,1.980108,1.980108,1.980108,1.980108,1.980108,1.980108,1.980108,1.980108,1.980108,1.980108,1.980108,1.980108,2.970162,1.980108,2.970162,2.970162,2.970162,2.970162,2.970162,2.970162,2.970162,2.970162,2.970162,2.970162,2.970162,2.970162,2.970162,2.970162,-29.991367,2.970162,1.980108,1.980108,1.980108,1.980108,1.980108,1.980108,1.980108,1.980108,1.980108,1.980108,1.980108,1.980108,1.980108,1.980108,2.970162,1.980108,1.980108,1.980108,1.980108,1.980108,1.980108,1.980108,1.980108,1.980108,1.980108,1.980108,1.980108,1.980108,1.980108,1.980108,2.970162,1.980108,1.980108,1.980108,1.980108,1.980108,1.980108,1.980108,1.980108,1.980108,1.980108,1.980108,1.980108,1.980108,1.980108,1.980108,2.970162,1.980108,1.980108,1.980108,1.980108,1.980108,1.980108,1.980108,1.980108,1.980108,1.980108,1.980108,1.980108,1.980108,1.980108,1.980108,2.970162,1.980108,1.980108,1.980108,1.980108,1.980108,1.980108,1.980108,1.980108,1.980108,1.980108,1.980108,1.980108,1.980108,1.980108,1.980108,2.970162,1.980108,1.980108,1.980108,1.980108,1.980108,1.980108,1.980108,1.980108,1.980108,1.980108,1.980108,1.980108,1.980108,1.980108,1.980108,2.970162,1.980108,1.980108,1.980108,1.980108,1.980108,1.980108,1.980108,1.980108,1.980108,1.980108,1.980108,1.980108,1.980108,1.980108,1.980108,2.970162,1.980108,1.980108,1.980108,1.980108,1.980108,1.980108,1.980108,1.980108,1.980108,1.980108,1.980108,1.980108,1.980108,1.980108,1.980108,2.970162,1.980108,1.980108,1.980108,1.980108,1.980108,1.980108,1.980108,1.980108,1.980108,1.980108,1.980108,1.980108,1.980108,1.980108,1.980108,2.970162,1.980108,1.980108,1.980108,1.980108,1.980108,1.980108,1.980108,1.980108,1.980108,1.980108,1.980108,1.980108,1.980108,1.980108,1.980108,2.970162,1.980108,1.980108,1.980108,1.980108,1.980108,1.980108,1.980108,1.980108,1.980108,1.980108,1.980108,1.980108,1.980108,1.980108,1.980108,2.970162,1.980108,1.980108,1.980108,1.980108,1.980108,1.980108,1.980108,1.980108,1.980108,1.980108,1.980108,1.980108,1.980108,1.980108,1.980108,2.970162,1.980108,1.980108,1.980108,1.980108,1.980108,1.980108,1.980108,1.980108,1.980108,1.980108,1.980108,1.980108,1.980108,1.980108,1.980108,2.970162,1.980108
1.980108,1.980108,1.980108,1.980108,1.980108,1.980108,1.980108,1.980108,1.980108,1.980108,1.980108,1.980108,1.980108,1.980108,1.980108,2.970162,1.980108,1.980108,1.980108,1.980108,1.980108,1.980108,1.980108,1.980108,1.980108,1.980108,1.980108,1.980108,1.980108,1.980108,1.980108,2.970162,1.980108,1.980108,1.980108,1.980108,1.980108,1.980108,1.980108,1.980108,1.980108,1.980108,1.980108,1.980108,1.980108,1.980108,1.980108,2.970162,1.980108,1.980108,1.980108,1.980108,1.980108,1.980108,1.980108,1.980108,1.980108,1.980108,1.980108,1.980108,1.980108,1.980108,1.980108,2.970162,1.980108,1.980108,1.980108,1.980108,1.980108,1.980108,1.980108,1.980108,1.980108,1.980108,1.980108,1.980108,1.980108,1.980108,1.980108,2.970162,1.980108,1.980108,1.980108,1.980108,1.980108,1.980108,1.980108,1.980108,1.980108,1.980108,1.980108,1.980108,1.980108,1.980108,1.980108,2.970162,2.970162,2.970162,2.970162,2.970162,2.970162,2.970162,2.970162,2.970162,2.970162,2.970162,2.970162,2.970162,2.970162,2.970162,2.970162,-29.862837,1.980108,1.980108,1.980108,1.980108,1.980108,1.980108,1.980108,1.980108,1.980108,1.980108,1.980108,1.980108,1.980108,1.980108,1.980108,2.970162,1.980108,1.980108,1.980108,1.980108,1.980108,1.980108,1.980108,1.980108,1.980108,1.980108,1.980108,1.980108,1.980108,1.980108,1.980108,2.970162,1.980108,1.980108,1.980108,1.980108,1.980108,1.980108,1.980108,1.980108,1.980108,1.980108,1.980108,1.980108,1.980108,1.980108,1.980108,2.970162,1.980108,1.980108,1.980108,1.980108,1.980108,1.980108,1.980108,1.980108,1.980108,1.980108,1.980108,1.980108,1.980108,1.980108,1.980108,2.970162,1.980108,1.980108,1.980108,1.980108,1.980108,1.980108,1.980108,1.980108,1.980108,1.980108,1.980108,1.980108,1.980108,1.980108,1.980108,2.970162,1.980108,1.980108,1.980108,1.980108,1.980108,1.980108,1.980108,1.980108,1.980108,1.980108,1.980108,1.980108,1.980108,1.980108,1.980108,2.970162,1.980108,1.980108,1.980108,1.980108,1.980108,1.980108,1.980108,1.980108,1.980108,1.980108,1.980108,1.980108,1.980108,1.980108,1.980108,2.970162,1.980108,1.980108,1.980108,1.980108,1.980108,1.980108,1.980108,1.980108,1.980108,1.980108,1.980108,1.980108,1.980108,1.980108,1.980108,2.970162,1.980108,1.980108,1.980108,1.980108,1.980108,1.980108,1.980108,1.980108,1.980108,1.980108,1.980108,1.980108,1.980108,1.980108,1.980108,2.970162,1.980108,1.980108,1.980108,1.980108,1.980108,1.980108,1.980108,1.980108,1.980108,1.980108,1.980108,1.980108,1.980108,1.980108,1.980108,2.970162,1.980108,1.980108,1.980108,1.980108,1.980108,1.980108,1.980108,1.980108,1.980108,1.980108,1.980108,1.980108,1.980108,1.980108,1.980108,2.970162,1.980108,1.980108,1.980108,1.980108,1.980108,1.980108,1.980108,1.980108,1.980108,1.980108,1.980108,1.980108,1.980108,1.980108,1.980108,2.970162,1.980108,1.980108,1.980108,1.980108,1.980108,1.980108,1.980108,1.980108,1.980108,1.980108,1.980108,1.980108,1.980108,1.980108,1.980108,2.970162
2.970162,1.980108,1.980108,1.980108,1.980108,1.980108,1.980108,1.980108,1.980108,1.980108,1.980108,1.980108,1.980108,1.980108,1.980108,1.980108,2.970162,1.980108,1.980108,1.980108,1.980108,1.980108,1.980108,1.980108,1.980108,1.980108,1.980108,1.980108,1.980108,1.980108,1.980108,1.980108,2.970162,1.980108,1.980108,1.980108,1.980108,1.980108,1.980108,1.980108,1.980108,1.980108,1.980108,1.980108,1.980108,1.980108,1.980108,1.980108,2.970162,1.980108,1.980108,1.980108,1.980108,1.980108,1.980108,1.980108,1.980108,1.980108,1.980108,1.980108,1.980108,1.980108,1.980108,1.980108,2.970162,1.980108,1.980108,1.980108,1.980108,1.980108,1.980108,1.980108,1.980108,1.980108,1.980108,1.980108,1.980108,1.980108,1.980108,1.980108,2.970162,1.980108,1.980108,1.980108,1.980108,1.980108,1.980108,1.980108,1.980108,1.980108,1.980108,1.980108,1.980108,1.980108,1.980108,1.980108,2.970162,1.980108,1.980108,1.980108,1.980108,1.980108,1.980108,1.980108,1.980108,1.980108,1.980108,1.980108,1.980108,1.980108,1.980108,1.980108,-30.631313,2.970162,2.970162,2.970162,2.970162,2.970162,2.970162,2.970162,2.970162,2.970162,2.970162,2.970162,2.970162,2.970162,2.970162,2.970162,2.970162,1.980108,1.980108,1.980108,1.980108,1.980108,1.980108,1.980108,1.980108,1.980108,1.980108,1.980108,1.980108,1.980108,1.980108,1.980108,2.970162,1.980108,1.980108,1.980108,1.980108,1.980108,1.980108,1.980108,1.980108,1.980108,1.980108,1.980108,1.980108,1.980108,1.980108,1.980108,2.970162,1.980108,1.980108,1.980108,1.980108,1.980108,1.980108,1.980108,1.980108,1.980108,1.980108,1.980108,1.980108,1.980108,1.980108,1.980108,2.970162,1.980108,1.980108,1.980108,1.980108,1.980108,1.980108,1.980108,1.980108,1.980108,1.980108,1.980108,1.980108,1.980108,1.980108,1.980108,2.970162,1.980108,1.980108,1.980108,1.980108,1.980108,1.980108,1.980108,1.980108,1.980108,1.980108,1.980108,1.980108,1.980108,1.980108,1.980108,2.970162,1.980108,1.980108,1.980108,1.980108,1.980108,1.980108,1.980108,1.980108,1.980108,1.980108,1.980108,1.980108,1.980108,1.980108,1.980108,2.970162,1.980108,1.980108,1.980108,1.980108,1.980108,1.980108,1.980108,1.980108,1.980108,1.980108,1.980108,1.980108,1.980108,1.980108,1.980108,2.970162,1.980108,1.980108,1.980108,1.980108,1.980108,1.980108,1.980108,1.980108,1.980108,1.980108,1.980108,1.980108,1.980108,1.980108,1.980108,2.970162,1.980108,1.980108,1.980108,1.980108,1.980108,1.980108,1.980108,1.980108,1.980108,1.980108,1.980108,1.980108,1.980108,1.980108,1.980108,2.970162,1.980108,1.980108,1.980108,1.980108,1.980108,1.980108,1.980108,1.980108,1.980108,1.980108,1.980108,1.980108,1.980108,1.980108,1.980108,2.970162,1.980108,1.980108,1.980108,1.980108,1.980108,1.980108,1.980108,1.980108,1.980108,1.980108,1.980108,1.980108,1.980108,1.980108,1.980108,2.970162,1.980108,1.980108,1.980108,1.980108,1.980108,1.980108,1.980108,1.980108,1.980108,1.980108,1.980108,1.980108,1.980108,1.980108,1.980108
1.980108,2.970162,1.980108,1.980108,1.980108,1.980108,1.980108,1.980108,1.980108,1.980108,1.980108,1.980108,1.980108,1.980108,1.980108,1.980108,1.980108,2.970162,1.980108,1.980108,1.980108,1.980108,1.980108,1.980108,1.980108,1.980108,1.980108,1.980108,1.980108,1.980108,1.980108,1.980108,1.980108,2.970162,1.980108,1.980108,1.980108,1.980108,1.980108,1.980108,1.980108,1.980108,1.980108,1.980108,1.980108,1.980108,1.980108,1.980108,1.980108,2.970162,1.980108,1.980108,1.980108,1.980108,1.980108,1.980108,1.980108,1.980108,1.980108,1.980108,1.980108,1.980108,1.980108,1.980108,1.980108,2.970162,1.980108,1.980108,1.980108,1.980108,1.980108,1.980108,1.980108,1.980108,1.980108,1.980108,1.980108,1.980108,1.980108,1.980108,1.980108,2.970162,1.980108,1.980108,1.980108,1.980108,1.980108,1.980108,1.980108,1.980108,1.980108,1.980108,1.980108,1.980108,1.980108,1.980108,1.980108,2.970162,1.980108,1.980108,1.980108,1.980108,1.980108,1.980108,1.980108,1.980108,1.980108,1.980108,1.980108,1.980108,1.980108,1.980108,2.970162,-30.509736,2.970162,2.970162,2.970162,2.970162,2.970162,2.970162,2.970162,2.970162,2.970162,2.970162,2.970162,2.970162,2.970162,2.970162,1.980108,2.970162,1.980108,1.980108,1.980108,1.980108,1.980108,1.980108,1.980108,1.980108,1.980108,1.980108,1.980108,1.980108,1.980108,1.980108,1.980108,2.970162,1.980108,1.980108,1.980108,1.980108,1.980108,1.980108,1.980108,1.980108,1.980108,1.980108,1.980108,1.980108,1.980108,1.980108,1.980108,2.970162,1.980108,1.980108,1.980108,1.980108,1.980108,1.980108,1.980108,1.980108,1.980108,1.980108,1.980108,1.980108,1.980108,1.980108,1.980108,2.970162,1.980108,1.980108,1.980108,1.980108,1.980108,1.980108,1.980108,1.980108,1.980108,1.980108,1.980108,1.980108,1.980108,1.980108,1.980108,2.970162,1.980108,1.980108,1.980108,1.980108,1.980108,1.980108,1.980108,1.980108,1.980108,1.980108,1.980108,1.980108,1.980108,1.980108,1.980108,2.970162,1.980108,1.980108,1.980108,1.980108,1.980108,1.980108,1.980108,1.980108,1.980108,1.980108,1.980108,1.980108,1.980108,1.980108,1.980108,2.970162,1.980108,1.980108,1.980108,1.980108,1.980108,1.980108,1.980108,1.980108,1.980108,1.980108,1.980108,1.980108,1.980108,1.980108,1.980108,2.970162,1.980108,1.980108,1.980108,1.980108,1.980108,1.980108,1.980108,1.980108,1.980108,1.980108,1.980108,1.980108,1.980108,1.980108,1.980108,2.970162,1.980108,1.980108,1.980108,1.980108,1.980108,1.980108,1.980108,1.980108,1.980108,1.980108,1.980108,1.980108,1.980108,1.980108,1.980108,2.970162,1.980108,1.980108,1.980108,1.980108,1.980108,1.980108,1.980108,1.980108,1.980108,1.980108,1.980108,1.980108,1.980108,1.980108,1.980108,2.970162,1.980108,1.980108,1.980108,1.980108,1.980108,1.980108,1.980108,1.980108,1.980108,1.980108,1.980108,1.980108,1.980108,1.980108,1.980108,2.970162,1.980108,1.980108,1.980108,1.980108,1.980108,1.980108,1.980108,1.980108,1.980108,1.980108,1.980108,1.980108,1.980108,1.980108
1.980108,1.980108,2.970162,1.980108,1.980108,1.980108,1.980108,1.980108,1.980108,1.980108,1.980108,1.980108,1.980108,1.980108,1.980108,1.980108,1.980108,1.980108,2.970162,1.980108,1.980108,1.980108,1.980108,1.980108,1.980108,1.980108,1.980108,1.980108,1.980108,1.980108,1.980108,1.980108,1.980108,1.980108,2.970162,1.980108,1.980108,1.980108,1.980108,1.980108,1.980108,1.980108,1.980108,1.980108,1.980108,1.980108,1.980108,1.980108,1.980108,1.980108,2.970162,1.980108,1.980108,1.980108,1.980108,1.980108,1.980108,1.980108,1.980108,1.980108,1.980108,1.980108,1.980108,1.980108,1.980108,1.980108,2.970162,1.980108,1.980108,1.980108,1.980108,1.980108,1.980108,1.980108,1.980108,1.980108,1.980108,1.980108,1.980108,1.980108,1.980108,1.980108,2.970162,1.980108,1.980108,1.980108,1.980108,1.980108,1.980108,1.980108,1.980108,1.980108,1.980108,1.980108,1.980108,1.980108,1.980108,1.980108,2.970162,1.980108,1.980108,1.980108,1.980108,1.980108,1.980108,1.980108,1.980108,1.980108,1.980108,1.980108,1.980108,1.980108,2.970162,2.970162,-30.335019,2.970162,2.970162,2.970162,2.970162,2.970162,2.970162,2.970162,2.970162,2.970162,2.970162,2.970162,2.970162,2.970162,1.980108,1.980108,2.970162,1.980108,1.980108,1.980108,1.980108,1.980108,1.980108,1.980108,1.980108,1.980108,1.980108,1.980108,1.980108,1.980108,1.980108,1.980108,2.970162,1.980108,1.980108,1.980108,1.980108,1.980108,1.980108,1.980108,1.980108,1.980108,1.980108,1.980108,1.980108,1.980108,1.980108,1.980108,2.970162,1.980108,1.980108,1.980108,1.980108,1.980108,1.980108,1.980108,1.980108,1.980108,1.980108,1.980108,1.980108,1.980108,1.980108,1.980108,2.970162,1.980108,1.980108,1.980108,1.980108,1.980108,1.980108,1.980108,1.980108,1.980108,1.980108,1.980108,1.980108,1.980108,1.980108,1.980108,2.970162,1.980108,1.980108,1.980108,1.980108,1.980108,1.980108,1.980108,1.980108,1.980108,1.980108,1.980108,1.980108,1.980108,1.980108,1.980108,2.970162,1.980108,1.980108,1.980108,1.980108,1.980108,1.980108,1.980108,1.980108,1.980108,1.980108,1.980108,1.980108,1.980108,1.980108,1.980108,2.970162,1.980108,1.980108,1.980108,1.980108,1.980108,1.980108,1.980108,1.980108,1.980108,1.980108,1.980108,1.980108,1.980108,1.980108,1.980108,2.970162,1.980108,1.980108,1.980108,1.980108,1.980108,1.980108,1.980108,1.980108,1.980108,1.980108,1.980108,1.980108,1.980108,1.980108,1.980108,2.970162,1.980108,1.980108,1.980108,1.980108,1.980108,1.980108,1.980108,1.980108,1.980108,1.980108,1.980108,1.980108,1.980108,1.980108,1.980108,2.970162,1.980108,1.980108,1.980108,1.980108,1.980108,1.980108,1.980108,1.980108,1.980108,1.980108,1.980108,1.980108,1.980108,1.980108,1.980108,2.970162,1.980108,1.980108,1.980108,1.980108,1.980108,1.980108,1.980108,1.980108,1.980108,1.980108,1.980108,1.980108,1.980108,1.980108,1.980108,2.970162,1.980108,1.980108,1.980108,1.980108,1.980108,1.980108,1.980108,1.980108,1.980108,1.980108,1.980108,1.980108,1.980108
1.980108,1.980108,1.980108,2.970162,1.980108,1.980108,1.980108,1.980108,1.980108,1.980108,1.980108,1.980108,1.980108,1.980108,1.980108,1.980108,1.980108,1.980108,1.980108,2.970162,1.980108,1.980108,1.980108,1.980108,1.980108,1.980108,1.980108,1.980108,1.980108,1.980108,1.980108,1.980108,1.980108,1.980108,1.980108,2.970162,1.980108,1.980108,1.980108,1.980108,1.980108,1.980108,1.980108,1.980108,1.980108,1.980108,1.980108,1.980108,1.980108,1.980108,1.980108,2.970162,1.980108,1.980108,1.980108,1.980108,1.980108,1.980108,1.980108,1.980108,1.980108,1.980108,1.980108,1.980108,1.980108,1.980108,1.980108,2.970162,1.980108,1.980108,1.980108,1.980108,1.980108,1.980108,1.980108,1.980108,1.980108,1.980108,1.980108,1.980108,1.980108,1.980108,1.980108,2.970162,1.980108,1.980108,1.980108,1.980108,1.980108,1.980108,1.980108,1.980108,1.980108,1.980108,1.980108,1.980108,1.980108,1.980108,1.980108,2.970162,1.980108,1.980108,1.980108,1.980108,1.980108,1.980108,1.980108,1.980108,1.980108,1.980108,1.980108,1.980108,2.970162,2.970162,2.970162,-30.573076,2.970162,2.970162,2.970162,2.970162,2.970162,2.970162,2.970162,2.970162,2.970162,2.970162,2.970162,2.970162,1.980108,1.980108,1.980108,2.970162,1.980108,1.980108,1.980108,1.980108,1.980108,1.980108,1.980108,1.980108,1.980108,1.980108,1.980108,1.980108,1.980108,1.980108,1.980108,2.970162,1.980108,1.980108,1.980108,1.980108,1.980108,1.980108,1.980108,1.980108,1.980108,1.980108,1.980108,1.980108,1.980108,1.980108,1.980108,2.970162,1.980108,1.980108,1.980108,1.980108,1.980108,1.980108,1.980108,1.980108,1.980108,1.980108,1.980108,1.980108,1.980108,1.980108,1.980108,2.970162,1.980108,1.980108,1.980108,1.980108,1.980108,1.980108,1.980108,1.980108,1.980108,1.980108,1.980108,1.980108,1.980108,1.980108,1.980108,2.970162,1.980108,1.980108,1.980108,1.980108,1.980108,1.980108,1.980108,1.980108,1.980108,1.980108,1.980108,1.980108,1.980108,1.980108,1.980108,2.970162,1.980108,1.980108,1.980108,1.980108,1.980108,1.980108,1.980108,1.980108,1.980108,1.980108,1.980108,1.980108,1.980108,1.980108,1.980108,2.970162,1.980108,1.980108,1.980108,1.980108,1.980108,1.980108,1.980108,1.980108,1.980108,1.980108,1.980108,1.980108,1.980108,1.980108,1.980108,2.970162,1.980108,1.980108,1.980108,1.980108,1.980108,1.980108,1.980108,1.980108,1.980108,1.980108,1.980108,1.980108,1.980108,1.980108,1.980108,2.970162,1.980108,1.980108,1.980108,1.980108,1.980108,1.980108,1.980108,1.980108,1.980108,1.980108,1.980108,1.980108,1.980108,1.980108,1.980108,2.970162,1.980108,1.980108,1.980108,1.980108,1.980108,1.980108,1.980108,1.980108,1.980108,1.980108,1.980108,1.980108,1.980108,1.980108,1.980108,2.970162,1.980108,1.980108,1.980108,1.980108,1.980108,1.980108,1.980108,1.980108,1.980108,1.980108,1.980108,1.980108,1.980108,1.980108,1.980108,2.970162,1.980108,1.980108,1.980108,1.980108,1.980108,1.980108,1.980108,1.980108,1.980108,1.980108,1.980108,1.980108
1.980108,1.980108,1.980108,1.980108,2.970162,1.980108,1.980108,1.980108,1.980108,1.980108,1.980108,1.980108,1.980108,1.980108,1.980108,1.980108,1.980108,1.980108,1.980108,1.980108,2.970162,1.980108,1.980108,1.980108,1.980108,1.980108,1.980108,1.980108,1.980108,1.980108,1.980108,1.980108,1.980108,1.980108,1.980108,1.980108,2.970162,1.980108,1.980108,1.980108,1.980108,1.980108,1.980108,1.980108,1.980108,1.980108,1.980108,1.980108,1.980108,1.980108,1.980108,1.980108,2.970162,1.980108,1.980108,1.980108,1.980108,1.980108,1.980108,1.980108,1.980108,1.980108,1.980108,1.980108,1.980108,1.980108,1.980108,1.980108,2.970162,1.980108,1.980108,1.980108,1.980108,1.980108,1.980108,1.980108,1.980108,1.980108,1.980108,1.980108,1.980108,1.980108,1.980108,1.980108,2.970162,1.980108,1.980108,1.980108,1.980108,1.980108,1.980108,1.980108,1.980108,1.980108,1.980108,1.980108,1.980108,1.980108,1.980108,1.980108,2.970162,1.980108,1.980108,1.980108,1.980108,1.980108,1.980108,1.980108,1.980108,1.980108,1.980108,1.980108,2.970162,2.970162,2.970162,2.970162,-30.505288,2.970162,2.970162,2.970162,2.970162,2.970162,2.970162,2.970162,2.970162,2.970162,2.970162,2.970162,1.980108,1.980108,1.980108,1.980108,2.970162,1.980108,1.980108,1.980108,1.980108,1.980108,1.980108,1.980108,1.980108,1.980108,1.980108,1.980108,1.980108,1.980108,1.980108,1.980108,2.970162,1.980108,1.980108,1.980108,1.980108,1.980108,1.980108,1.980108,1.980108,1.980108,1.980108,1.980108,1.980108,1.980108,1.980108,1.980108,2.970162,1.980108,1.980108,1.980108,1.980108,1.980108,1.980108,1.980108,1.980108,1.980108,1.980108,1.980108,1.980108,1.980108,1.980108,1.980108,2.970162,1.980108,1.980108,1.980108,1.980108,1.980108,1.980108,1.980108,1.980108,1.980108,1.980108,1.980108,1.980108,1.980108,1.980108,1.980108,2.970162,1.980108,1.980108,1.980108,1.980108,1.980108,1.980108,1.980108,1.980108,1.980108,1.980108,1.980108,1.980108,1.980108,1.980108,1.980108,2.970162,1.980108,1.980108,1.980108,1.980108,1.980108,1.980108,1.980108,1.980108,1.980108,1.980108,1.980108,1.980108,1.980108,1.980108,1.980108,2.970162,1.980108,1.980108,1.980108,1.980108,1.980108,1.980108,1.980108,1.980108,1.980108,1.980108,1.980108,1.980108,1.980108,1.980108,1.980108,2.970162,1.980108,1.980108,1.980108,1.980108,1.980108,1.980108,1.980108,1.980108,1.980108,1.980108,1.980108,1.980108,1.980108,1.980108,1.980108,2.970162,1.980108,1.980108,1.980108,1.980108,1.980108,1.980108,1.980108,1.980108,1.980108,1.980108,1.980108,1.980108,1.980108,1.980108,1.980108,2.970162,1.980108,1.980108,1.980108,1.980108,1.980108,1.980108,1.980108,1.980108,1.980108,1.980108,1.980108,1.980108,1.980108,1.980108,1.980108,2.970162,1.980108,1.980108,1.980108,1.980108,1.980108,1.980108,1.980108,1.980108,1.980108,1.980108,1.980108,1.980108,1.980108,1.980108,1.980108,2.970162,1.980108,1.980108,1.980108,1.980108,1.980108,1.980108,1.980108,1.980108,1.980108,1.980108,1.980108
1.980108,1.980108,1.980108,1.980108,1.980108,2.970162,1.980108,1.980108,1.980108,1.980108,1.980108,1.980108,1.980108,1.980108,1.980108,1.980108,1.980108,1.980108,1.980108,1.980108,1.980108,2.970162,1.980108,1.980108,1.980108,1.980108,1.980108,1.980108,1.980108,1.980108,1.980108,1.980108,1.980108,1.980108,1.980108,1.980108,1.980108,2.970162,1.980108,1.980108,1.980108,1.980108,1.980108,1.980108,1.980108,1.980108,1.980108,1.980108,1.980108,1.980108,1.980108,1.980108,1.980108,2.970162,1.980108,1.980108,1.980108,1.980108,1.980108,1.980108,1.980108,1.980108,1.980108,1.980108,1.980108,1.980108,1.980108,1.980108,1.980108,2.970162,1.980108,1.980108,1.980108,1.980108,1.980108,1.980108,1.980108,1.980108,1.980108,1.980108,1.980108,1.980108,1.980108,1.980108,1.980108,2.970162,1.980108,1.980108,1.980108,1.980108,1.980108,1.980108,1.980108,1.980108,1.980108,1.980108,1.980108,1.980108,1.980108,1.980108,1.980108,2.970162,1.980108,1.980108,1.980108,1.980108,1.980108,1.980108,1.980108,1.980108,1.980108,1.980108,2.970162,2.970162,2.970162,2.970162,2.970162,-29.888186,2.970162,2.970162,2.970162,2.970162,2.970162,2.970162,2.970162,2.970162,2.970162,2.970162,1.980108,1.980108,1.980108,1.980108,1.980108,2.970162,1.980108,1.980108,1.980108,1.980108,1.980108,1.980108,1.980108,1.980108,1.980108,1.980108,1.980108,1.980108,1.980108,1.980108,1.980108,2.970162,1.980108,1.980108,1.980108,1.980108,1.980108,1.980108,1.980108,1.980108,1.980108,1.980108,1.980108,1.980108,1.980108,1.980108,1.980108,2.970162,1.980108,1.980108,1.980108,1.980108,1.980108,1.980108,1.980108,1.980108,1.980108,1.980108,1.980108,1.980108,1.980108,1.980108,1.980108,2.970162,1.980108,1.980108,1.980108,1.980108,1.980108,1.980108,1.980108,1.980108,1.980108,1.980108,1.980108,1.980108,1.980108,1.980108,1.980108,2.970162,1.980108,1.980108,1.980108,1.980108,1.980108,1.980108,1.980108,1.980108,1.980108,1.980108,1.980108,1.980108,1.980108,1.980108,1.980108,2.970162,1.980108,1.980108,1.980108,1.980108,1.980108,1.980108,1.980108,1.980108,1.980108,1.980108,1.980108,1.980108,1.980108,1.980108,1.980108,2.970162,1.980108,1.980108,1.980108,1.980108,1.980108,1.980108,1.980108,1.980108,1.980108,1.980108,1.980108,1.980108,1.980108,1.980108,1.980108,2.970162,1.980108,1.980108,1.980108,1.980108,1.980108,1.980108,1.980108,1.980108,1.980108,1.980108,1.980108,1.980108,1.980108,1.980108,1.980108,2.970162,1.980108,1.980108,1.980108,1.980108,1.980108,1.980108,1.980108,1.980108,1.980108,1.980108,1.980108,1.980108,1.980108,1.980108,1.980108,2.970162,1.980108,1.980108,1.980108,1.980108,1.980108,1.980108,1.980108,1.980108,1.980108,1.980108,1.980108,1.980108,1.980108,1.980108,1.980108,2.970162,1.980108,1.980108,1.980108,1.980108,1.980108,1.980108,1.980108,1.980108,1.980108,1.980108,1.980108,1.980108,1.980108,1.980108,1.980108,2.970162,1.980108,1.980108,1.980108,1.980108,1.980108,1.980108,1.980108,1.980108,1.980108,1.980108
1.980108,1.980108,1.980108,1.980108,1.980108,1.980108,2.970162,1.980108,1.980108,1.980108,1.980108,1.980108,1.980108,1.980108,1.980108,1.980108,1.980108,1.980108,1.980108,1.980108,1.980108,1.980108,2.970162,1.980108,1.980108,1.980108,1.980108,1.980108,1.980108,1.980108,1.980108,1.980108,1.980108,1.980108,1.980108,1.980108,1.980108,1.980108,2.970162,1.980108,1.980108,1.980108,1.980108,1.980108,1.980108,1.980108,1.980108,1.980108,1.980108,1.980108,1.980108,1.980108,1.980108,1.980108,2.970162,1.980108,1.980108,1.980108,1.980108,1.980108,1.980108,1.980108,1.980108,1.980108,1.980108,1.980108,1.980108,1.980108,1.980108,1.980108,2.970162,1.980108,1.980108,1.980108,1.980108,1.980108,1.980108,1.980108,1.980108,1.980108,1.980108,1.980108,1.980108,1.980108,1.980108,1.980108,2.970162,1.980108,1.980108,1.980108,1.980108,1.980108,1.980108,1.980108,1.980108,1.980108,1.980108,1.980108,1.980108,1.980108,1.980108,1.980108,2.970162,1.980108,1.980108,1.980108,1.980108,1.980108,1.980108,1.980108,1.980108,1.980108,2.970162,2.970162,2.970162,2.970162,2.970162,2.970162,-30.594175,2.970162,2.970162,2.970162,2.970162,2.970162,2.970162,2.970162,2.970162,2.970162,1.980108,1.980108,1.980108,1.980108,1.980108,1.980108,2.970162,1.980108,1.980108,1.980108,1.980108,1.980108,1.980108,1.980108,1.980108,1.980108,1.980108,1.980108,1.980108,1.980108,1.980108,1.980108,2.970162,1.980108,1.980108,1.980108,1.980108,1.980108,1.980108,1.980108,1.980108,1.980108,1.980108,1.980108,1.980108,1.980108,1.980108,1.980108,2.970162,1.980108,1.980108,1.980108,1.980108,1.980108,1.980108,1.980108,1.980108,1.980108,1.980108,1.980108,1.980108,1.980108,1.980108,1.980108,2.970162,1.980108,1.980108,1.980108,1.980108,1.980108,1.980108,1.980108,1.980108,1.980108,1.980108,1.980108,1.980108,1.980108,1.980108,1.980108,2.970162,1.980108,1.980108,1.980108,1.980108,1.980108,1.980108,1.980108,1.980108,1.980108,1.980108,1.980108,1.980108,1.980108,1.980108,1.980108,2.970162,1.980108,1.980108,1.980108,1.980108,1.980108,1.980108,1.980108,1.980108,1.980108,1.980108,1.980108,1.980108,1.980108,1.980108,1.980108,2.970162,1.980108,1.980108,1.980108,1.980108,1.980108,1.980108,1.980108,1.980108,1.980108,1.980108,1.980108,1.980108,1.980108,1.980108,1.980108,2.970162,1.980108,1.980108,1.980108,1.980108,1.980108,1.980108,1.980108,1.980108,1.980108,1.980108,1.980108,1.980108,1.980108,1.980108,1.980108,2.970162,1.980108,1.980108,1.980108,1.980108,1.980108,1.980108,1.980108,1.980108,1.980108,1.980108,1.980108,1.980108,1.980108,1.980108,1.980108,2.970162,1.980108,1.980108,1.980108,1.980108,1.980108,1.980108,1.980108,1.980108,1.980108,1.980108,1.980108,1.980108,1.980108,1.980108,1.980108,2.970162,1.980108,1.980108,1.980108,1.980108,1.980108,1.980108,1.980108,1.980108,1.980108,1.980108,1.980108,1.980108,1.980108,1.980108,1.980108,2.970162,1.980108,1.980108,1.980108,1.980108,1.980108,1.980108,1.980108,1.980108,1.980108
1.980108,1.980108,1.980108,1.980108,1.980108,1.980108,1.980108,2.970162,1.980108,1.980108,1.980108,1.980108,1.980108,1.980108,1.980108,1.980108,1.980108,1.980108,1.980108,1.980108,1.980108,1.980108,1.980108,2.970162,1.980108,1.980108,1.980108,1.980108,1.980108,1.980108,1.980108,1.980108,1.980108,1.980108,1.980108,1.980108,1.980108,1.980108,1.980108,2.970162,1.980108,1.980108,1.980108,1.980108,1.980108,1.980108,1.980108,1.980108,1.980108,1.980108,1.980108,1.980108,1.980108,1.980108,1.980108,2.970162,1.980108,1.980108,1.980108,1.980108,1.980108,1.980108,1.980108,1.980108,1.980108,1.980108,1.980108,1.980108,1.980108,1.980108,1.980108,2.970162,1.980108,1.980108,1.980108,1.980108,1.980108,1.980108,1.980108,1.980108,1.980108,1.980108,1.980108,1.980108,1.980108,1.980108,1.980108,2.970162,1.980108,1.980108,1.980108,1.980108,1.980108,1.980108,1.980108,1.980108,1.980108,1.980108,1.980108,1.980108,1.980108,1.980108,1.980108,2.970162,1.980108,1.980108,1.980108,1.980108,1.980108,1.980108,1.980108,1.980108,2.970162,2.970162,2.970162,2.970162,2.970162,2.970162,2.970162,-30.240958,2.970162,2.970162,2.970162,2.970162,2.970162,2.970162,2.970162,2.970162,1.980108,1.980108,1.980108,1.980108,1.980108,1.980108,1.980108,2.970162,1.980108,1.980108,1.980108,1.980108,1.980108,1.980108,1.980108,1.980108,1.980108,1.980108,1.980108,1.980108,1.980108,1.980108,1.980108,2.970162,1.980108,1.980108,1.980108,1.980108,1.980108,1.980108,1.980108,1.980108,1.980108,1.980108,1.980108,1.980108,1.980108,1.980108,1.980108,2.970162,1.980108,1.980108,1.980108,1.980108,1.980108,1.980108,1.980108,1.980108,1.980108,1.980108,1.980108,1.980108,1.980108,1.980108,1.980108,2.970162,1.980108,1.980108,1.980108,1.980108,1.980108,1.980108,1.980108,1.980108,1.980108,1.980108,1.980108,1.980108,1.980108,1.980108,1.980108,2.970162,1.980108,1.980108,1.980108,1.980108,1.980108,1.980108,1.980108,1.980108,1.980108,1.980108,1.980108,1.980108,1.980108,1.980108,1.980108,2.970162,1.980108,1.980108,1.980108,1.980108,1.980108,1.980108,1.980108,1.980108,1.980108,1.980108,1.980108,1.980108,1.980108,1.980108,1.980108,2.970162,1.980108,1.980108,1.980108,1.980108,1.980108,1.980108,1.980108,1.980108,1.980108,1.980108,1.980108,1.980108,1.980108,1.980108,1.980108,2.970162,1.980108,1.980108,1.980108,1.980108,1.980108,1.980108,1.980108,1.980108,1.980108,1.980108,1.980108,1.980108,1.980108,1.980108,1.980108,2.970162,1.980108,1.980108,1.980108,1.980108,1.980108,1.980108,1.980108,1.980108,1.980108,1.980108,1.980108,1.980108,1.980108,1.980108,1.980108,2.970162,1.980108,1.980108,1.980108,1.980108,1.980108,1.980108,1.980108,1.980108,1.980108,1.980108,1.980108,1.980108,1.980108,1.980108,1.980108,2.970162,1.980108,1.980108,1.980108,1.980108,1.980108,1.980108,1.980108,1.980108,1.980108,1.980108,1.980108,1.980108,1.980108,1.980108,1.980108,2.970162,1.980108,1.980108,1.980108,1.980108,1.980108,1.980108,1.980108,1.980108
1.980108,1.980108,1.980108,1.980108,1.980108,1.980108,1.980108,1.980108,2.970162,1.980108,1.980108,1.980108,1.980108,1.980108,1.980108,1.980108,1.980108,1.980108,1.980108,1.980108,1.980108,1.980108,1.980108,1.980108,2.970162,1.980108,1.980108,1.980108,1.980108,1.980108,1.980108,1.980108,1.980108,1.980108,1.980108,1.980108,1.980108,1.980108,1.980108,1.980108,2.970162,1.980108,1.980108,1.980108,1.980108,1.980108,1.980108,1.980108,1.980108,1.980108,1.980108,1.980108,1.980108,1.980108,1.980108,1.980108,2.970162,1.980108,1.980108,1.980108,1.980108,1.980108,1.980108,1.980108,1.980108,1.980108,1.980108,1.980108,1.980108,1.980108,1.980108,1.980108,2.970162,1.980108,1.980108,1.980108,1.980108,1.980108,1.980108,1.980108,1.980108,1.980108,1.980108,1.980108,1.980108,1.980108,1.980108,1.980108,2.970162,1.980108,1.980108,1.980108,1.980108,1.980108,1.980108,1.980108,1.980108,1.980108,1.980108,1.980108,1.980108,1.980108,1.980108,1.980108,2.970162,1.980108,1.980108,1.980108,1.980108,1.980108,1.980108,1.980108,2.970162,2.970162,2.970162,2.970162,2.970162,2.970162,2.970162,2.970162,-30.509056,2.970162,2.970162,2.970162,2.970162,2.970162,2.970162,2.970162,1.980108,1.980108,1.980108,1.980108,1.980108,1.980108,1.980108,1.980108,2.970162,1.980108,1.980108,1.980108,1.980108,1.980108,1.980108,1.980108,1.980108,1.980108,1.980108,1.980108,1.980108,1.980108,1.980108,1.980108,2.970162,1.980108,1.980108,1.980108,1.980108,1.980108,1.980108,1.980108,1.980108,1.980108,1.980108,1.980108,1.980108,1.980108,1.980108,1.980108,2.970162,1.980108,1.980108,1.980108,1.980108,1.980108,1.980108,1.980108,1.980108,1.980108,1.980108,1.980108,1.980108,1.980108,1.980108,1.980108,2.970162,1.980108,1.980108,1.980108,1.980108,1.980108,1.980108,1.980108,1.980108,1.980108,1.980108,1.980108,1.980108,1.980108,1.980108,1.980108,2.970162,1.980108,1.980108,1.980108,1.980108,1.980108,1.980108,1.980108,1.980108,1.980108,1.980108,1.980108,1.980108,1.980108,1.980108,1.980108,2.970162,1.980108,1.980108,1.980108,1.980108,1.980108,1.980108,1.980108,1.980108,1.980108,1.980108,1.980108,1.980108,1.980108,1.980108,1.980108,2.970162,1.980108,1.980108,1.980108,1.980108,1.980108,1.980108,1.980108,1.980108,1.980108,1.980108,1.980108,1.980108,1.980108,1.980108,1.980108,2.970162,1.980108,1.980108,1.980108,1.980108,1.980108,1.980108,1.980108,1.980108,1.980108,1.980108,1.980108,1.980108,1.980108,1.980108,1.980108,2.970162,1.980108,1.980108,1.980108,1.980108,1.980108,1.980108,1.980108,1.980108,1.980108,1.980108,1.980108,1.980108,1.980108,1.980108,1.980108,2.970162,1.980108,1.980108,1.980108,1.980108,1.980108,1.980108,1.980108,1.980108,1.980108,1.980108,1.980108,1.980108,1.980108,1.980108,1.980108,2.970162,1.980108,1.980108,1.980108,1.980108,1.980108,1.980108,1.980108,1.980108,1.980108,1.980108,1.980108,1.980108,1.980108,1.980108,1.980108,2.970162,1.980108,1.980108,1.980108,1.980108,1.980108,1.980108,1.980108
1.980108,1.980108,1.980108,1.980108,1.980108,1.980108,1.980108,1.980108,1.980108,2.970162,1.980108,1.980108,1.980108,1.980108,1.980108,1.980108,1.980108,1.980108,1.980108,1.980108,1.980108,1.980108,1.980108,1.980108,1.980108,2.970162,1.980108,1.980108,1.980108,1.980108,1.980108,1.980108,1.980108,1.980108,1.980108,1.980108,1.980108,1.980108,1.980108,1.980108,1.980108,2.970162,1.980108,1.980108,1.980108,1.980108,1.980108,1.980108,1.980108,1.980108,1.980108,1.980108,1.980108,1.980108,1.980108,1.980108,1.980108,2.970162,1.980108,1.980108,1.980108,1.980108,1.980108,1.980108,1.980108,1.980108,1.980108,1.980108,1.980108,1.980108,1.980108,1.980108,1.980108,2.970162,1.980108,1.980108,1.980108,1.980108,1.980108,1.980108,1.980108,1.980108,1.980108,1.980108,1.980108,1.980108,1.980108,1.980108,1.980108,2.970162,1.980108,1.980108,1.980108,1.980108,1.980108,1.980108,1.980108,1.980108,1.980108,1.980108,1.980108,1.980108,1.980108,1.980108,1.980108,2.970162,1.980108,1.980108,1.980108,1.980108,1.980108,1.980108,2.970162,2.970162,2.970162,2.970162,2.970162,2.970162,2.970162,2.970162,2.970162,-30.597707,2.970162,2.970162,2.970162,2.970162,2.970162,2.970162,1.980108,1.980108,1.980108,1.980108,1.980108,1.980108,1.980108,1.980108,1.980108,2.970162,1.980108,1.980108,1.980108,1.980108,1.980108,1.980108,1.980108,1.980108,1.980108,1.980108,1.980108,1.980108,1.980108,1.980108,1.980108,2.970162,1.980108,1.980108,1.980108,1.980108,1.980108,1.980108,1.980108,1.980108,1.980108,1.980108,1.980108,1.980108,1.980108,1.980108,1.980108,2.970162,1.980108,1.980108,1.980108,1.980108,1.980108,1.980108,1.980108,1.980108,1.980108,1.980108,1.980108,1.980108,1.980108,1.980108,1.980108,2.970162,1.980108,1.980108,1.980108,1.980108,1.980108,1.980108,1.980108,1.980108,1.980108,1.980108,1.980108,1.980108,1.980108,1.980108,1.980108,2.970162,1.980108,1.980108,1.980108,1.980108,1.980108,1.980108,1.980108,1.980108,1.980108,1.980108,1.980108,1.980108,1.980108,1.980108,1.980108,2.970162,1.980108,1.980108,1.980108,1.980108,1.980108,1.980108,1.980108,1.980108,1.980108,1.980108,1.980108,1.980108,1.980108,1.980108,1.980108,2.970162,1.980108,1.980108,1.980108,1.980108,1.980108,1.980108,1.980108,1.980108,1.980108,1.980108,1.980108,1.980108,1.980108,1.980108,1.980108,2.970162,1.980108,1.980108,1.980108,1.980108,1.980108,1.980108,1.980108,1.980108,1.980108,1.980108,1.980108,1.980108,1.980108,1.980108,1.980108,2.970162,1.980108,1.980108,1.980108,1.980108,1.980108,1.980108,1.980108,1.980108,1.980108,1.980108,1.980108,1.980108,1.980108,1.980108,1.980108,2.970162,1.980108,1.980108,1.980108,1.980108,1.980108,1.980108,1.980108,1.980108,1.980108,1.980108,1.980108,1.980108,1.980108,1.980108,1.980108,2.970162,1.980108,1.980108,1.980108,1.980108,1.980108,1.980108,1.980108,1.980108,1.980108,1.980108,1.980108,1.980108,1.980108,1.980108,1.980108,2.970162,1.980108,1.980108,1.980108,1.980108,1.980108,1.980108
1.980108,1.980108,1.980108,1.980108,1.980108,1.980108,1.980108,1.980108,1.980108,1.980108,2.970162,1.980108,1.980108,1.980108,1.980108,1.980108,1.980108,1.980108,1.980108,1.980108,1.980108,1.980108,1.980108,1.980108,1.980108,1.980108,2.970162,1.980108,1.980108,1.980108,1.980108,1.980108,1.980108,1.980108,1.980108,1.980108,1.980108,1.980108,1.980108,1.980108,1.980108,1.980108,2.970162,1.980108,1.980108,1.980108,1.980108,1.980108,1.980108,1.980108,1.980108,1.980108,1.980108,1.980108,1.980108,1.980108,1.980108,1.980108,2.970162,1.980108,1.980108,1.980108,1.980108,1.980108,1.980108,1.980108,1.980108,1.980108,1.980108,1.980108,1.980108,1.980108,1.980108,1.980108,2.970162,1.980108,1.980108,1.980108,1.980108,1.980108,1.980108,1.980108,1.980108,1.980108,1.980108,1.980108,1.980108,1.980108,1.980108,1.980108,2.970162,1.980108,1.980108,1.980108,1.980108,1.980108,1.980108,1.980108,1.980108,1.980108,1.980108,1.980108,1.980108,1.980108,1.980108,1.980108,2.970162,1.980108,1.980108,1.980108,1.980108,1.980108,2.970162,2.970162,2.970162,2.970162,2.970162,2.970162,2.970162,2.970162,2.970162,2.970162,-30.019619,2.970162,2.970162,2.970162,2.970162,2.970162,1.980108,1.980108,1.980108,1.980108,1.980108,1.980108,1.980108,1.980108,1.980108,1.980108,2.970162,1.980108,1.980108,1.980108,1.980108,1.980108,1.980108,1.980108,1.980108,1.980108,1.980108,1.980108,1.980108,1.980108,1.980108,1.980108,2.970162,1.980108,1.980108,1.980108,1.980108,1.980108,1.980108,1.980108,1.980108,1.980108,1.980108,1.980108,1.980108,1.980108,1.980108,1.980108,2.970162,1.980108,1.980108,1.980108,1.980108,1.980108,1.980108,1.980108,1.980108,1.980108,1.980108,1.980108,1.980108,1.980108,1.980108,1.980108,2.970162,1.980108,1.980108,1.980108,1.980108,1.980108,1.980108,1.980108,1.980108,1.980108,1.980108,1.980108,1.980108,1.980108,1.980108,1.980108,2.970162,1.980108,1.980108,1.980108,1.980108,1.980108,1.980108,1.980108,1.980108,1.980108,1.980108,1.980108,1.980108,1.980108,1.980108,1.980108,2.970162,1.980108,1.980108,1.980108,1.980108,1.980108,1.980108,1.980108,1.980108,1.980108,1.980108,1.980108,1.980108,1.980108,1.980108,1.980108,2.970162,1.980108,1.980108,1.980108,1.980108,1.980108,1.980108,1.980108,1.980108,1.980108,1.980108,1.980108,1.980108,1.980108,1.980108,1.980108,2.970162,1.980108,1.980108,1.980108,1.980108,1.980108,1.980108,1.980108,1.980108,1.980108,1.980108,1.980108,1.980108,1.980108,1.980108,1.980108,2.970162,1.980108,1.980108,1.980108,1.980108,1.980108,1.980108,1.980108,1.980108,1.980108,1.980108,1.980108,1.980108,1.980108,1.980108,1.980108,2.970162,1.980108,1.980108,1.980108,1.980108,1.980108,1.980108,1.980108,1.980108,1.980108,1.980108,1.980108,1.980108,1.980108,1.980108,1.980108,2.970162,1.980108,1.980108,1.980108,1.980108,1.980108,1.980108,1.980108,1.980108,1.980108,1.980108,1.980108,1.980108,1.980108,1.980108,1.980108,2.970162,1.980108,1.980108,1.980108,1.980108,1.980108
1.980108,1.980108,1.980108,1.980108,1.980108,1.980108,1.980108,1.980108,1.980108,1.980108,1.980108,2.970162,1.980108,1.980108,1.980108,1.980108,1.980108,1.980108,1.980108,1.980108,1.980108,1.980108,1.980108,1.980108,1.980108,1.980108,1.980108,2.970162,1.980108,1.980108,1.980108,1.980108,1.980108,1.980108,1.980108,1.980108,1.980108,1.980108,1.980108,1.980108,1.980108,1.980108,1.980108,2.970162,1.980108,1.980108,1.980108,1.980108,1.980108,1.980108,1.980108,1.980108,1.980108,1.980108,1.980108,1.980108,1.980108,1.980108,1.980108,2.970162,1.980108,1.980108,1.980108,1.980108,1.980108,1.980108,1.980108,1.980108,1.980108,1.980108,1.980108,1.980108,1.980108,1.980108,1.980108,2.970162,1.980108,1.980108,1.980108,1.980108,1.980108,1.980108,1.980108,1.980108,1.980108,1.980108,1.980108,1.980108,1.980108,1.980108,1.980108,2.970162,1.980108,1.980108,1.980108,1.980108,1.980108,1.980108,1.980108,1.980108,1.980108,1.980108,1.980108,1.980108,1.980108,1.980108,1.980108,2.970162,1.980108,1.980108,1.980108,1.980108,2.970162,2.970162,2.970162,2.970162,2.970162,2.970162,2.970162,2.970162,2.970162,2.970162,2.970162,-29.811667,2.970162,2.970162,2.970162,2.970162,1.980108,1.980108,1.980108,1.980108,1.980108,1.980108,1.980108,1.980108,1.980108,1.980108,1.980108,2.970162,1.980108,1.980108,1.980108,1.980108,1.980108,1.980108,1.980108,1.980108,1.980108,1.980108,1.980108,1.980108,1.980108,1.980108,1.980108,2.970162,1.980108,1.980108,1.980108,1.980108,1.980108,1.980108,1.980108,1.980108,1.980108,1.980108,1.980108,1.980108,1.980108,1.980108,1.980108,2.970162,1.980108,1.980108,1.980108,1.980108,1.980108,1.980108,1.980108,1.980108,1.980108,1.980108,1.980108,1.980108,1.980108,1.980108,1.980108,2.970162,1.980108,1.980108,1.980108,1.980108,1.980108,1.980108,1.980108,1.980108,1.980108,1.980108,1.980108,1.980108,1.980108,1.980108,1.980108,2.970162,1.980108,1.980108,1.980108,1.980108,1.980108,1.980108,1.980108,1.980108,1.980108,1.980108,1.980108,1.980108,1.980108,1.980108,1.980108,2.970162,1.980108,1.980108,1.980108,1.980108,1.980108,1.980108,1.980108,1.980108,1.980108,1.980108,1.980108,1.980108,1.980108,1.980108,1.980108,2.970162,1.980108,1.980108,1.980108,1.980108,1.980108,1.980108,1.980108,1.980108,1.980108,1.980108,1.980108,1.980108,1.980108,1.980108,1.980108,2.970162,1.980108,1.980108,1.980108,1.980108,1.980108,1.980108,1.980108,1.980108,1.980108,1.980108,1.980108,1.980108,1.980108,1.980108,1.980108,2.970162,1.980108,1.980108,1.980108,1.980108,1.980108,1.980108,1.980108,1.980108,1.980108,1.980108,1.980108,1.980108,1.980108,1.980108,1.980108,2.970162,1.980108,1.980108,1.980108,1.980108,1.980108,1.980108,1.980108,1.980108,1.980108,1.980108,1.980108,1.980108,1.980108,1.980108,1.980108,2.970162,1.980108,1.980108,1.980108,1.980108,1.980108,1.980108,1.980108,1.980108,1.980108,1.980108,1.980108,1.980108,1.980108,1.980108,1.980108,2.970162,1.980108,1.980108,1.980108,1.980108
1.980108,1.980108,1.980108,1.980108,1.980108,1.980108,1.980108,1.980108,1.980108,1.980108,1.980108,1.980108,2.970162,1.980108,1.980108,1.980108,1.980108,1.980108,1.980108,1.980108,1.980108,1.980108,1.980108,1.980108,1.980108,1.980108,1.980108,1.980108,2.970162,1.980108,1.980108,1.980108,1.980108,1.980108,1.980108,1.980108,1.980108,1.980108,1.980108,1.980108,1.980108,1.980108,1.980108,1.980108,2.970162,1.980108,1.980108,1.980108,1.980108,1.980108,1.980108,1.980108,1.980108,1.980108,1.980108,1.980108,1.980108,1.980108,1.980108,1.980108,2.970162,1.980108,1.980108,1.980108,1.980108,1.980108,1.980108,1.980108,1.980108,1.980108,1.980108,1.980108,1.980108,1.980108,1.980108,1.980108,2.970162,1.980108,1.980108,1.980108,1.980108,1.980108,1.980108,1.980108,1.980108,1.980108,1.980108,1.980108,1.980108,1.980108,1.980108,1.980108,2.970162,1.980108,1.980108,1.980108,1.980108,1.980108,1.980108,1.980108,1.980108,1.980108,1.980108,1.980108,1.980108,1.980108,1.980108,1.980108,2.970162,1.980108,1.980108,1.980108,2.970162,2.970162,2.970162,2.970162,2.970162,2.970162,2.970162,2.970162,2.970162,2.970162,2.970162,2.970162,-29.929551,2.970162,2.970162,2.970162,1.980108,1.980108,1.980108,1.980108,1.980108,1.980108,1.980108,1.980108,1.980108,1.980108,1.980108,1.980108,2.970162,1.980108,1.980108,1.980108,1.980108,1.980108,1.980108,1.980108,1.980108,1.980108,1.980108,1.980108,1.980108,1.980108,1.980108,1.980108,2.970162,1.980108,1.980108,1.980108,1.980108,1.980108,1.980108,1.980108,1.980108,1.980108,1.980108,1.980108,1.980108,1.980108,1.980108,1.980108,2.970162,1.980108,1.980108,1.980108,1.980108,1.980108,1.980108,1.980108,1.980108,1.980108,1.980108,1.980108,1.980108,1.980108,1.980108,1.980108,2.970162,1.980108,1.980108,1.980108,1.980108,1.980108,1.980108,1.980108,1.980108,1.980108,1.980108,1.980108,1.980108,1.980108,1.980108,1.980108,2.970162,1.980108,1.980108,1.980108,1.980108,1.980108,1.980108,1.980108,1.980108,1.980108,1.980108,1.980108,1.980108,1.980108,1.980108,1.980108,2.970162,1.980108,1.980108,1.980108,1.980108,1.980108,1.980108,1.980108,1.980108,1.980108,1.980108,1.980108,1.980108,1.980108,1.980108,1.980108,2.970162,1.980108,1.980108,1.980108,1.980108,1.980108,1.980108,1.980108,1.980108,1.980108,1.980108,1.980108,1.980108,1.980108,1.980108,1.980108,2.970162,1.980108,1.980108,1.980108,1.980108,1.980108,1.980108,1.980108,1.980108,1.980108,1.980108,1.980108,1.980108,1.980108,1.980108,1.980108,2.970162,1.980108,1.980108,1.980108,1.980108,1.980108,1.980108,1.980108,1.980108,1.980108,1.980108,1.980108,1.980108,1.980108,1.980108,1.980108,2.970162,1.980108,1.980108,1.980108,1.980108,1.980108,1.980108,1.980108,1.980108,1.980108,1.980108,1.980108,1.980108,1.980108,1.980108,1.980108,2.970162,1.980108,1.980108,1.980108,1.980108,1.980108,1.980108,1.980108,1.980108,1.980108,1.980108,1.980108,1.980108,1.980108,1.980108,1.980108,2.970162,1.980108,1.980108,1.980108
1.980108,1.980108,1.980108,1.980108,1.980108,1.980108,1.980108,1.980108,1.980108,1.980108,1.980108,1.980108,1.980108,2.970162,1.980108,1.980108,1.980108,1.980108,1.980108,1.980108,1.980108,1.980108,1.980108,1.980108,1.980108,1.980108,1.980108,1.980108,1.980108,2.970162,1.980108,1.980108,1.980108,1.980108,1.980108,1.980108,1.980108,1.980108,1.980108,1.980108,1.980108,1.980108,1.980108,1.980108,1.980108,2.970162,1.980108,1.980108,1.980108,1.980108,1.980108,1.980108,1.980108,1.980108,1.980108,1.980108,1.980108,1.980108,1.980108,1.980108,1.980108,2.970162,1.980108,1.980108,1.980108,1.980108,1.980108,1.980108,1.980108,1.980108,1.980108,1.980108,1.980108,1.980108,1.980108,1.980108,1.980108,2.970162,1.980108,1.980108,1.980108,1.980108,1.980108,1.980108,1.980108,1.980108,1.980108,1.980108,1.980108,1.980108,1.980108,1.980108,1.980108,2.970162,1.980108,1.980108,1.980108,1.980108,1.980108,1.980108,1.980108,1.980108,1.980108,1.980108,1.980108,1.980108,1.980108,1.980108,1.980108,2.970162,1.980108,1.980108,2.970162,2.970162,2.970162,2.970162,2.970162,2.970162,2.970162,2.970162,2.970162,2.970162,2.970162,2.970162,2.970162,-30.128723,2.970162,2.970162,1.980108,1.980108,1.980108,1.980108,1.980108,1.980108,1.980108,1.980108,1.980108,1.980108,1.980108,1.980108,1.980108,2.970162,1.980108,1.980108,1.980108,1.980108,1.980108,1.980108,1.980108,1.980108,1.980108,1.980108,1.980108,1.980108,1.980108,1.980108,1.980108,2.970162,1.980108,1.980108,1.980108,1.980108,1.980108,1.980108,1.980108,1.980108,1.980108,1.980108,1.980108,1.980108,1.980108,1.980108,1.980108,2.970162,1.980108,1.980108,1.980108,1.980108,1.980108,1.980108,1.980108,1.980108,1.980108,1.980108,1.980108,1.980108,1.980108,1.980108,1.980108,2.970162,1.980108,1.980108,1.980108,1.980108,1.980108,1.980108,1.980108,1.980108,1.980108,1.980108,1.980108,1.980108,1.980108,1.980108,1.980108,2.970162,1.980108,1.980108,1.980108,1.980108,1.980108,1.980108,1.980108,1.980108,1.980108,1.980108,1.980108,1.980108,1.980108,1.980108,1.980108,2.970162,1.980108,1.980108,1.980108,1.980108,1.980108,1.980108,1.980108,1.980108,1.980108,1.980108,1.980108,1.980108,1.980108,1.980108,1.980108,2.970162,1.980108,1.980108,1.980108,1.980108,1.980108,1.980108,1.980108,1.980108,1.980108,1.980108,1.980108,1.980108,1.980108,1.980108,1.980108,2.970162,1.980108,1.980108,1.980108,1.980108,1.980108,1.980108,1.980108,1.980108,1.980108,1.980108,1.980108,1.980108,1.980108,1.980108,1.980108,2.970162,1.980108,1.980108,1.980108,1.980108,1.980108,1.980108,1.980108,1.980108,1.980108,1.980108,1.980108,1.980108,1.980108,1.980108,1.980108,2.970162,1.980108,1.980108,1.980108,1.980108,1.980108,1.980108,1.980108,1.980108,1.980108,1.980108,1.980108,1.980108,1.980108,1.980108,1.980108,2.970162,1.980108,1.980108,1.980108,1.980108,1.980108,1.980108,1.980108,1.980108,1.980108,1.980108,1.980108,1.980108,1.980108,1.980108,1.980108,2.970162,1.980108,1.980108
1.980108,1.980108,1.980108,1.980108,1.980108,1.980108,1.980108,1.980108,1.980108,1.980108,1.980108,1.980108,1.980108,1.980108,2.970162,1.980108,1.980108,1.980108,1.980108,1.980108,1.980108,1.980108,1.980108,1.980108,1.980108,1.980108,1.980108,1.980108,1.980108,1.980108,2.970162,1.980108,1.980108,1.980108,1.980108,1.980108,1.980108,1.980108,1.980108,1.980108,1.980108,1.980108,1.980108,1.980108,1.980108,1.980108,2.970162,1.980108,1.980108,1.980108,1.980108,1.980108,1.980108,1.980108,1.980108,1.980108,1.980108,1.980108,1.980108,1.980108,1.980108,1.980108,2.970162,1.980108,1.980108,1.980108,1.980108,1.980108,1.980108,1.980108,1.980108,1.980108,1.980108,1.980108,1.980108,1.980108,1.980108,1.980108,2.970162,1.980108,1.980108,1.980108,1.980108,1.980108,1.980108,1.980108,1.980108,1.980108,1.980108,1.980108,1.980108,1.980108,1.980108,1.980108,2.970162,1.980108,1.980108,1.980108,1.980108,1.980108,1.980108,1.980108,1.980108,1.980108,1.980108,1.980108,1.980108,1.980108,1.980108,1.980108,2.970162,1.980108,2.970162,2.970162,2.970162,2.970162,2.970162,2.970162,2.970162,2.970162,2.970162,2.970162,2.970162,2.970162,2.970162,2.970162,-30.519630,2.970162,1.980108,1.980108,1.980108,1.980108,1.980108,1.980108,1.980108,1.980108,1.980108,1.980108,1.980108,1.980108,1.980108,1.980108,2.970162,1.980108,1.980108,1.980108,1.980108,1.980108,1.980108,1.980108,1.980108,1.980108,1.980108,1.980108,1.980108,1.980108,1.980108,1.980108,2.970162,1.980108,1.980108,1.980108,1.980108,1.980108,1.980108,1.980108,1.980108,1.980108,1.980108,1.980108,1.980108,1.980108,1.980108,1.980108,2.970162,1.980108,1.980108,1.980108,1.980108,1.980108,1.980108,1.980108,1.980108,1.980108,1.980108,1.980108,1.980108,1.980108,1.980108,1.980108,2.970162,1.980108,1.980108,1.980108,1.980108,1.980108,1.980108,1.980108,1.980108,1.980108,1.980108,1.980108,1.980108,1.980108,1.980108,1.980108,2.970162,1.980108,1.980108,1.980108,1.980108,1.980108,1.980108,1.980108,1.980108,1.980108,1.980108,1.980108,1.980108,1.980108,1.980108,1.980108,2.970162,1.980108,1.980108,1.980108,1.980108,1.980108,1.980108,1.980108,1.980108,1.980108,1.980108,1.980108,1.980108,1.980108,1.980108,1.980108,2.970162,1.980108,1.980108,1.980108,1.980108,1.980108,1.980108,1.980108,1.980108,1.980108,1.980108,1.980108,1.980108,1.980108,1.980108,1.980108,2.970162,1.980108,1.980108,1.980108,1.980108,1.980108,1.980108,1.980108,1.980108,1.980108,1.980108,1.980108,1.980108,1.980108,1.980108,1.980108,2.970162,1.980108,1.980108,1.980108,1.980108,1.980108,1.980108,1.980108,1.980108,1.980108,1.980108,1.980108,1.980108,1.980108,1.980108,1.980108,2.970162,1.980108,1.980108,1.980108,1.980108,1.980108,1.980108,1.980108,1.980108,1.980108,1.980108,1.980108,1.980108,1.980108,1.980108,1.980108,2.970162,1.980108,1.980108,1.980108,1.980108,1.980108,1.980108,1.980108,1.980108,1.980108,1.980108,1.980108,1.980108,1.980108,1.980108,1.980108,2.970162,1.980108
1.980108,1.980108,1.980108,1.980108,1.980108,1.980108,1.980108,1.980108,1.980108,1.980108,1.980108,1.980108,1.980108,1.980108,1.980108,2.970162,1.980108,1.980108,1.980108,1.980108,1.980108,1.980108,1.980108,1.980108,1.980108,1.980108,1.980108,1.980108,1.980108,1.980108,1.980108,2.970162,1.980108,1.980108,1.980108,1.980108,1.980108,1.980108,1.980108,1.980108,1.980108,1.980108,1.980108,1.980108,1.980108,1.980108,1.980108,2.970162,1.980108,1.980108,1.980108,1.980108,1.980108,1.980108,1.980108,1.980108,1.980108,1.980108,1.980108,1.980108,1.980108,1.980108,1.980108,2.970162,1.980108,1.980108,1.980108,1.980108,1.980108,1.980108,1.980108,1.980108,1.980108,1.980108,1.980108,1.980108,1.980108,1.980108,1.980108,2.970162,1.980108,1.980108,1.980108,1.980108,1.980108,1.980108,1.980108,1.980108,1.980108,1.980108,1.980108,1.980108,1.980108,1.980108,1.980108,2.970162,1.980108,1.980108,1.980108,1.980108,1.980108,1.980108,1.980108,1.980108,1.980108,1.980108,1.980108,1.980108,1.980108,1.980108,1.980108,2.970162,2.970162,2.970162,2.970162,2.970162,2.970162,2.970162,2.970162,2.970162,2.970162,2.970162,2.970162,2.970162,2.970162,2.970162,2.970162,-30.562346,1.980108,1.980108,1.980108,1.980108,1.980108,1.980108,1.980108,1.980108,1.980108,1.980108,1.980108,1.980108,1.980108,1.980108,1.980108,2.970162,1.980108,1.980108,1.980108,1.980108,1.980108,1.980108,1.980108,1.980108,1.980108,1.980108,1.980108,1.980108,1.980108,1.980108,1.980108,2.970162,1.980108,1.980108,1.980108,1.980108,1.980108,1.980108,1.980108,1.980108,1.980108,1.980108,1.980108,1.980108,1.980108,1.980108,1.980108,2.970162,1.980108,1.980108,1.980108,1.980108,1.980108,1.980108,1.980108,1.980108,1.980108,1.980108,1.980108,1.980108,1.980108,1.980108,1.980108,2.970162,1.980108,1.980108,1.980108,1.980108,1.980108,1.980108,1.980108,1.980108,1.980108,1.980108,1.980108,1.980108,1.980108,1.980108,1.980108,2.970162,1.980108,1.980108,1.980108,1.980108,1.980108,1.980108,1.980108,1.980108,1.980108,1.980108,1.980108,1.980108,1.980108,1.980108,1.980108,2.970162,1.980108,1.980108,1.980108,1.980108,1.980108,1.980108,1.980108,1.980108,1.980108,1.980108,1.980108,1.980108,1.980108,1.980108,1.980108,2.970162,1.980108,1.980108,1.980108,1.980108,1.980108,1.980108,1.980108,1.980108,1.980108,1.980108,1.980108,1.980108,1.980108,1.980108,1.980108,2.970162,1.980108,1.980108,1.980108,1.980108,1.980108,1.980108,1.980108,1.980108,1.980108,1.980108,1.980108,1.980108,1.980108,1.980108,1.980108,2.970162,1.980108,1.980108,1.980108,1.980108,1.980108,1.980108,1.980108,1.980108,1.980108,1.980108,1.980108,1.980108,1.980108,1.980108,1.980108,2.970162,1.980108,1.980108,1.980108,1.980108,1.980108,1.980108,1.980108,1.980108,1.980108,1.980108,1.980108,1.980108,1.980108,1.980108,1.980108,2.970162,1.980108,1.980108,1.980108,1.980108,1.980108,1.980108,1.980108,1.980108,1.980108,1.980108,1.980108,1.980108,1.980108,1.980108,1.980108,2.970162
2.970162,1.980108,1.980108,1.980108,1.980108,1.980108,1.980108,1.980108,1.980108,1.980108,1.980108,1.980108,1.980108,1.980108,1.980108,1.980108,2.970162,1.980108,1.980108,1.980108,1.980108,1.980108,1.980108,1.980108,1.980108,1.980108,1.980108,1.980108,1.980108,1.980108,1.980108,1.980108,2.970162,1.980108,1.980108,1.980108,1.980108,1.980108,1.980108,1.980108,1.980108,1.980108,1.980108,1.980108,1.980108,1.980108,1.980108,1.980108,2.970162,1.980108,1.980108,1.980108,1.980108,1.980108,1.980108,1.980108,1.980108,1.980108,1.980108,1.980108,1.980108,1.980108,1.980108,1.980108,2.970162,1.980108,1.980108,1.980108,1.980108,1.980108,1.980108,1.980108,1.980108,1.980108,1.980108,1.980108,1.980108,1.980108,1.980108,1.980108,2.970162,1.980108,1.980108,1.980108,1.980108,1.980108,1.980108,1.980108,1.980108,1.980108,1.980108,1.980108,1.980108,1.980108,1.980108,1.980108,2.970162,1.980108,1.980108,1.980108,1.980108,1.980108,1.980108,1.980108,1.980108,1.980108,1.980108,1.980108,1.980108,1.980108,1.980108,1.980108,2.970162,1.980108,1.980108,1.980108,1.980108,1.980108,1.980108,1.980108,1.980108,1.980108,1.980108,1.980108,1.980108,1.980108,1.980108,1.980108,-29.708568,2.970162,2.970162,2.970162,2.970162,2.970162,2.970162,2.970162,2.970162,2.970162,2.970162,2.970162,2.970162,2.970162,2.970162,2.970162,2.970162,1.980108,1.980108,1.980108,1.980108,1.980108,1.980108,1.980108,1.980108,1.980108,1.980108,1.980108,1.980108,1.980108,1.980108,1.980108,2.970162,1.980108,1.980108,1.980108,1.980108,1.980108,1.980108,1.980108,1.980108,1.980108,1.980108,1.980108,1.980108,1.980108,1.980108,1.980108,2.970162,1.980108,1.980108,1.980108,1.980108,1.980108,1.980108,1.980108,1.980108,1.980108,1.980108,1.980108,1.980108,1.980108,1.980108,1.980108,2.970162,1.980108,1.980108,1.980108,1.980108,1.980108,1.980108,1.980108,1.980108,1.980108,1.980108,1.980108,1.980108,1.980108,1.980108,1.980108,2.970162,1.980108,1.980108,1.980108,1.980108,1.980108,1.980108,1.980108,1.980108,1.980108,1.980108,1.980108,1.980108,1.980108,1.980108,1.980108,2.970162,1.980108,1.980108,1.980108,1.980108,1.980108,1.980108,1.980108,1.980108,1.980108,1.980108,1.980108,1.980108,1.980108,1.980108,1.980108,2.970162,1.980108,1.980108,1.980108,1.980108,1.980108,1.980108,1.980108,1.980108,1.980108,1.980108,1.980108,1.980108,1.980108,1.980108,1.980108,2.970162,1.980108,1.980108,1.980108,1.980108,1.980108,1.980108,1.980108,1.980108,1.980108,1.980108,1.980108,1.980108,1.980108,1.980108,1.980108,2.970162,1.980108,1.980108,1.980108,1.980108,1.980108,1.980108,1.980108,1.980108,1.980108,1.980108,1.980108,1.980108,1.980108,1.980108,1.980108,2.970162,1.980108,1.980108,1.980108,1.980108,1.980108,1.980108,1.980108,1.980108,1.980108,1.980108,1.980108,1.980108,1.980108,1.980108,1.980108,2.970162,1.980108,1.980108,1.980108,1.980108,1.980108,1.980108,1.980108,1.980108,1.980108,1.980108,1.980108,1.980108,1.980108,1.980108,1.980108
1.980108,2.970162,1.980108,1.980108,1.980108,1.980108,1.980108,1.980108,1.980108,1.980108,1.980108,1.980108,1.980108,1.980108,1.980108,1.980108,1.980108,2.970162,1.980108,1.980108,1.980108,1.980108,1.980108,1.980108,1.980108,1.980108,1.980108,1.980108,1.980108,1.980108,1.980108,1.980108,1.980108,2.970162,1.980108,1.980108,1.980108,1.980108,1.980108,1.980108,1.980108,1.980108,1.980108,1.980108,1.980108,1.980108,1.980108,1.980108,1.980108,2.970162,1.980108,1.980108,1.980108,1.980108,1.980108,1.980108,1.980108,1.980108,1.980108,1.980108,1.980108,1.980108,1.980108,1.980108,1.980108,2.970162,1.980108,1.980108,1.980108,1.980108,1.980108,1.980108,1.980108,1.980108,1.980108,1.980108,1.980108,1.980108,1.980108,1.980108,1.980108,2.970162,1.980108,1.980108,1.980108,1.980108,1.980108,1.980108,1.980108,1.980108,1.980108,1.980108,1.980108,1.980108,1.980108,1.980108,1.980108,2.970162,1.980108,1.980108,1.980108,1.980108,1.980108,1.980108,1.980108,1.980108,1.980108,1.980108,1.980108,1.980108,1.980108,1.980108,1.980108,2.970162,1.980108,1.980108,1.980108,1.980108,1.980108,1.980108,1.980108,1.980108,1.980108,1.980108,1.980108,1.980108,1.980108,1.980108,2.970162,-30.212363,2.970162,2.970162,2.970162,2.970162,2.970162,2.970162,2.970162,2.970162,2.970162,2.970162,2.970162,2.970162,2.970162,2.970162,1.980108,2.970162,1.980108,1.980108,1.980108,1.980108,1.980108,1.980108,1.980108,1.980108,1.980108,1.980108,1.980108,1.980108,1.980108,1.980108,1.980108,2.970162,1.980108,1.980108,1.980108,1.980108,1.980108,1.980108,1.980108,1.980108,1.980108,1.980108,1.980108,1.980108,1.980108,1.980108,1.980108,2.970162,1.980108,1.980108,1.980108,1.980108,1.980108,1.980108,1.980108,1.980108,1.980108,1.980108,1.980108,1.980108,1.980108,1.980108,1.980108,2.970162,1.980108,1.980108,1.980108,1.980108,1.980108,1.980108,1.980108,1.980108,1.980108,1.980108,1.980108,1.980108,1.980108,1.980108,1.980108,2.970162,1.980108,1.980108,1.980108,1.980108,1.980108,1.980108,1.980108,1.980108,1.980108,1.980108,1.980108,1.980108,1.980108,1.980108,1.980108,2.970162,1.980108,1.980108,1.980108,1.980108,1.980108,1.980108,1.980108,1.980108,1.980108,1.980108,1.980108,1.980108,1.980108,1.980108,1.980108,2.970162,1.980108,1.980108,1.980108,1.980108,1.980108,1.980108,1.980108,1.980108,1.980108,1.980108,1.980108,1.980108,1.980108,1.980108,1.980108,2.970162,1.980108,1.980108,1.980108,1.980108,1.980108,1.980108,1.980108,1.980108,1.980108,1.980108,1.980108,1.980108,1.980108,1.980108,1.980108,2.970162,1.980108,1.980108,1.980108,1.980108,1.980108,1.980108,1.980108,1.980108,1.980108,1.980108,1.980108,1.980108,1.980108,1.980108,1.980108,2.970162,1.980108,1.980108,1.980108,1.980108,1.980108,1.980108,1.980108,1.980108,1.980108,1.980108,1.980108,1.980108,1.980108,1.980108,1.980108,2.970162,1.980108,1.980108,1.980108,1.980108,1.980108,1.980108,1.980108,1.980108,1.980108,1.980108,1.980108,1.980108,1.980108,1.980108
1.980108,1.980108,2.970162,1.980108,1.980108,1.980108,1.980108,1.980108,1.980108,1.980108,1.980108,1.980108,1.980108,1.980108,1.980108,1.980108,1.980108,1.980108,2.970162,1.980108,1.980108,1.980108,1.980108,1.980108,1.980108,1.980108,1.980108,1.980108,1.980108,1.980108,1.980108,1.980108,1.980108,1.980108,2.970162,1.980108,1.980108,1.980108,1.980108,1.980108,1.980108,1.980108,1.980108,1.980108,1.980108,1.980108,1.980108,1.980108,1.980108,1.980108,2.970162,1.980108,1.980108,1.980108,1.980108,1.980108,1.980108,1.980108,1.980108,1.980108,1.980108,1.980108,1.980108,1.980108,1.980108,1.980108,2.970162,1.980108,1.980108,1.980108,1.980108,1.980108,1.980108,1.980108,1.980108,1.980108,1.980108,1.980108,1.980108,1.980108,1.980108,1.980108,2.970162,1.980108,1.980108,1.980108,1.980108,1.980108,1.980108,1.980108,1.980108,1.980108,1.980108,1.980108,1.980108,1.980108,1.980108,1.980108,2.970162,1.980108,1.980108,1.980108,1.980108,1.980108,1.980108,1.980108,1.980108,1.980108,1.980108,1.980108,1.980108,1.980108,1.980108,1.980108,2.970162,1.980108,1.980108,1.980108,1.980108,1.980108,1.980108,1.980108,1.980108,1.980108,1.980108,1.980108,1.980108,1.980108,2.970162,2.970162,-30.119027,2.970162,2.970162,2.970162,2.970162,2.970162,2.970162,2.970162,2.970162,2.970162,2.970162,2.970162,2.970162,2.970162,1.980108,1.980108,2.970162,1.980108,1.980108,1.980108,1.980108,1.980108,1.980108,1.980108,1.980108,1.980108,1.980108,1.980108,1.980108,1.980108,1.980108,1.980108,2.970162,1.980108,1.980108,1.980108,1.980108,1.980108,1.980108,1.980108,1.980108,1.980108,1.980108,1.980108,1.980108,1.980108,1.980108,1.980108,2.970162,1.980108,1.980108,1.980108,1.980108,1.980108,1.980108,1.980108,1.980108,1.980108,1.980108,1.980108,1.980108,1.980108,1.980108,1.980108,2.970162,1.980108,1.980108,1.980108,1.980108,1.980108,1.980108,1.980108,1.980108,1.980108,1.980108,1.980108,1.980108,1.980108,1.980108,1.980108,2.970162,1.980108,1.980108,1.980108,1.980108,1.980108,1.980108,1.980108,1.980108,1.980108,1.980108,1.980108,1.980108,1.980108,1.980108,1.980108,2.970162,1.980108,1.980108,1.980108,1.980108,1.980108,1.980108,1.980108,1.980108,1.980108,1.980108,1.980108,1.980108,1.980108,1.980108,1.980108,2.970162,1.980108,1.980108,1.980108,1.980108,1.980108,1.980108,1.980108,1.980108,1.980108,1.980108,1.980108,1.980108,1.980108,1.980108,1.980108,2.970162,1.980108,1.980108,1.980108,1.980108,1.980108,1.980108,1.980108,1.980108,1.980108,1.980108,1.980108,1.980108,1.980108,1.980108,1.980108,2.970162,1.980108,1.980108,1.980108,1.980108,1.980108,1.980108,1.980108,1.980108,1.980108,1.980108,1.980108,1.980108,1.980108,1.980108,1.980108,2.970162,1.980108,1.980108,1.980108,1.980108,1.980108,1.980108,1.980108,1.980108,1.980108,1.980108,1.980108,1.980108,1.980108,1.980108,1.980108,2.970162,1.980108,1.980108,1.980108,1.980108,1.980108,1.980108,1.980108,1.980108,1.980108,1.980108,1.980108,1.980108,1.980108
1.980108,1.980108,1.980108,2.970162,1.980108,1.980108,1.980108,1.980108,1.980108,1.980108,1.980108,1.980108,1.980108,1.980108,1.980108,1.980108,1.980108,1.980108,1.980108,2.970162,1.980108,1.980108,1.980108,1.980108,1.980108,1.980108,1.980108,1.980108,1.980108,1.980108,1.980108,1.980108,1.980108,1.980108,1.980108,2.970162,1.980108,1.980108,1.980108,1.980108,1.980108,1.980108,1.980108,1.980108,1.980108,1.980108,1.980108,1.980108,1.980108,1.980108,1.980108,2.970162,1.980108,1.980108,1.980108,1.980108,1.980108,1.980108,1.980108,1.980108,1.980108,1.980108,1.980108,1.980108,1.980108,1.980108,1.980108,2.970162,1.980108,1.980108,1.980108,1.980108,1.980108,1.980108,1.980108,1.980108,1.980108,1.980108,1.980108,1.980108,1.980108,1.980108,1.980108,2.970162,1.980108,1.980108,1.980108,1.980108,1.980108,1.980108,1.980108,1.980108,1.980108,1.980108,1.980108,1.980108,1.980108,1.980108,1.980108,2.970162,1.980108,1.980108,1.980108,1.980108,1.980108,1.980108,1.980108,1.980108,1.980108,1.980108,1.980108,1.980108,1.980108,1.980108,1.980108,2.970162,1.980108,1.980108,1.980108,1.980108,1.980108,1.980108,1.980108,1.980108,1.980108,1.980108,1.980108,1.980108,2.970162,2.970162,2.970162,-29.923723,2.970162,2.970162,2.970162,2.970162,2.970162,2.970162,2.970162,2.970162,2.970162,2.970162,2.970162,2.970162,1.980108,1.980108,1.980108,2.970162,1.980108,1.980108,1.980108,1.980108,1.980108,1.980108,1.980108,1.980108,1.980108,1.980108,1.980108,1.980108,1.980108,1.980108,1.980108,2.970162,1.980108,1.980108,1.980108,1.980108,1.980108,1.980108,1.980108,1.980108,1.980108,1.980108,1.980108,1.980108,1.980108,1.980108,1.980108,2.970162,1.980108,1.980108,1.980108,1.980108,1.980108,1.980108,1.980108,1.980108,1.980108,1.980108,1.980108,1.980108,1.980108,1.980108,1.980108,2.970162,1.980108,1.980108,1.980108,1.980108,1.980108,1.980108,1.980108,1.980108,1.980108,1.980108,1.980108,1.980108,1.980108,1.980108,1.980108,2.970162,1.980108,1.980108,1.980108,1.980108,1.980108,1.980108,1.980108,1.980108,1.980108,1.980108,1.980108,1.980108,1.980108,1.980108,1.980108,2.970162,1.980108,1.980108,1.980108,1.980108,1.980108,1.980108,1.980108,1.980108,1.980108,1.980108,1.980108,1.980108,1.980108,1.980108,1.980108,2.970162,1.980108,1.980108,1.980108,1.980108,1.980108,1.980108,1.980108,1.980108,1.980108,1.980108,1.980108,1.980108,1.980108,1.980108,1.980108,2.970162,1.980108,1.980108,1.980108,1.980108,1.980108,1.980108,1.980108,1.980108,1.980108,1.980108,1.980108,1.980108,1.980108,1.980108,1.980108,2.970162,1.980108,1.980108,1.980108,1.980108,1.980108,1.980108,1.980108,1.980108,1.980108,1.980108,1.980108,1.980108,1.980108,1.980108,1.980108,2.970162,1.980108,1.980108,1.980108,1.980108,1.980108,1.980108,1.980108,1.980108,1.980108,1.980108,1.980108,1.980108,1.980108,1.980108,1.980108,2.970162,1.980108,1.980108,1.980108,1.980108,1.980108,1.980108,1.980108,1.980108,1.980108,1.980108,1.980108,1.980108
1.980108,1.980108,1.980108,1.980108,2.970162,1.980108,1.980108,1.980108,1.980108,1.980108,1.980108,1.980108,1.980108,1.980108,1.980108,1.980108,1.980108,1.980108,1.980108,1.980108,2.970162,1.980108,1.980108,1.980108,1.980108,1.980108,1.980108,1.980108,1.980108,1.980108,1.980108,1.980108,1.980108,1.980108,1.980108,1.980108,2.970162,1.980108,1.980108,1.980108,1.980108,1.980108,1.980108,1.980108,1.980108,1.980108,1.980108,1.980108,1.980108,1.980108,1.980108,1.980108,2.970162,1.980108,1.980108,1.980108,1.980108,1.980108,1.980108,1.980108,1.980108,1.980108,1.980108,1.980108,1.980108,1.980108,1.980108,1.980108,2.970162,1.980108,1.980108,1.980108,1.980108,1.980108,1.980108,1.980108,1.980108,1.980108,1.980108,1.980108,1.980108,1.980108,1.980108,1.980108,2.970162,1.980108,1.980108,1.980108,1.980108,1.980108,1.980108,1.980108,1.980108,1.980108,1.980108,1.980108,1.980108,1.980108,1.980108,1.980108,2.970162,1.980108,1.980108,1.980108,1.980108,1.980108,1.980108,1.980108,1.980108,1.980108,1.980108,1.980108,1.980108,1.980108,1.980108,1.980108,2.970162,1.980108,1.980108,1.980108,1.980108,1.980108,1.980108,1.980108,1.980108,1.980108,1.980108,1.980108,2.970162,2.970162,2.970162,2.970162,-29.821481,2.970162,2.970162,2.970162,2.970162,2.970162,2.970162,2.970162,2.970162,2.970162,2.970162,2.970162,1.980108,1.980108,1.980108,1.980108,2.970162,1.980108,1.980108,1.980108,1.980108,1.980108,1.980108,1.980108,1.980108,1.980108,1.980108,1.980108,1.980108,1.980108,1.980108,1.980108,2.970162,1.980108,1.980108,1.980108,1.980108,1.980108,1.980108,1.980108,1.980108,1.980108,1.980108,1.980108,1.980108,1.980108,1.980108,1.980108,2.970162,1.980108,1.980108,1.980108,1.980108,1.980108,1.980108,1.980108,1.980108,1.980108,1.980108,1.980108,1.980108,1.980108,1.980108,1.980108,2.970162,1.980108,1.980108,1.980108,1.980108,1.980108,1.980108,1.980108,1.980108,1.980108,1.980108,1.980108,1.980108,1.980108,1.980108,1.980108,2.970162,1.980108,1.980108,1.980108,1.980108,1.980108,1.980108,1.980108,1.980108,1.980108,1.980108,1.980108,1.980108,1.980108,1.980108,1.980108,2.970162,1.980108,1.980108,1.980108,1.980108,1.980108,1.980108,1.980108,1.980108,1.980108,1.980108,1.980108,1.980108,1.980108,1.980108,1.980108,2.970162,1.980108,1.980108,1.980108,1.980108,1.980108,1.980108,1.980108,1.980108,1.980108,1.980108,1.980108,1.980108,1.980108,1.980108,1.980108,2.970162,1.980108,1.980108,1.980108,1.980108,1.980108,1.980108,1.980108,1.980108,1.980108,1.980108,1.980108,1.980108,1.980108,1.980108,1.980108,2.970162,1.980108,1.980108,1.980108,1.980108,1.980108,1.980108,1.980108,1.980108,1.980108,1.980108,1.980108,1.980108,1.980108,1.980108,1.980108,2.970162,1.980108,1.980108,1.980108,1.980108,1.980108,1.980108,1.980108,1.980108,1.980108,1.980108,1.980108,1.980108,1.980108,1.980108,1.980108,2.970162,1.980108,1.980108,1.980108,1.980108,1.980108,1.980108,1.980108,1.980108,1.980108,1.980108,1.980108
1.980108,1.980108,1.980108,1.980108,1.980108,2.970162,1.980108,1.980108,1.980108,1.980108,1.980108,1.980108,1.980108,1.980108,1.980108,1.980108,1.980108,1.980108,1.980108,1.980108,1.980108,2.970162,1.980108,1.980108,1.980108,1.980108,1.980108,1.980108,1.980108,1.980108,1.980108,1.980108,1.980108,1.980108,1.980108,1.980108,1.980108,2.970162,1.980108,1.980108,1.980108,1.980108,1.980108,1.980108,1.980108,1.980108,1.980108,1.980108,1.980108,1.980108,1.980108,1.980108,1.980108,2.970162,1.980108,1.980108,1.980108,1.980108,1.980108,1.980108,1.980108,1.980108,1.980108,1.980108,1.980108,1.980108,1.980108,1.980108,1.980108,2.970162,1.980108,1.980108,1.980108,1.980108,1.980108,1.980108,1.980108,1.980108,1.980108,1.980108,1.980108,1.980108,1.980108,1.980108,1.980108,2.970162,1.980108,1.980108,1.980108,1.980108,1.980108,1.980108,1.980108,1.980108,1.980108,1.980108,1.980108,1.980108,1.980108,1.980108,1.980108,2.970162,1.980108,1.980108,1.980108,1.980108,1.980108,1.980108,1.980108,1.980108,1.980108,1.980108,1.980108,1.980108,1.980108,1.980108,1.980108,2.970162,1.980108,1.980108,1.980108,1.980108,1.980108,1.980108,1.980108,1.980108,1.980108,1.980108,2.970162,2.970162,2.970162,2.970162,2.970162,-30.039231,2.970162,2.970162,2.970162,2.970162,2.970162,2.970162,2.970162,2.970162,2.970162,2.970162,1.980108,1.980108,1.980108,1.980108,1.980108,2.970162,1.980108,1.980108,1.980108,1.980108,1.980108,1.980108,1.980108,1.980108,1.980108,1.980108,1.980108,1.980108,1.980108,1.980108,1.980108,2.970162,1.980108,1.980108,1.980108,1.980108,1.980108,1.980108,1.980108,1.980108,1.980108,1.980108,1.980108,1.980108,1.980108,1.980108,1.980108,2.970162,1.980108,1.980108,1.980108,1.980108,1.980108,1.980108,1.980108,1.980108,1.980108,1.980108,1.980108,1.980108,1.980108,1.980108,1.980108,2.970162,1.980108,1.980108,1.980108,1.980108,1.980108,1.980108,1.980108,1.980108,1.980108,1.980108,1.980108,1.980108,1.980108,1.980108,1.980108,2.970162,1.980108,1.980108,1.980108,1.980108,1.980108,1.980108,1.980108,1.980108,1.980108,1.980108,1.980108,1.980108,1.980108,1.980108,1.980108,2.970162,1.980108,1.980108,1.980108,1.980108,1.980108,1.980108,1.980108,1.980108,1.980108,1.980108,1.980108,1.980108,1.980108,1.980108,1.980108,2.970162,1.980108,1.980108,1.980108,1.980108,1.980108,1.980108,1.980108,1.980108,1.980108,1.980108,1.980108,1.980108,1.980108,1.980108,1.980108,2.970162,1.980108,1.980108,1.980108,1.980108,1.980108,1.980108,1.980108,1.980108,1.980108,1.980108,1.980108,1.980108,1.980108,1.980108,1.980108,2.970162,1.980108,1.980108,1.980108,1.980108,1.980108,1.980108,1.980108,1.980108,1.980108,1.980108,1.980108,1.980108,1.980108,1.980108,1.980108,2.970162,1.980108,1.980108,1.980108,1.980108,1.980108,1.980108,1.980108,1.980108,1.980108,1.980108,1.980108,1.980108,1.980108,1.980108,1.980108,2.970162,1.980108,1.980108,1.980108,1.980108,1.980108,1.980108,1.980108,1.980108,1.980108,1.980108
1.980108,1.980108,1.980108,1.980108,1.980108,1.980108,2.970162,1.980108,1.980108,1.980108,1.980108,1.980108,1.980108,1.980108,1.980108,1.980108,1.980108,1.980108,1.980108,1.980108,1.980108,1.980108,2.970162,1.980108,1.980108,1.980108,1.980108,1.980108,1.980108,1.980108,1.980108,1.980108,1.980108,1.980108,1.980108,1.980108,1.980108,1.980108,2.970162,1.980108,1.980108,1.980108,1.980108,1.980108,1.980108,1.980108,1.980108,1.980108,1.980108,1.980108,1.980108,1.980108,1.980108,1.980108,2.970162,1.980108,1.980108,1.980108,1.980108,1.980108,1.980108,1.980108,1.980108,1.980108,1.980108,1.980108,1.980108,1.980108,1.980108,1.980108,2.970162,1.980108,1.980108,1.980108,1.980108,1.980108,1.980108,1.980108,1.980108,1.980108,1.980108,1.980108,1.980108,1.980108,1.980108,1.980108,2.970162,1.980108,1.980108,1.980108,1.980108,1.980108,1.980108,1.980108,1.980108,1.980108,1.980108,1.980108,1.980108,1.980108,1.980108,1.980108,2.970162,1.980108,1.980108,1.980108,1.980108,1.980108,1.980108,1.980108,1.980108,1.980108,1.980108,1.980108,1.980108,1.980108,1.980108,1.980108,2.970162,1.980108,1.980108,1.980108,1.980108,1.980108,1.980108,1.980108,1.980108,1.980108,2.970162,2.970162,2.970162,2.970162,2.970162,2.970162,-30.644525,2.970162,2.970162,2.970162,2.970162,2.970162,2.970162,2.970162,2.970162,2.970162,1.980108,1.980108,1.980108,1.980108,1.980108,1.980108,2.970162,1.980108,1.980108,1.980108,1.980108,1.980108,1.980108,1.980108,1.980108,1.980108,1.980108,1.980108,1.980108,1.980108,1.980108,1.980108,2.970162,1.980108,1.980108,1.980108,1.980108,1.980108,1.980108,1.980108,1.980108,1.980108,1.980108,1.980108,1.980108,1.980108,1.980108,1.980108,2.970162,1.980108,1.980108,1.980108,1.980108,1.980108,1.980108,1.980108,1.980108,1.980108,1.980108,1.980108,1.980108,1.980108,1.980108,1.980108,2.970162,1.980108,1.980108,1.980108,1.980108,1.980108,1.980108,1.980108,1.980108,1.980108,1.980108,1.980108,1.980108,1.980108,1.980108,1.980108,2.970162,1.980108,1.980108,1.980108,1.980108,1.980108,1.980108,1.980108,1.980108,1.980108,1.980108,1.980108,1.980108,1.980108,1.980108,1.980108,2.970162,1.980108,1.980108,1.980108,1.980108,1.980108,1.980108,1.980108,1.980108,1.980108,1.980108,1.980108,1.980108,1.980108,1.980108,1.980108,2.970162,1.980108,1.980108,1.980108,1.980108,1.980108,1.980108,1.980108,1.980108,1.980108,1.980108,1.980108,1.980108,1.980108,1.980108,1.980108,2.970162,1.980108,1.980108,1.980108,1.980108,1.980108,1.980108,1.980108,1.980108,1.980108,1.980108,1.980108,1.980108,1.980108,1.980108,1.980108,2.970162,1.980108,1.980108,1.980108,1.980108,1.980108,1.980108,1.980108,1.980108,1.980108,1.980108,1.980108,1.980108,1.980108,1.980108,1.980108,2.970162,1.980108,1.980108,1.980108,1.980108,1.980108,1.980108,1.980108,1.980108,1.980108,1.980108,1.980108,1.980108,1.980108,1.980108,1.980108,2.970162,1.980108,1.980108,1.980108,1.980108,1.980108,1.980108,1.980108,1.980108,1.980108
1.980108,1.980108,1.980108,1.980108,1.980108,1.980108,1.980108,2.970162,1.980108,1.980108,1.980108,1.980108,1.980108,1.980108,1.980108,1.980108,1.980108,1.980108,1.980108,1.980108,1.980108,1.980108,1.980108,2.970162,1.980108,1.980108,1.980108,1.980108,1.980108,1.980108,1.980108,1.980108,1.980108,1.980108,1.980108,1.980108,1.980108,1.980108,1.980108,2.970162,1.980108,1.980108,1.980108,1.980108,1.980108,1.980108,1.980108,1.980108,1.980108,1.980108,1.980108,1.980108,1.980108,1.980108,1.980108,2.970162,1.980108,1.980108,1.980108,1.980108,1.980108,1.980108,1.980108,1.980108,1.980108,1.980108,1.980108,1.980108,1.980108,1.980108,1.980108,2.970162,1.980108,1.980108,1.980108,1.980108,1.980108,1.980108,1.980108,1.980108,1.980108,1.980108,1.980108,1.980108,1.980108,1.980108,1.980108,2.970162,1.980108,1.980108,1.980108,1.980108,1.980108,1.980108,1.980108,1.980108,1.980108,1.980108,1.980108,1.980108,1.980108,1.980108,1.980108,2.970162,1.980108,1.980108,1.980108,1.980108,1.980108,1.980108,1.980108,1.980108,1.980108,1.980108,1.980108,1.980108,1.980108,1.980108,1.980108,2.970162,1.980108,1.980108,1.980108,1.980108,1.980108,1.980108,1.980108,1.980108,2.970162,2.970162,2.970162,2.970162,2.970162,2.970162,2.970162,-30.024818,2.970162,2.970162,2.970162,2.970162,2.970162,2.970162,2.970162,2.970162,1.980108,1.980108,1.980108,1.980108,1.980108,1.980108,1.980108,2.970162,1.980108,1.980108,1.980108,1.980108,1.980108,1.980108,1.980108,1.980108,1.980108,1.980108,1.980108,1.980108,1.980108,1.980108,1.980108,2.970162,1.980108,1.980108,1.980108,1.980108,1.980108,1.980108,1.980108,1.980108,1.980108,1.980108,1.980108,1.980108,1.980108,1.980108,1.980108,2.970162,1.980108,1.980108,1.980108,1.980108,1.980108,1.980108,1.980108,1.980108,1.980108,1.980108,1.980108,1.980108,1.980108,1.980108,1.980108,2.970162,1.980108,1.980108,1.980108,1.980108,1.980108,1.980108,1.980108,1.980108,1.980108,1.980108,1.980108,1.980108,1.980108,1.980108,1.980108,2.970162,1.980108,1.980108,1.980108,1.980108,1.980108,1.980108,1.980108,1.980108,1.980108,1.980108,1.980108,1.980108,1.980108,1.980108,1.980108,2.970162,1.980108,1.980108,1.980108,1.980108,1.980108,1.980108,1.980108,1.980108,1.980108,1.980108,1.980108,1.980108,1.980108,1.980108,1.980108,2.970162,1.980108,1.980108,1.980108,1.980108,1.980108,1.980108,1.980108,1.980108,1.980108,1.980108,1.980108,1.980108,1.980108,1.980108,1.980108,2.970162,1.980108,1.980108,1.980108,1.980108,1.980108,1.980108,1.980108,1.980108,1.980108,1.980108,1.980108,1.980108,1.980108,1.980108,1.980108,2.970162,1.980108,1.980108,1.980108,1.980108,1.980108,1.980108,1.980108,1.980108,1.980108,1.980108,1.980108,1.980108,1.980108,1.980108,1.980108,2.970162,1.980108,1.980108,1.980108,1.980108,1.980108,1.980108,1.980108,1.980108,1.980108,1.980108,1.980108,1.980108,1.980108,1.980108,1.980108,2.970162,1.980108,1.980108,1.980108,1.980108,1.980108,1.980108,1.980108,1.980108
1.980108,1.980108,1.980108,1.980108,1.980108,1.980108,1.980108,1.980108,2.970162,1.980108,1.980108,1.980108,1.980108,1.980108,1.980108,1.980108,1.980108,1.980108,1.980108,1.980108,1.980108,1.980108,1.980108,1.980108,2.970162,1.980108,1.980108,1.980108,1.980108,1.980108,1.980108,1.980108,1.980108,1.980108,1.980108,1.980108,1.980108,1.980108,1.980108,1.980108,2.970162,1.980108,1.980108,1.980108,1.980108,1.980108,1.980108,1.980108,1.980108,1.980108,1.980108,1.980108,1.980108,1.980108,1.980108,1.980108,2.970162,1.980108,1.980108,1.980108,1.980108,1.980108,1.980108,1.980108,1.980108,1.980108,1.980108,1.980108,1.980108,1.980108,1.980108,1.980108,2.970162,1.980108,1.980108,1.980108,1.980108,1.980108,1.980108,1.980108,1.980108,1.980108,1.980108,1.980108,1.980108,1.980108,1.980108,1.980108,2.970162,1.980108,1.980108,1.980108,1.980108,1.980108,1.980108,1.980108,1.980108,1.980108,1.980108,1.980108,1.980108,1.980108,1.980108,1.980108,2.970162,1.980108,1.980108,1.980108,1.980108,1.980108,1.980108,1.980108,1.980108,1.980108,1.980108,1.980108,1.980108,1.980108,1.980108,1.980108,2.970162,1.980108,1.980108,1.980108,1.980108,1.980108,1.980108,1.980108,2.970162,2.970162,2.970162,2.970162,2.970162,2.970162,2.970162,2.970162,-30.220406,2.970162,2.970162,2.970162,2.970162,2.970162,2.970162,2.970162,1.980108,1.980108,1.980108,1.980108,1.980108,1.980108,1.980108,1.980108,2.970162,1.980108,1.980108,1.980108,1.980108,1.980108,1.980108,1.980108,1.980108,1.980108,1.980108,1.980108,1.980108,1.980108,1.980108,1.980108,2.970162,1.980108,1.980108,1.980108,1.980108,1.980108,1.980108,1.980108,1.980108,1.980108,1.980108,1.980108,1.980108,1.980108,1.980108,1.980108,2.970162,1.980108,1.980108,1.980108,1.980108,1.980108,1.980108,1.980108,1.980108,1.980108,1.980108,1.980108,1.980108,1.980108,1.980108,1.980108,2.970162,1.980108,1.980108,1.980108,1.980108,1.980108,1.980108,1.980108,1.980108,1.980108,1.980108,1.980108,1.980108,1.980108,1.980108,1.980108,2.970162,1.980108,1.980108,1.980108,1.980108,1.980108,1.980108,1.980108,1.980108,1.980108,1.980108,1.980108,1.980108,1.980108,1.980108,1.980108,2.970162,1.980108,1.980108,1.980108,1.980108,1.980108,1.980108,1.980108,1.980108,1.980108,1.980108,1.980108,1.980108,1.980108,1.980108,1.980108,2.970162,1.980108,1.980108,1.980108,1.980108,1.980108,1.980108,1.980108,1.980108,1.980108,1.980108,1.980108,1.980108,1.980108,1.980108,1.980108,2.970162,1.980108,1.980108,1.980108,1.980108,1.980108,1.980108,1.980108,1.980108,1.980108,1.980108,1.980108,1.980108,1.980108,1.980108,1.980108,2.970162,1.980108,1.980108,1.980108,1.980108,1.980108,1.980108,1.980108,1.980108,1.980108,1.980108,1.980108,1.980108,1.980108,1.980108,1.980108,2.970162,1.980108,1.980108,1.980108,1.980108,1.980108,1.980108,1.980108,1.980108,1.980108,1.980108,1.980108,1.980108,1.980108,1.980108,1.980108,2.970162,1.980108,1.980108,1.980108,1.980108,1.980108,1.980108,1.980108
1.980108,1.980108,1.980108,1.980108,1.980108,1.980108,1.980108,1.980108,1.980108,2.970162,1.980108,1.980108,1.980108,1.980108,1.980108,1.980108,1.980108,1.980108,1.980108,1.980108,1.980108,1.980108,1.980108,1.980108,1.980108,2.970162,1.980108,1.980108,1.980108,1.980108,1.980108,1.980108,1.980108,1.980108,1.980108,1.980108,1.980108,1.980108,1.980108,1.980108,1.980108,2.970162,1.980108,1.980108,1.980108,1.980108,1.980108,1.980108,1.980108,1.980108,1.980108,1.980108,1.980108,1.980108,1.980108,1.980108,1.980108,2.970162,1.980108,1.980108,1.980108,1.980108,1.980108,1.980108,1.980108,1.980108,1.980108,1.980108,1.980108,1.980108,1.980108,1.980108,1.980108,2.970162,1.980108,1.980108,1.980108,1.980108,1.980108,1.980108,1.980108,1.980108,1.980108,1.980108,1.980108,1.980108,1.980108,1.980108,1.980108,2.970162,1.980108,1.980108,1.980108,1.980108,1.980108,1.980108,1.980108,1.980108,1.980108,1.980108,1.980108,1.980108,1.980108,1.980108,1.980108,2.970162,1.980108,1.980108,1.980108,1.980108,1.980108,1.980108,1.980108,1.980108,1.980108,1.980108,1.980108,1.980108,1.980108,1.980108,1.980108,2.970162,1.980108,1.980108,1.980108,1.980108,1.980108,1.980108,2.970162,2.970162,2.970162,2.970162,2.970162,2.970162,2.970162,2.970162,2.970162,-30.404634,2.970162,2.970162,2.970162,2.970162,2.970162,2.970162,1.980108,1.980108,1.980108,1.980108,1.980108,1.980108,1.980108,1.980108,1.980108,2.970162,1.980108,1.980108,1.980108,1.980108,1.980108,1.980108,1.980108,1.980108,1.980108,1.980108,1.980108,1.980108,1.980108,1.980108,1.980108,2.970162,1.980108,1.980108,1.980108,1.980108,1.980108,1.980108,1.980108,1.980108,1.980108,1.980108,1.980108,1.980108,1.980108,1.980108,1.980108,2.970162,1.980108,1.980108,1.980108,1.980108,1.980108,1.980108,1.980108,1.980108,1.980108,1.980108,1.980108,1.980108,1.980108,1.980108,1.980108,2.970162,1.980108,1.980108,1.980108,1.980108,1.980108,1.980108,1.980108,1.980108,1.980108,1.980108,1.980108,1.980108,1.980108,1.980108,1.980108,2.970162,1.980108,1.980108,1.980108,1.980108,1.980108,1.980108,1.980108,1.980108,1.980108,1.980108,1.980108,1.980108,1.980108,1.980108,1.980108,2.970162,1.980108,1.980108,1.980108,1.980108,1.980108,1.980108,1.980108,1.980108,1.980108,1.980108,1.980108,1.980108,1.980108,1.980108,1.980108,2.970162,1.980108,1.980108,1.980108,1.980108,1.980108,1.980108,1.980108,1.980108,1.980108,1.980108,1.980108,1.980108,1.980108,1.980108,1.980108,2.970162,1.980108,1.980108,1.980108,1.980108,1.980108,1.980108,1.980108,1.980108,1.980108,1.980108,1.980108,1.980108,1.980108,1.980108,1.980108,2.970162,1.980108,1.980108,1.980108,1.980108,1.980108,1.980108,1.980108,1.980108,1.980108,1.980108,1.980108,1.980108,1.980108,1.980108,1.980108,2.970162,1.980108,1.980108,1.980108,1.980108,1.980108,1.980108,1.980108,1.980108,1.980108,1.980108,1.980108,1.980108,1.980108,1.980108,1.980108,2.970162,1.980108,1.980108,1.980108,1.980108,1.980108,1.980108
1.980108,1.980108,1.980108,1.980108,1.980108,1.980108,1.980108,1.980108,1.980108,1.980108,2.970162,1.980108,1.980108,1.980108,1.980108,1.980108,1.980108,1.980108,1.980108,1.980108,1.980108,1.980108,1.980108,1.980108,1.980108,1.980108,2.970162,1.980108,1.980108,1.980108,1.980108,1.980108,1.980108,1.980108,1.980108,1.980108,1.980108,1.980108,1.980108,1.980108,1.980108,1.980108,2.970162,1.980108,1.980108,1.980108,1.980108,1.980108,1.980108,1.980108,1.980108,1.980108,1.980108,1.980108,1.980108,1.980108,1.980108,1.980108,2.970162,1.980108,1.980108,1.980108,1.980108,1.980108,1.980108,1.980108,1.980108,1.980108,1.980108,1.980108,1.980108,1.980108,1.980108,1.980108,2.970162,1.980108,1.980108,1.980108,1.980108,1.980108,1.980108,1.980108,1.980108,1.980108,1.980108,1.980108,1.980108,1.980108,1.980108,1.980108,2.970162,1.980108,1.980108,1.980108,1.980108,1.980108,1.980108,1.980108,1.980108,1.980108,1.980108,1.980108,1.980108,1.980108,1.980108,1.980108,2.970162,1.980108,1.980108,1.980108,1.980108,1.980108,1.980108,1.980108,1.980108,1.980108,1.980108,1.980108,1.980108,1.980108,1.980108,1.980108,2.970162,1.980108,1.980108,1.980108,1.980108,1.980108,2.970162,2.970162,2.970162,2.970162,2.970162,2.970162,2.970162,2.970162,2.970162,2.970162,-30.065245,2.970162,2.970162,2.970162,2.970162,2.970162,1.980108,1.980108,1.980108,1.980108,1.980108,1.980108,1.980108,1.980108,1.980108,1.980108,2.970162,1.980108,1.980108,1.980108,1.980108,1.980108,1.980108,1.980108,1.980108,1.980108,1.980108,1.980108,1.980108,1.980108,1.980108,1.980108,2.970162,1.980108,1.980108,1.980108,1.980108,1.980108,1.980108,1.980108,1.980108,1.980108,1.980108,1.980108,1.980108,1.980108,1.980108,1.980108,2.970162,1.980108,1.980108,1.980108,1.980108,1.980108,1.980108,1.980108,1.980108,1.980108,1.980108,1.980108,1.980108,1.980108,1.980108,1.980108,2.970162,1.980108,1.980108,1.980108,1.980108,1.980108,1.980108,1.980108,1.980108,1.980108,1.980108,1.980108,1.980108,1.980108,1.980108,1.980108,2.970162,1.980108,1.980108,1.980108,1.980108,1.980108,1.980108,1.980108,1.980108,1.980108,1.980108,1.980108,1.980108,1.980108,1.980108,1.980108,2.970162,1.980108,1.980108,1.980108,1.980108,1.980108,1.980108,1.980108,1.980108,1.980108,1.980108,1.980108,1.980108,1.980108,1.980108,1.980108,2.970162,1.980108,1.980108,1.980108,1.980108,1.980108,1.980108,1.980108,1.980108,1.980108,1.980108,1.980108,1.980108,1.980108,1.980108,1.980108,2.970162,1.980108,1.980108,1.980108,1.980108,1.980108,1.980108,1.980108,1.980108,1.980108,1.980108,1.980108,1.980108,1.980108,1.980108,1.980108,2.970162,1.980108,1.980108,1.980108,1.980108,1.980108,1.980108,1.980108,1.980108,1.980108,1.980108,1.980108,1.980108,1.980108,1.980108,1.980108,2.970162,1.980108,1.980108,1.980108,1.980108,1.980108,1.980108,1.980108,1.980108,1.980108,1.980108,1.980108,1.980108,1.980108,1.980108,1.980108,2.970162,1.980108,1.980108,1.980108,1.980108,1.980108
1.980108,1.980108,1.980108,1.980108,1.980108,1.980108,1.980108,1.980108,1.980108,1.980108,1.980108,2.970162,1.980108,1.980108,1.980108,1.980108,1.980108,1.980108,1.980108,1.980108,1.980108,1.980108,1.980108,1.980108,1.980108,1.980108,1.980108,2.970162,1.980108,1.980108,1.980108,1.980108,1.980108,1.980108,1.980108,1.980108,1.980108,1.980108,1.980108,1.980108,1.980108,1.980108,1.980108,2.970162,1.980108,1.980108,1.980108,1.980108,1.980108,1.980108,1.980108,1.980108,1.980108,1.980108,1.980108,1.980108,1.980108,1.980108,1.980108,2.970162,1.980108,1.980108,1.980108,1.980108,1.980108,1.980108,1.980108,1.980108,1.980108,1.980108,1.980108,1.980108,1.980108,1.980108,1.980108,2.970162,1.980108,1.980108,1.980108,1.980108,1.980108,1.980108,1.980108,1.980108,1.980108,1.980108,1.980108,1.980108,1.980108,1.980108,1.980108,2.970162,1.980108,1.980108,1.980108,1.980108,1.980108,1.980108,1.980108,1.980108,1.980108,1.980108,1.980108,1.980108,1.980108,1.980108,1.980108,2.970162,1.980108,1.980108,1.980108,1.980108,1.980108,1.980108,1.980108,1.980108,1.980108,1.980108,1.980108,1.980108,1.980108,1.980108,1.980108,2.970162,1.980108,1.980108,1.980108,1.980108,2.970162,2.970162,2.970162,2.970162,2.970162,2.970162,2.970162,2.970162,2.970162,2.970162,2.970162,-30.673398,2.970162,2.970162,2.970162,2.970162,1.980108,1.980108,1.980108,1.980108,1.980108,1.980108,1.980108,1.980108,1.980108,1.980108,1.980108,2.970162,1.980108,1.980108,1.980108,1.980108,1.980108,1.980108,1.980108,1.980108,1.980108,1.980108,1.980108,1.980108,1.980108,1.980108,1.980108,2.970162,1.980108,1.980108,1.980108,1.980108,1.980108,1.980108,1.980108,1.980108,1.980108,1.980108,1.980108,1.980108,1.980108,1.980108,1.980108,2.970162,1.980108,1.980108,1.980108,1.980108,1.980108,1.980108,1.980108,1.980108,1.980108,1.980108,1.980108,1.980108,1.980108,1.980108,1.980108,2.970162,1.980108,1.980108,1.980108,1.980108,1.980108,1.980108,1.980108,1.980108,1.980108,1.980108,1.980108,1.980108,1.980108,1.980108,1.980108,2.970162,1.980108,1.980108,1.980108,1.980108,1.980108,1.980108,1.980108,1.980108,1.980108,1.980108,1.980108,1.980108,1.980108,1.980108,1.980108,2.970162,1.980108,1.980108,1.980108,1.980108,1.980108,1.980108,1.980108,1.980108,1.980108,1.980108,1.980108,1.980108,1.980108,1.980108,1.980108,2.970162,1.980108,1.980108,1.980108,1.980108,1.980108,1.980108,1.980108,1.980108,1.980108,1.980108,1.980108,1.980108,1.980108,1.980108,1.980108,2.970162,1.980108,1.980108,1.980108,1.980108,1.980108,1.980108,1.980108,1.980108,1.980108,1.980108,1.980108,1.980108,1.980108,1.980108,1.980108,2.970162,1.980108,1.980108,1.980108,1.980108,1.980108,1.980108,1.980108,1.980108,1.980108,1.980108,1.980108,1.980108,1.980108,1.980108,1.980108,2.970162,1.980108,1.980108,1.980108,1.980108,1.980108,1.980108,1.980108,1.980108,1.980108,1.980108,1.980108,1.980108,1.980108,1.980108,1.980108,2.970162,1.980108,1.980108,1.980108,1.980108
1.980108,1.980108,1.980108,1.980108,1.980108,1.980108,1.980108,1.980108,1.980108,1.980108,1.980108,1.980108,2.970162,1.980108,1.980108,1.980108,1.980108,1.980108,1.980108,1.980108,1.980108,1.980108,1.980108,1.980108,1.980108,1.980108,1.980108,1.980108,2.970162,1.980108,1.980108,1.980108,1.980108,1.980108,1.980108,1.980108,1.980108,1.980108,1.980108,1.980108,1.980108,1.980108,1.980108,1.980108,2.970162,1.980108,1.980108,1.980108,1.980108,1.980108,1.980108,1.980108,1.980108,1.980108,1.980108,1.980108,1.980108,1.980108,1.980108,1.980108,2.970162,1.980108,1.980108,1.980108,1.980108,1.980108,1.980108,1.980108,1.980108,1.980108,1.980108,1.980108,1.980108,1.980108,1.980108,1.980108,2.970162,1.980108,1.980108,1.980108,1.980108,1.980108,1.980108,1.980108,1.980108,1.980108,1.980108,1.980108,1.980108,1.980108,1.980108,1.980108,2.970162,1.980108,1.980108,1.980108,1.980108,1.980108,1.980108,1.980108,1.980108,1.980108,1.980108,1.980108,1.980108,1.980108,1.980108,1.980108,2.970162,1.980108,1.980108,1.980108,1.980108,1.980108,1.980108,1.980108,1.980108,1.980108,1.980108,1.980108,1.980108,1.980108,1.980108,1.980108,2.970162,1.980108,1.980108,1.980108,2.970162,2.970162,2.970162,2.970162,2.970162,2.970162,2.970162,2.970162,2.970162,2.970162,2.970162,2.970162,-30.664063,2.970162,2.970162,2.970162,1.980108,1.980108,1.980108,1.980108,1.980108,1.980108,1.980108,1.980108,1.980108,1.980108,1.980108,1.980108,2.970162,1.980108,1.980108,1.980108,1.980108,1.980108,1.980108,1.980108,1.980108,1.980108,1.980108,1.980108,1.980108,1.980108,1.980108,1.980108,2.970162,1.980108,1.980108,1.980108,1.980108,1.980108,1.980108,1.980108,1.980108,1.980108,1.980108,1.980108,1.980108,1.980108,1.980108,1.980108,2.970162,1.980108,1.980108,1.980108,1.980108,1.980108,1.980108,1.980108,1.980108,1.980108,1.980108,1.980108,1.980108,1.980108,1.980108,1.980108,2.970162,1.980108,1.980108,1.980108,1.980108,1.980108,1.980108,1.980108,1.980108,1.980108,1.980108,1.980108,1.980108,1.980108,1.980108,1.980108,2.970162,1.980108,1.980108,1.980108,1.980108,1.980108,1.980108,1.980108,1.980108,1.980108,1.980108,1.980108,1.980108,1.980108,1.980108,1.980108,2.970162,1.980108,1.980108,1.980108,1.980108,1.980108,1.980108,1.980108,1.980108,1.980108,1.980108,1.980108,1.980108,1.980108,1.980108,1.980108,2.970162,1.980108,1.980108,1.980108,1.980108,1.980108,1.980108,1.980108,1.980108,1.980108,1.980108,1.980108,1.980108,1.980108,1.980108,1.980108,2.970162,1.980108,1.980108,1.980108,1.980108,1.980108,1.980108,1.980108,1.980108,1.980108,1.980108,1.980108,1.980108,1.980108,1.980108,1.980108,2.970162,1.980108,1.980108,1.980108,1.980108,1.980108,1.980108,1.980108,1.980108,1.980108,1.980108,1.980108,1.980108,1.980108,1.980108,1.980108,2.970162,1.980108,1.980108,1.980108,1.980108,1.980108,1.980108,1.980108,1.980108,1.980108,1.980108,1.980108,1.980108,1.980108,1.980108,1.980108,2.970162,1.980108,1.980108,1.980108
1.980108,1.980108,1.980108,1.980108,1.980108,1.980108,1.980108,1.980108,1.980108,1.980108,1.980108,1.980108,1.980108,2.970162,1.980108,1.980108,1.980108,1.980108,1.980108,1.980108,1.980108,1.980108,1.980108,1.980108,1.980108,1.980108,1.980108,1.980108,1.980108,2.970162,1.980108,1.980108,1.980108,1.980108,1.980108,1.980108,1.980108,1.980108,1.980108,1.980108,1.980108,1.980108,1.980108,1.980108,1.980108,2.970162,1.980108,1.980108,1.980108,1.980108,1.980108,1.980108,1.980108,1.980108,1.980108,1.980108,1.980108,1.980108,1.980108,1.980108,1.980108,2.970162,1.980108,1.980108,1.980108,1.980108,1.980108,1.980108,1.980108,1.980108,1.980108,1.980108,1.980108,1.980108,1.980108,1.980108,1.980108,2.970162,1.980108,1.980108,1.980108,1.980108,1.980108,1.980108,1.980108,1.980108,1.980108,1.980108,1.980108,1.980108,1.980108,1.980108,1.980108,2.970162,1.980108,1.980108,1.980108,1.980108,1.980108,1.980108,1.980108,1.980108,1.980108,1.980108,1.980108,1.980108,1.980108,1.980108,1.980108,2.970162,1.980108,1.980108,1.980108,1.980108,1.980108,1.980108,1.980108,1.980108,1.980108,1.980108,1.980108,1.980108,1.980108,1.980108,1.980108,2.970162,1.980108,1.980108,2.970162,2.970162,2.970162,2.970162,2.970162,2.970162,2.970162,2.970162,2.970162,2.970162,2.970162,2.970162,2.970162,-29.953398,2.970162,2.970162,1.980108,1.980108,1.980108,1.980108,1.980108,1.980108,1.980108,1.980108,1.980108,1.980108,1.980108,1.980108,1.980108,2.970162,1.980108,1.980108,1.980108,1.980108,1.980108,1.980108,1.980108,1.980108,1.980108,1.980108,1.980108,1.980108,1.980108,1.980108,1.980108,2.970162,1.980108,1.980108,1.980108,1.980108,1.980108,1.980108,1.980108,1.980108,1.980108,1.980108,1.980108,1.980108,1.980108,1.980108,1.980108,2.970162,1.980108,1.980108,1.980108,1.980108,1.980108,1.980108,1.980108,1.980108,1.980108,1.980108,1.980108,1.980108,1.980108,1.980108,1.980108,2.970162,1.980108,1.980108,1.980108,1.980108,1.980108,1.980108,1.980108,1.980108,1.980108,1.980108,1.980108,1.980108,1.980108,1.980108,1.980108,2.970162,1.980108,1.980108,1.980108,1.980108,1.980108,1.980108,1.980108,1.980108,1.980108,1.980108,1.980108,1.980108,1.980108,1.980108,1.980108,2.970162,1.980108,1.980108,1.980108,1.980108,1.980108,1.980108,1.980108,1.980108,1.980108,1.980108,1.980108,1.980108,1.980108,1.980108,1.980108,2.970162,1.980108,1.980108,1.980108,1.980108,1.980108,1.980108,1.980108,1.980108,1.980108,1.980108,1.980108,1.980108,1.980108,1.980108,1.980108,2.970162,1.980108,1.980108,1.980108,1.980108,1.980108,1.980108,1.980108,1.980108,1.980108,1.980108,1.980108,1.980108,1.980108,1.980108,1.980108,2.970162,1.980108,1.980108,1.980108,1.980108,1.980108,1.980108,1.980108,1.980108,1.980108,1.980108,1.980108,1.980108,1.980108,1.980108,1.980108,2.970162,1.980108,1.980108,1.980108,1.980108,1.980108,1.980108,1.980108,1.980108,1.980108,1.980108,1.980108,1.980108,1.980108,1.980108,1.980108,2.970162,1.980108,1.980108
1.980108,1.980108,1.980108,1.980108,1.980108,1.980108,1.980108,1.980108,1.980108,1.980108,1.980108,1.980108,1.980108,1.980108,2.970162,1.980108,1.980108,1.980108,1.980108,1.980108,1.980108,1.980108,1.980108,1.980108,1.980108,1.980108,1.980108,1.980108,1.980108,1.980108,2.970162,1.980108,1.980108,1.980108,1.980108,1.980108,1.980108,1.980108,1.980108,1.980108,1.980108,1.980108,1.980108,1.980108,1.980108,1.980108,2.970162,1.980108,1.980108,1.980108,1.980108,1.980108,1.980108,1.980108,1.980108,1.980108,1.980108,1.980108,1.980108,1.980108,1.980108,1.980108,2.970162,1.980108,1.980108,1.980108,1.980108,1.980108,1.980108,1.980108,1.980108,1.980108,1.980108,1.980108,1.980108,1.980108,1.980108,1.980108,2.970162,1.980108,1.980108,1.980108,1.980108,1.980108,1.980108,1.980108,1.980108,1.980108,1.980108,1.980108,1.980108,1.980108,1.980108,1.980108,2.970162,1.980108,1.980108,1.980108,1.980108,1.980108,1.980108,1.980108,1.980108,1.980108,1.980108,1.980108,1.980108,1.980108,1.980108,1.980108,2.970162,1.980108,1.980108,1.980108,1.980108,1.980108,1.980108,1.980108,1.980108,1.980108,1.980108,1.980108,1.980108,1.980108,1.980108,1.980108,2.970162,1.980108,2.970162,2.970162,2.970162,2.970162,2.970162,2.970162,2.970162,2.970162,2.970162,2.970162,2.970162,2.970162,2.970162,2.970162,-30.198864,2.970162,1.980108,1.980108,1.980108,1.980108,1.980108,1.980108,1.980108,1.980108,1.980108,1.980108,1.980108,1.980108,1.980108,1.980108,2.970162,1.980108,1.980108,1.980108,1.980108,1.980108,1.980108,1.980108,1.980108,1.980108,1.980108,1.980108,1.980108,1.980108,1.980108,1.980108,2.970162,1.980108,1.980108,1.980108,1.980108,1.980108,1.980108,1.980108,1.980108,1.980108,1.980108,1.980108,1.980108,1.980108,1.980108,1.980108,2.970162,1.980108,1.980108,1.980108,1.980108,1.980108,1.980108,1.980108,1.980108,1.980108,1.980108,1.980108,1.980108,1.980108,1.980108,1.980108,2.970162,1.980108,1.980108,1.980108,1.980108,1.980108,1.980108,1.980108,1.980108,1.980108,1.980108,1.980108,1.980108,1.980108,1.980108,1.980108,2.970162,1.980108,1.980108,1.980108,1.980108,1.980108,1.980108,1.980108,1.980108,1.980108,1.980108,1.980108,1.980108,1.980108,1.980108,1.980108,2.970162,1.980108,1.980108,1.980108,1.980108,1.980108,1.980108,1.980108,1.980108,1.980108,1.980108,1.980108,1.980108,1.980108,1.980108,1.980108,2.970162,1.980108,1.980108,1.980108,1.980108,1.980108,1.980108,1.980108,1.980108,1.980108,1.980108,1.980108,1.980108,1.980108,1.980108,1.980108,2.970162,1.980108,1.980108,1.980108,1.980108,1.980108,1.980108,1.980108,1.980108,1.980108,1.980108,1.980108,1.980108,1.980108,1.980108,1.980108,2.970162,1.980108,1.980108,1.980108,1.980108,1.980108,1.980108,1.980108,1.980108,1.980108,1.980108,1.980108,1.980108,1.980108,1.980108,1.980108,2.970162,1.980108,1.980108,1.980108,1.980108,1.980108,1.980108,1.980108,1.980108,1.980108,1.980108,1.980108,1.980108,1.980108,1.980108,1.980108,2.970162,1.980108
1.980108,1.980108,1.980108,1.980108,1.980108,1.980108,1.980108,1.980108,1.980108,1.980108,1.980108,1.980108,1.980108,1.980108,1.980108,2.970162,1.980108,1.980108,1.980108,1.980108,1.980108,1.980108,1.980108,1.980108,1.980108,1.980108,1.980108,1.980108,1.980108,1.980108,1.980108,2.970162,1.980108,1.980108,1.980108,1.980108,1.980108,1.980108,1.980108,1.980108,1.980108,1.980108,1.980108,1.980108,1.980108,1.980108,1.980108,2.970162,1.980108,1.980108,1.980108,1.980108,1.980108,1.980108,1.980108,1.980108,1.980108,1.980108,1.980108,1.980108,1.980108,1.980108,1.980108,2.970162,1.980108,1.980108,1.980108,1.980108,1.980108,1.980108,1.980108,1.980108,1.980108,1.980108,1.980108,1.980108,1.980108,1.980108,1.980108,2.970162,1.980108,1.980108,1.980108,1.980108,1.980108,1.980108,1.980108,1.980108,1.980108,1.980108,1.980108,1.980108,1.980108,1.980108,1.980108,2.970162,1.980108,1.980108,1.980108,1.980108,1.980108,1.980108,1.980108,1.980108,1.980108,1.980108,1.980108,1.980108,1.980108,1.980108,1.980108,2.970162,1.980108,1.980108,1.980108,1.980108,1.980108,1.980108,1.980108,1.980108,1.980108,1.980108,1.980108,1.980108,1.980108,1.980108,1.980108,2.970162,2.970162,2.970162,2.970162,2.970162,2.970162,2.970162,2.970162,2.970162,2.970162,2.970162,2.970162,2.970162,2.970162,2.970162,2.970162,-30.002494,1.980108,1.980108,1.980108,1.980108,1.980108,1.980108,1.980108,1.980108,1.980108,1.980108,1.980108,1.980108,1.980108,1.980108,1.980108,2.970162,1.980108,1.980108,1.980108,1.980108,1.980108,1.980108,1.980108,1.980108,1.980108,1.980108,1.980108,1.980108,1.980108,1.980108,1.980108,2.970162,1.980108,1.980108,1.980108,1.980108,1.980108,1.980108,1.980108,1.980108,1.980108,1.980108,1.980108,1.980108,1.980108,1.980108,1.980108,2.970162,1.980108,1.980108,1.980108,1.980108,1.980108,1.980108,1.980108,1.980108,1.980108,1.980108,1.980108,1.980108,1.980108,1.980108,1.980108,2.970162,1.980108,1.980108,1.980108,1.980108,1.980108,1.980108,1.980108,1.980108,1.980108,1.980108,1.980108,1.980108,1.980108,1.980108,1.980108,2.970162,1.980108,1.980108,1.980108,1.980108,1.980108,1.980108,1.980108,1.980108,1.980108,1.980108,1.980108,1.980108,1.980108,1.980108,1.980108,2.970162,1.980108,1.980108,1.980108,1.980108,1.980108,1.980108,1.980108,1.980108,1.980108,1.980108,1.980108,1.980108,1.980108,1.980108,1.980108,2.970162,1.980108,1.980108,1.980108,1.980108,1.980108,1.980108,1.980108,1.980108,1.980108,1.980108,1.980108,1.980108,1.980108,1.980108,1.980108,2.970162,1.980108,1.980108,1.980108,1.980108,1.980108,1.980108,1.980108,1.980108,1.980108,1.980108,1.980108,1.980108,1.980108,1.980108,1.980108,2.970162,1.980108,1.980108,1.980108,1.980108,1.980108,1.980108,1.980108,1.980108,1.980108,1.980108,1.980108,1.980108,1.980108,1.980108,1.980108,2.970162,1.980108,1.980108,1.980108,1.980108,1.980108,1.980108,1.980108,1.980108,1.980108,1.980108,1.980108,1.980108,1.980108,1.980108,1.980108,2.970162
2.970162,1.980108,1.980108,1.980108,1.980108,1.980108,1.980108,1.980108,1.980108,1.980108,1.980108,1.980108,1.980108,1.980108,1.980108,1.980108,2.970162,1.980108,1.980108,1.980108,1.980108,1.980108,1.980108,1.980108,1.980108,1.980108,1.980108,1.980108,1.980108,1.980108,1.980108,1.980108,2.970162,1.980108,1.980108,1.980108,1.980108,1.980108,1.980108,1.980108,1.980108,1.980108,1.980108,1.980108,1.980108,1.980108,1.980108,1.980108,2.970162,1.980108,1.980108,1.980108,1.980108,1.980108,1.980108,1.980108,1.980108,1.980108,1.980108,1.980108,1.980108,1.980108,1.980108,1.980108,2.970162,1.980108,1.980108,1.980108,1.980108,1.980108,1.980108,1.980108,1.980108,1.980108,1.980108,1.980108,1.980108,1.980108,1.980108,1.980108,2.970162,1.980108,1.980108,1.980108,1.980108,1.980108,1.980108,1.980108,1.980108,1.980108,1.980108,1.980108,1.980108,1.980108,1.980108,1.980108,2.970162,1.980108,1.980108,1.980108,1.980108,1.980108,1.980108,1.980108,1.980108,1.980108,1.980108,1.980108,1.980108,1.980108,1.980108,1.980108,2.970162,1.980108,1.980108,1.980108,1.980108,1.980108,1.980108,1.980108,1.980108,1.980108,1.980108,1.980108,1.980108,1.980108,1.980108,1.980108,2.970162,1.980108,1.980108,1.980108,1.980108,1.980108,1.980108,1.980108,1.980108,1.980108,1.980108,1.980108,1.980108,1.980108,1.980108,1.980108,-29.986456,2.970162,2.970162,2.970162,2.970162,2.970162,2.970162,2.970162,2.970162,2.970162,2.970162,2.970162,2.970162,2.970162,2.970162,2.970162,2.970162,1.980108,1.980108,1.980108,1.980108,1.980108,1.980108,1.980108,1.980108,1.980108,1.980108,1.980108,1.980108,1.980108,1.980108,1.980108,2.970162,1.980108,1.980108,1.980108,1.980108,1.980108,1.980108,1.980108,1.980108,1.980108,1.980108,1.980108,1.980108,1.980108,1.980108,1.980108,2.970162,1.980108,1.980108,1.980108,1.980108,1.980108,1.980108,1.980108,1.980108,1.980108,1.980108,1.980108,1.980108,1.980108,1.980108,1.980108,2.970162,1.980108,1.980108,1.980108,1.980108,1.980108,1.980108,1.980108,1.980108,1.980108,1.980108,1.980108,1.980108,1.980108,1.980108,1.980108,2.970162,1.980108,1.980108,1.980108,1.980108,1.980108,1.980108,1.980108,1.980108,1.980108,1.980108,1.980108,1.980108,1.980108,1.980108,1.980108,2.970162,1.980108,1.980108,1.980108,1.980108,1.980108,1.980108,1.980108,1.980108,1.980108,1.980108,1.980108,1.980108,1.980108,1.980108,1.980108,2.970162,1.980108,1.980108,1.980108,1.980108,1.980108,1.980108,1.980108,1.980108,1.980108,1.980108,1.980108,1.980108,1.980108,1.980108,1.980108,2.970162,1.980108,1.980108,1.980108,1.980108,1.980108,1.980108,1.980108,1.980108,1.980108,1.980108,1.980108,1.980108,1.980108,1.980108,1.980108,2.970162,1.980108,1.980108,1.980108,1.980108,1.980108,1.980108,1.980108,1.980108,1.980108,1.980108,1.980108,1.980108,1.980108,1.980108,1.980108,2.970162,1.980108,1.980108,1.980108,1.980108,1.980108,1.980108,1.980108,1.980108,1.980108,1.980108,1.980108,1.980108,1.980108,1.980108,1.980108
1.980108,2.970162,1.980108,1.980108,1.980108,1.980108,1.980108,1.980108,1.980108,1.980108,1.980108,1.980108,1.980108,1.980108,1.980108,1.980108,1.980108,2.970162,1.980108,1.980108,1.980108,1.980108,1.980108,1.980108,1.980108,1.980108,1.980108,1.980108,1.980108,1.980108,1.980108,1.980108,1.980108,2.970162,1.980108,1.980108,1.980108,1.980108,1.980108,1.980108,1.980108,1.980108,1.980108,1.980108,1.980108,1.980108,1.980108,1.980108,1.980108,2.970162,1.980108,1.980108,1.980108,1.980108,1.980108,1.980108,1.980108,1.980108,1.980108,1.980108,1.980108,1.980108,1.980108,1.980108,1.980108,2.970162,1.980108,1.980108,1.980108,1.980108,1.980108,1.980108,1.980108,1.980108,1.980108,1.980108,1.980108,1.980108,1.980108,1.980108,1.980108,2.970162,1.980108,1.980108,1.980108,1.980108,1.980108,1.980108,1.980108,1.980108,1.980108,1.980108,1.980108,1.980108,1.980108,1.980108,1.980108,2.970162,1.980108,1.980108,1.980108,1.980108,1.980108,1.980108,1.980108,1.980108,1.980108,1.980108,1.980108,1.980108,1.980108,1.980108,1.980108,2.970162,1.980108,1.980108,1.980108,1.980108,1.980108,1.980108,1.980108,1.980108,1.980108,1.980108,1.980108,1.980108,1.980108,1.980108,1.980108,2.970162,1.980108,1.980108,1.980108,1.980108,1.980108,1.980108,1.980108,1.980108,1.980108,1.980108,1.980108,1.980108,1.980108,1.980108,2.970162,-29.738502,2.970162,2.970162,2.970162,2.970162,2.970162,2.970162,2.970162,2.970162,2.970162,2.970162,2.970162,2.970162,2.970162,2.970162,1.980108,2.970162,1.980108,1.980108,1.980108,1.980108,1.980108,1.980108,1.980108,1.980108,1.980108,1.980108,1.980108,1.980108,1.980108,1.980108,1.980108,2.970162,1.980108,1.980108,1.980108,1.980108,1.980108,1.980108,1.980108,1.980108,1.980108,1.980108,1.980108,1.980108,1.980108,1.980108,1.980108,2.970162,1.980108,1.980108,1.980108,1.980108,1.980108,1.980108,1.980108,1.980108,1.980108,1.980108,1.980108,1.980108,1.980108,1.980108,1.980108,2.970162,1.980108,1.980108,1.980108,1.980108,1.980108,1.980108,1.980108,1.980108,1.980108,1.980108,1.980108,1.980108,1.980108,1.980108,1.980108,2.970162,1.980108,1.980108,1.980108,1.980108,1.980108,1.980108,1.980108,1.980108,1.980108,1.980108,1.980108,1.980108,1.980108,1.980108,1.980108,2.970162,1.980108,1.980108,1.980108,1.980108,1.980108,1.980108,1.980108,1.980108,1.980108,1.980108,1.980108,1.980108,1.980108,1.980108,1.980108,2.970162,1.980108,1.980108,1.980108,1.980108,1.980108,1.980108,1.980108,1.980108,1.980108,1.980108,1.980108,1.980108,1.980108,1.980108,1.980108,2.970162,1.980108,1.980108,1.980108,1.980108,1.980108,1.980108,1.980108,1.980108,1.980108,1.980108,1.980108,1.980108,1.980108,1.980108,1.980108,2.970162,1.980108,1.980108,1.980108,1.980108,1.980108,1.980108,1.980108,1.980108,1.980108,1.980108,1.980108,1.980108,1.980108,1.980108,1.980108,2.970162,1.980108,1.980108,1.980108,1.980108,1.980108,1.980108,1.980108,1.980108,1.980108,1.980108,1.980108,1.980108,1.980108,1.980108
1.980108,1.980108,2.970162,1.980108,1.980108,1.980108,1.980108,1.980108,1.980108,1.980108,1.980108,1.980108,1.980108,1.980108,1.980108,1.980108,1.980108,1.980108,2.970162,1.980108,1.980108,1.980108,1.980108,1.980108,1.980108,1.980108,1.980108,1.980108,1.980108,1.980108,1.980108,1.980108,1.980108,1.980108,2.970162,1.980108,1.980108,1.980108,1.980108,1.980108,1.980108,1.980108,1.980108,1.980108,1.980108,1.980108,1.980108,1.980108,1.980108,1.980108,2.970162,1.980108,1.980108,1.980108,1.980108,1.980108,1.980108,1.980108,1.980108,1.980108,1.980108,1.980108,1.980108,1.980108,1.980108,1.980108,2.970162,1.980108,1.980108,1.980108,1.980108,1.980108,1.980108,1.980108,1.980108,1.980108,1.980108,1.980108,1.980108,1.980108,1.980108,1.980108,2.970162,1.980108,1.980108,1.980108,1.980108,1.980108,1.980108,1.980108,1.980108,1.980108,1.980108,1.980108,1.980108,1.980108,1.980108,1.980108,2.970162,1.980108,1.980108,1.980108,1.980108,1.980108,1.980108,1.980108,1.980108,1.980108,1.980108,1.980108,1.980108,1.980108,1.980108,1.980108,2.970162,1.980108,1.980108,1.980108,1.980108,1.980108,1.980108,1.980108,1.980108,1.980108,1.980108,1.980108,1.980108,1.980108,1.980108,1.980108,2.970162,1.980108,1.980108,1.980108,1.980108,1.980108,1.980108,1.980108,1.980108,1.980108,1.980108,1.980108,1.980108,1.980108,2.970162,2.970162,-30.311180,2.970162,2.970162,2.970162,2.970162,2.970162,2.970162,2.970162,2.970162,2.970162,2.970162,2.970162,2.970162,2.970162,1.980108,1.980108,2.970162,1.980108,1.980108,1.980108,1.980108,1.980108,1.980108,1.980108,1.980108,1.980108,1.980108,1.980108,1.980108,1.980108,1.980108,1.980108,2.970162,1.980108,1.980108,1.980108,1.980108,1.980108,1.980108,1.980108,1.980108,1.980108,1.980108,1.980108,1.980108,1.980108,1.980108,1.980108,2.970162,1.980108,1.980108,1.980108,1.980108,1.980108,1.980108,1.980108,1.980108,1.980108,1.980108,1.980108,1.980108,1.980108,1.980108,1.980108,2.970162,1.980108,1.980108,1.980108,1.980108,1.980108,1.980108,1.980108,1.980108,1.980108,1.980108,1.980108,1.980108,1.980108,1.980108,1.980108,2.970162,1.980108,1.980108,1.980108,1.980108,1.980108,1.980108,1.980108,1.980108,1.980108,1.980108,1.980108,1.980108,1.980108,1.980108,1.980108,2.970162,1.980108,1.980108,1.980108,1.980108,1.980108,1.980108,1.980108,1.980108,1.980108,1.980108,1.980108,1.980108,1.980108,1.980108,1.980108,2.970162,1.980108,1.980108,1.980108,1.980108,1.980108,1.980108,1.980108,1.980108,1.980108,1.980108,1.980108,1.980108,1.980108,1.980108,1.980108,2.970162,1.980108,1.980108,1.980108,1.980108,1.980108,1.980108,1.980108,1.980108,1.980108,1.980108,1.980108,1.980108,1.980108,1.980108,1.980108,2.970162,1.980108,1.980108,1.980108,1.980108,1.980108,1.980108,1.980108,1.980108,1.980108,1.980108,1.980108,1.980108,1.980108,1.980108,1.980108,2.970162,1.980108,1.980108,1.980108,1.980108,1.980108,1.980108,1.980108,1.980108,1.980108,1.980108,1.980108,1.980108,1.980108
1.980108,1.980108,1.980108,2.970162,1.980108,1.980108,1.980108,1.980108,1.980108,1.980108,1.980108,1.980108,1.980108,1.980108,1.980108,1.980108,1.980108,1.980108,1.980108,2.970162,1.980108,1.980108,1.980108,1.980108,1.980108,1.980108,1.980108,1.980108,1.980108,1.980108,1.980108,1.980108,1.980108,1.980108,1.980108,2.970162,1.980108,1.980108,1.980108,1.980108,1.980108,1.980108,1.980108,1.980108,1.980108,1.980108,1.980108,1.980108,1.980108,1.980108,1.980108,2.970162,1.980108,1.980108,1.980108,1.980108,1.980108,1.980108,1.980108,1.980108,1.980108,1.980108,1.980108,1.980108,1.980108,1.980108,1.980108,2.970162,1.980108,1.980108,1.980108,1.980108,1.980108,1.980108,1.980108,1.980108,1.980108,1.980108,1.980108,1.980108,1.980108,1.980108,1.980108,2.970162,1.980108,1.980108,1.980108,1.980108,1.980108,1.980108,1.980108,1.980108,1.980108,1.980108,1.980108,1.980108,1.980108,1.980108,1.980108,2.970162,1.980108,1.980108,1.980108,1.980108,1.980108,1.980108,1.980108,1.980108,1.980108,1.980108,1.980108,1.980108,1.980108,1.980108,1.980108,2.970162,1.980108,1.980108,1.980108,1.980108,1.980108,1.980108,1.980108,1.980108,1.980108,1.980108,1.980108,1.980108,1.980108,1.980108,1.980108,2.970162,1.980108,1.980108,1.980108,1.980108,1.980108,1.980108,1.980108,1.980108,1.980108,1.980108,1.980108,1.980108,2.970162,2.970162,2.970162,-30.204295,2.970162,2.970162,2.970162,2.970162,2.970162,2.970162,2.970162,2.970162,2.970162,2.970162,2.970162,2.970162,1.980108,1.980108,1.980108,2.970162,1.980108,1.980108,1.980108,1.980108,1.980108,1.980108,1.980108,1.980108,1.980108,1.980108,1.980108,1.980108,1.980108,1.980108,1.980108,2.970162,1.980108,1.980108,1.980108,1.980108,1.980108,1.980108,1.980108,1.980108,1.980108,1.980108,1.980108,1.980108,1.980108,1.980108,1.980108,2.970162,1.980108,1.980108,1.980108,1.980108,1.980108,1.980108,1.980108,1.980108,1.980108,1.980108,1.980108,1.980108,1.980108,1.980108,1.980108,2.970162,1.980108,1.980108,1.980108,1.980108,1.980108,1.980108,1.980108,1.980108,1.980108,1.980108,1.980108,1.980108,1.980108,1.980108,1.980108,2.970162,1.980108,1.980108,1.980108,1.980108,1.980108,1.980108,1.980108,1.980108,1.980108,1.980108,1.980108,1.980108,1.980108,1.980108,1.980108,2.970162,1.980108,1.980108,1.980108,1.980108,1.980108,1.980108,1.980108,1.980108,1.980108,1.980108,1.980108,1.980108,1.980108,1.980108,1.980108,2.970162,1.980108,1.980108,1.980108,1.980108,1.980108,1.980108,1.980108,1.980108,1.980108,1.980108,1.980108,1.980108,1.980108,1.980108,1.980108,2.970162,1.980108,1.980108,1.980108,1.980108,1.980108,1.980108,1.980108,1.980108,1.980108,1.980108,1.980108,1.980108,1.980108,1.980108,1.980108,2.970162,1.980108,1.980108,1.980108,1.980108,1.980108,1.980108,1.980108,1.980108,1.980108,1.980108,1.980108,1.980108,1.980108,1.980108,1.980108,2.970162,1.980108,1.980108,1.980108,1.980108,1.980108,1.980108,1.980108,1.980108,1.980108,1.980108,1.980108,1.980108
1.980108,1.980108,1.980108,1.980108,2.970162,1.980108,1.980108,1.980108,1.980108,1.980108,1.980108,1.980108,1.980108,1.980108,1.980108,1.980108,1.980108,1.980108,1.980108,1.980108,2.970162,1.980108,1.980108,1.980108,1.980108,1.980108,1.980108,1.980108,1.980108,1.980108,1.980108,1.980108,1.980108,1.980108,1.980108,1.980108,2.970162,1.980108,1.980108,1.980108,1.980108,1.980108,1.980108,1.980108,1.980108,1.980108,1.980108,1.980108,1.980108,1.980108,1.980108,1.980108,2.970162,1.980108,1.980108,1.980108,1.980108,1.980108,1.980108,1.980108,1.980108,1.980108,1.980108,1.980108,1.980108,1.980108,1.980108,1.980108,2.970162,1.980108,1.980108,1.980108,1.980108,1.980108,1.980108,1.980108,1.980108,1.980108,1.980108,1.980108,1.980108,1.980108,1.980108,1.980108,2.970162,1.980108,1.980108,1.980108,1.980108,1.980108,1.980108,1.980108,1.980108,1.980108,1.980108,1.980108,1.980108,1.980108,1.980108,1.980108,2.970162,1.980108,1.980108,1.980108,1.980108,1.980108,1.980108,1.980108,1.980108,1.980108,1.980108,1.980108,1.980108,1.980108,1.980108,1.980108,2.970162,1.980108,1.980108,1.980108,1.980108,1.980108,1.980108,1.980108,1.980108,1.980108,1.980108,1.980108,1.980108,1.980108,1.980108,1.980108,2.970162,1.980108,1.980108,1.980108,1.980108,1.980108,1.980108,1.980108,1.980108,1.980108,1.980108,1.980108,2.970162,2.970162,2.970162,2.970162,-29.753094,2.970162,2.970162,2.970162,2.970162,2.970162,2.970162,2.970162,2.970162,2.970162,2.970162,2.970162,1.980108,1.980108,1.980108,1.980108,2.970162,1.980108,1.980108,1.980108,1.980108,1.980108,1.980108,1.980108,1.980108,1.980108,1.980108,1.980108,1.980108,1.980108,1.980108,1.980108,2.970162,1.980108,1.980108,1.980108,1.980108,1.980108,1.980108,1.980108,1.980108,1.980108,1.980108,1.980108,1.980108,1.980108,1.980108,1.980108,2.970162,1.980108,1.980108,1.980108,1.980108,1.980108,1.980108,1.980108,1.980108,1.980108,1.980108,1.980108,1.980108,1.980108,1.980108,1.980108,2.970162,1.980108,1.980108,1.980108,1.980108,1.980108,1.980108,1.980108,1.980108,1.980108,1.980108,1.980108,1.980108,1.980108,1.980108,1.980108,2.970162,1.980108,1.980108,1.980108,1.980108,1.980108,1.980108,1.980108,1.980108,1.980108,1.980108,1.980108,1.980108,1.980108,1.980108,1.980108,2.970162,1.980108,1.980108,1.980108,1.980108,1.980108,1.980108,1.980108,1.980108,1.980108,1.980108,1.980108,1.980108,1.980108,1.980108,1.980108,2.970162,1.980108,1.980108,1.980108,1.980108,1.980108,1.980108,1.980108,1.980108,1.980108,1.980108,1.980108,1.980108,1.980108,1.980108,1.980108,2.970162,1.980108,1.980108,1.980108,1.980108,1.980108,1.980108,1.980108,1.980108,1.980108,1.980108,1.980108,1.980108,1.980108,1.980108,1.980108,2.970162,1.980108,1.980108,1.980108,1.980108,1.980108,1.980108,1.980108,1.980108,1.980108,1.980108,1.980108,1.980108,1.980108,1.980108,1.980108,2.970162,1.980108,1.980108,1.980108,1.980108,1.980108,1.980108,1.980108,1.980108,1.980108,1.980108,1.980108
1.980108,1.980108,1.980108,1.980108,1.980108,2.970162,1.980108,1.980108,1.980108,1.980108,1.980108,1.980108,1.980108,1.980108,1.980108,1.980108,1.980108,1.980108,1.980108,1.980108,1.980108,2.970162,1.980108,1.980108,1.980108,1.980108,1.980108,1.980108,1.980108,1.980108,1.980108,1.980108,1.980108,1.980108,1.980108,1.980108,1.980108,2.970162,1.980108,1.980108,1.980108,1.980108,1.980108,1.980108,1.980108,1.980108,1.980108,1.980108,1.980108,1.980108,1.980108,1.980108,1.980108,2.970162,1.980108,1.980108,1.980108,1.980108,1.980108,1.980108,1.980108,1.980108,1.980108,1.980108,1.980108,1.980108,1.980108,1.980108,1.980108,2.970162,1.980108,1.980108,1.980108,1.980108,1.980108,1.980108,1.980108,1.980108,1.980108,1.980108,1.980108,1.980108,1.980108,1.980108,1.980108,2.970162,1.980108,1.980108,1.980108,1.980108,1.980108,1.980108,1.980108,1.980108,1.980108,1.980108,1.980108,1.980108,1.980108,1.980108,1.980108,2.970162,1.980108,1.980108,1.980108,1.980108,1.980108,1.980108,1.980108,1.980108,1.980108,1.980108,1.980108,1.980108,1.980108,1.980108,1.980108,2.970162,1.980108,1.980108,1.980108,1.980108,1.980108,1.980108,1.980108,1.980108,1.980108,1.980108,1.980108,1.980108,1.980108,1.980108,1.980108,2.970162,1.980108,1.980108,1.980108,1.980108,1.980108,1.980108,1.980108,1.980108,1.980108,1.980108,2.970162,2.970162,2.970162,2.970162,2.970162,-29.980262,2.970162,2.970162,2.970162,2.970162,2.970162,2.970162,2.970162,2.970162,2.970162,2.970162,1.980108,1.980108,1.980108,1.980108,1.980108,2.970162,1.980108,1.980108,1.980108,1.980108,1.980108,1.980108,1.980108,1.980108,1.980108,1.980108,1.980108,1.980108,1.980108,1.980108,1.980108,2.970162,1.980108,1.980108,1.980108,1.980108,1.980108,1.980108,1.980108,1.980108,1.980108,1.980108,1.980108,1.980108,1.980108,1.980108,1.980108,2.970162,1.980108,1.980108,1.980108,1.980108,1.980108,1.980108,1.980108,1.980108,1.980108,1.980108,1.980108,1.980108,1.980108,1.980108,1.980108,2.970162,1.980108,1.980108,1.980108,1.980108,1.980108,1.980108,1.980108,1.980108,1.980108,1.980108,1.980108,1.980108,1.980108,1.980108,1.980108,2.970162,1.980108,1.980108,1.980108,1.980108,1.980108,1.980108,1.980108,1.980108,1.980108,1.980108,1.980108,1.980108,1.980108,1.980108,1.980108,2.970162,1.980108,1.980108,1.980108,1.980108,1.980108,1.980108,1.980108,1.980108,1.980108,1.980108,1.980108,1.980108,1.980108,1.980108,1.980108,2.970162,1.980108,1.980108,1.980108,1.980108,1.980108,1.980108,1.980108,1.980108,1.980108,1.980108,1.980108,1.980108,1.980108,1.980108,1.980108,2.970162,1.980108,1.980108,1.980108,1.980108,1.980108,1.980108,1.980108,1.980108,1.980108,1.980108,1.980108,1.980108,1.980108,1.980108,1.980108,2.970162,1.980108,1.980108,1.980108,1.980108,1.980108,1.980108,1.980108,1.980108,1.980108,1.980108,1.980108,1.980108,1.980108,1.980108,1.980108,2.970162,1.980108,1.980108,1.980108,1.980108,1.980108,1.980108,1.980108,1.980108,1.980108,1.980108
1.980108,1.980108,1.980108,1.980108,1.980108,1.980108,2.970162,1.980108,1.980108,1.980108,1.980108,1.980108,1.980108,1.980108,1.980108,1.980108,1.980108,1.980108,1.980108,1.980108,1.980108,1.980108,2.970162,1.980108,1.980108,1.980108,1.980108,1.980108,1.980108,1.980108,1.980108,1.980108,1.980108,1.980108,1.980108,1.980108,1.980108,1.980108,2.970162,1.980108,1.980108,1.980108,1.980108,1.980108,1.980108,1.980108,1.980108,1.980108,1.980108,1.980108,1.980108,1.980108,1.980108,1.980108,2.970162,1.980108,1.980108,1.980108,1.980108,1.980108,1.980108,1.980108,1.980108,1.980108,1.980108,1.980108,1.980108,1.980108,1.980108,1.980108,2.970162,1.980108,1.980108,1.980108,1.980108,1.980108,1.980108,1.980108,1.980108,1.980108,1.980108,1.980108,1.980108,1.980108,1.980108,1.980108,2.970162,1.980108,1.980108,1.980108,1.980108,1.980108,1.980108,1.980108,1.980108,1.980108,1.980108,1.980108,1.980108,1.980108,1.980108,1.980108,2.970162,1.980108,1.980108,1.980108,1.980108,1.980108,1.980108,1.980108,1.980108,1.980108,1.980108,1.980108,1.980108,1.980108,1.980108,1.980108,2.970162,1.980108,1.980108,1.980108,1.980108,1.980108,1.980108,1.980108,1.980108,1.980108,1.980108,1.980108,1.980108,1.980108,1.980108,1.980108,2.970162,1.980108,1.980108,1.980108,1.980108,1.980108,1.980108,1.980108,1.980108,1.980108,2.970162,2.970162,2.970162,2.970162,2.970162,2.970162,-30.609881,2.970162,2.970162,2.970162,2.970162,2.970162,2.970162,2.970162,2.970162,2.970162,1.980108,1.980108,1.980108,1.980108,1.980108,1.980108,2.970162,1.980108,1.980108,1.980108,1.980108,1.980108,1.980108,1.980108,1.980108,1.980108,1.980108,1.980108,1.980108,1.980108,1.980108,1.980108,2.970162,1.980108,1.980108,1.980108,1.980108,1.980108,1.980108,1.980108,1.980108,1.980108,1.980108,1.980108,1.980108,1.980108,1.980108,1.980108,2.970162,1.980108,1.980108,1.980108,1.980108,1.980108,1.980108,1.980108,1.980108,1.980108,1.980108,1.980108,1.980108,1.980108,1.980108,1.980108,2.970162,1.980108,1.980108,1.980108,1.980108,1.980108,1.980108,1.980108,1.980108,1.980108,1.980108,1.980108,1.980108,1.980108,1.980108,1.980108,2.970162,1.980108,1.980108,1.980108,1.980108,1.980108,1.980108,1.980108,1.980108,1.980108,1.980108,1.980108,1.980108,1.980108,1.980108,1.980108,2.970162,1.980108,1.980108,1.980108,1.980108,1.980108,1.980108,1.980108,1.980108,1.980108,1.980108,1.980108,1.980108,1.980108,1.980108,1.980108,2.970162,1.980108,1.980108,1.980108,1.980108,1.980108,1.980108,1.980108,1.980108,1.980108,1.980108,1.980108,1.980108,1.980108,1.980108,1.980108,2.970162,1.980108,1.980108,1.980108,1.980108,1.980108,1.980108,1.980108,1.980108,1.980108,1.980108,1.980108,1.980108,1.980108,1.980108,1.980108,2.970162,1.980108,1.980108,1.980108,1.980108,1.980108,1.980108,1.980108,1.980108,1.980108,1.980108,1.980108,1.980108,1.980108,1.980108,1.980108,2.970162,1.980108,1.980108,1.980108,1.980108,1.980108,1.980108,1.980108,1.980108,1.980108
1.980108,1.980108,1.980108,1.980108,1.980108,1.980108,1.980108,2.970162,1.980108,1.980108,1.980108,1.980108,1.980108,1.980108,1.980108,1.980108,1.980108,1.980108,1.980108,1.980108,1.980108,1.980108,1.980108,2.970162,1.980108,1.980108,1.980108,1.980108,1.980108,1.980108,1.980108,1.980108,1.980108,1.980108,1.980108,1.980108,1.980108,1.980108,1.980108,2.970162,1.980108,1.980108,1.980108,1.980108,1.980108,1.980108,1.980108,1.980108,1.980108,1.980108,1.980108,1.980108,1.980108,1.980108,1.980108,2.970162,1.980108,1.980108,1.980108,1.980108,1.980108,1.980108,1.980108,1.980108,1.980108,1.980108,1.980108,1.980108,1.980108,1.980108,1.980108,2.970162,1.980108,1.980108,1.980108,1.980108,1.980108,1.980108,1.980108,1.980108,1.980108,1.980108,1.980108,1.980108,1.980108,1.980108,1.980108,2.970162,1.980108,1.980108,1.980108,1.980108,1.980108,1.980108,1.980108,1.980108,1.980108,1.980108,1.980108,1.980108,1.980108,1.980108,1.980108,2.970162,1.980108,1.980108,1.980108,1.980108,1.980108,1.980108,1.980108,1.980108,1.980108,1.980108,1.980108,1.980108,1.980108,1.980108,1.980108,2.970162,1.980108,1.980108,1.980108,1.980108,1.980108,1.980108,1.980108,1.980108,1.980108,1.980108,1.980108,1.980108,1.980108,1.980108,1.980108,2.970162,1.980108,1.980108,1.980108,1.980108,1.980108,1.980108,1.980108,1.980108,2.970162,2.970162,2.970162,2.970162,2.970162,2.970162,2.970162,-29.941177,2.970162,2.970162,2.970162,2.970162,2.970162,2.970162,2.970162,2.970162,1.980108,1.980108,1.980108,1.980108,1.980108,1.980108,1.980108,2.970162,1.980108,1.980108,1.980108,1.980108,1.980108,1.980108,1.980108,1.980108,1.980108,1.980108,1.980108,1.980108,1.980108,1.980108,1.980108,2.970162,1.980108,1.980108,1.980108,1.980108,1.980108,1.980108,1.980108,1.980108,1.980108,1.980108,1.980108,1.980108,1.980108,1.980108,1.980108,2.970162,1.980108,1.980108,1.980108,1.980108,1.980108,1.980108,1.980108,1.980108,1.980108,1.980108,1.980108,1.980108,1.980108,1.980108,1.980108,2.970162,1.980108,1.980108,1.980108,1.980108,1.980108,1.980108,1.980108,1.980108,1.980108,1.980108,1.980108,1.980108,1.980108,1.980108,1.980108,2.970162,1.980108,1.980108,1.980108,1.980108,1.980108,1.980108,1.980108,1.980108,1.980108,1.980108,1.980108,1.980108,1.980108,1.980108,1.980108,2.970162,1.980108,1.980108,1.980108,1.980108,1.980108,1.980108,1.980108,1.980108,1.980108,1.980108,1.980108,1.980108,1.980108,1.980108,1.980108,2.970162,1.980108,1.980108,1.980108,1.980108,1.980108,1.980108,1.980108,1.980108,1.980108,1.980108,1.980108,1.980108,1.980108,1.980108,1.980108,2.970162,1.980108,1.980108,1.980108,1.980108,1.980108,1.980108,1.980108,1.980108,1.980108,1.980108,1.980108,1.980108,1.980108,1.980108,1.980108,2.970162,1.980108,1.980108,1.980108,1.980108,1.980108,1.980108,1.980108,1.980108,1.980108,1.980108,1.980108,1.980108,1.980108,1.980108,1.980108,2.970162,1.980108,1.980108,1.980108,1.980108,1.980108,1.980108,1.980108,1.980108
1.980108,1.980108,1.980108,1.980108,1.980108,1.980108,1.980108,1.980108,2.970162,1.980108,1.980108,1.980108,1.980108,1.980108,1.980108,1.980108,1.980108,1.980108,1.980108,1.980108,1.980108,1.980108,1.980108,1.980108,2.970162,1.980108,1.980108,1.980108,1.980108,1.980108,1.980108,1.980108,1.980108,1.980108,1.980108,1.980108,1.980108,1.980108,1.980108,1.980108,2.970162,1.980108,1.980108,1.980108,1.980108,1.980108,1.980108,1.980108,1.980108,1.980108,1.980108,1.980108,1.980108,1.980108,1.980108,1.980108,2.970162,1.980108,1.980108,1.980108,1.980108,1.980108,1.980108,1.980108,1.980108,1.980108,1.980108,1.980108,1.980108,1.980108,1.980108,1.980108,2.970162,1.980108,1.980108,1.980108,1.980108,1.980108,1.980108,1.980108,1.980108,1.980108,1.980108,1.980108,1.980108,1.980108,1.980108,1.980108,2.970162,1.980108,1.980108,1.980108,1.980108,1.980108,1.980108,1.980108,1.980108,1.980108,1.980108,1.980108,1.980108,1.980108,1.980108,1.980108,2.970162,1.980108,1.980108,1.980108,1.980108,1.980108,1.980108,1.980108,1.980108,1.980108,1.980108,1.980108,1.980108,1.980108,1.980108,1.980108,2.970162,1.980108,1.980108,1.980108,1.980108,1.980108,1.980108,1.980108,1.980108,1.980108,1.980108,1.980108,1.980108,1.980108,1.980108,1.980108,2.970162,1.980108,1.980108,1.980108,1.980108,1.980108,1.980108,1.980108,2.970162,2.970162,2.970162,2.970162,2.970162,2.970162,2.970162,2.970162,-29.846510,2.970162,2.970162,2.970162,2.970162,2.970162,2.970162,2.970162,1.980108,1.980108,1.980108,1.980108,1.980108,1.980108,1.980108,1.980108,2.970162,1.980108,1.980108,1.980108,1.980108,1.980108,1.980108,1.980108,1.980108,1.980108,1.980108,1.980108,1.980108,1.980108,1.980108,1.980108,2.970162,1.980108,1.980108,1.980108,1.980108,1.980108,1.980108,1.980108,1.980108,1.980108,1.980108,1.980108,1.980108,1.980108,1.980108,1.980108,2.970162,1.980108,1.980108,1.980108,1.980108,1.980108,1.980108,1.980108,1.980108,1.980108,1.980108,1.980108,1.980108,1.980108,1.980108,1.980108,2.970162,1.980108,1.980108,1.980108,1.980108,1.980108,1.980108,1.980108,1.980108,1.980108,1.980108,1.980108,1.980108,1.980108,1.980108,1.980108,2.970162,1.980108,1.980108,1.980108,1.980108,1.980108,1.980108,1.980108,1.980108,1.980108,1.980108,1.980108,1.980108,1.980108,1.980108,1.980108,2.970162,1.980108,1.980108,1.980108,1.980108,1.980108,1.980108,1.980108,1.980108,1.980108,1.980108,1.980108,1.980108,1.980108,1.980108,1.980108,2.970162,1.980108,1.980108,1.980108,1.980108,1.980108,1.980108,1.980108,1.980108,1.980108,1.980108,1.980108,1.980108,1.980108,1.980108,1.980108,2.970162,1.980108,1.980108,1.980108,1.980108,1.980108,1.980108,1.980108,1.980108,1.980108,1.980108,1.980108,1.980108,1.980108,1.980108,1.980108,2.970162,1.980108,1.980108,1.980108,1.980108,1.980108,1.980108,1.980108,1.980108,1.980108,1.980108,1.980108,1.980108,1.980108,1.980108,1.980108,2.970162,1.980108,1.980108,1.980108,1.980108,1.980108,1.980108,1.980108
1.980108,1.980108,1.980108,1.980108,1.980108,1.980108,1.980108,1.980108,1.980108,2.970162,1.980108,1.980108,1.980108,1.980108,1.980108,1.980108,1.980108,1.980108,1.980108,1.980108,1.980108,1.980108,1.980108,1.980108,1.980108,2.970162,1.980108,1.980108,1.980108,1.980108,1.980108,1.980108,1.980108,1.980108,1.980108,1.980108,1.980108,1.980108,1.980108,1.980108,1.980108,2.970162,1.980108,1.980108,1.980108,1.980108,1.980108,1.980108,1.980108,1.980108,1.980108,1.980108,1.980108,1.980108,1.980108,1.980108,1.980108,2.970162,1.980108,1.980108,1.980108,1.980108,1.980108,1.980108,1.980108,1.980108,1.980108,1.980108,1.980108,1.980108,1.980108,1.980108,1.980108,2.970162,1.980108,1.980108,1.980108,1.980108,1.980108,1.980108,1.980108,1.980108,1.980108,1.980108,1.980108,1.980108,1.980108,1.980108,1.980108,2.970162,1.980108,1.980108,1.980108,1.980108,1.980108,1.980108,1.980108,1.980108,1.980108,1.980108,1.980108,1.980108,1.980108,1.980108,1.980108,2.970162,1.980108,1.980108,1.980108,1.980108,1.980108,1.980108,1.980108,1.980108,1.980108,1.980108,1.980108,1.980108,1.980108,1.980108,1.980108,2.970162,1.980108,1.980108,1.980108,1.980108,1.980108,1.980108,1.980108,1.980108,1.980108,1.980108,1.980108,1.980108,1.980108,1.980108,1.980108,2.970162,1.980108,1.980108,1.980108,1.980108,1.980108,1.980108,2.970162,2.970162,2.970162,2.970162,2.970162,2.970162,2.970162,2.970162,2.970162,-30.191068,2.970162,2.970162,2.970162,2.970162,2.970162,2.970162,1.980108,1.980108,1.980108,1.980108,1.980108,1.980108,1.980108,1.980108,1.980108,2.970162,1.980108,1.980108,1.980108,1.980108,1.980108,1.980108,1.980108,1.980108,1.980108,1.980108,1.980108,1.980108,1.980108,1.980108,1.980108,2.970162,1.980108,1.980108,1.980108,1.980108,1.980108,1.980108,1.980108,1.980108,1.980108,1.980108,1.980108,1.980108,1.980108,1.980108,1.980108,2.970162,1.980108,1.980108,1.980108,1.980108,1.980108,1.980108,1.980108,1.980108,1.980108,1.980108,1.980108,1.980108,1.980108,1.980108,1.980108,2.970162,1.980108,1.980108,1.980108,1.980108,1.980108,1.980108,1.980108,1.980108,1.980108,1.980108,1.980108,1.980108,1.980108,1.980108,1.980108,2.970162,1.980108,1.980108,1.980108,1.980108,1.980108,1.980108,1.980108,1.980108,1.980108,1.980108,1.980108,1.980108,1.980108,1.980108,1.980108,2.970162,1.980108,1.980108,1.980108,1.980108,1.980108,1.980108,1.980108,1.980108,1.980108,1.980108,1.980108,1.980108,1.980108,1.980108,1.980108,2.970162,1.980108,1.980108,1.980108,1.980108,1.980108,1.980108,1.980108,1.980108,1.980108,1.980108,1.980108,1.980108,1.980108,1.980108,1.980108,2.970162,1.980108,1.980108,1.980108,1.980108,1.980108,1.980108,1.980108,1.980108,1.980108,1.980108,1.980108,1.980108,1.980108,1.980108,1.980108,2.970162,1.980108,1.980108,1.980108,1.980108,1.980108,1.980108,1.980108,1.980108,1.980108,1.980108,1.980108,1.980108,1.980108,1.980108,1.980108,2.970162,1.980108,1.980108,1.980108,1.980108,1.980108,1.980108
1.980108,1.980108,1.980108,1.980108,1.980108,1.980108,1.980108,1.980108,1.980108,1.980108,2.970162,1.980108,1.980108,1.980108,1.980108,1.980108,1.980108,1.980108,1.980108,1.980108,1.980108,1.980108,1.980108,1.980108,1.980108,1.980108,2.970162,1.980108,1.980108,1.980108,1.980108,1.980108,1.980108,1.980108,1.980108,1.980108,1.980108,1.980108,1.980108,1.980108,1.980108,1.980108,2.970162,1.980108,1.980108,1.980108,1.980108,1.980108,1.980108,1.980108,1.980108,1.980108,1.980108,1.980108,1.980108,1.980108,1.980108,1.980108,2.970162,1.980108,1.980108,1.980108,1.980108,1.980108,1.980108,1.980108,1.980108,1.980108,1.980108,1.980108,1.980108,1.980108,1.980108,1.980108,2.970162,1.980108,1.980108,1.980108,1.980108,1.980108,1.980108,1.980108,1.980108,1.980108,1.980108,1.980108,1.980108,1.980108,1.980108,1.980108,2.970162,1.980108,1.980108,1.980108,1.980108,1.980108,1.980108,1.980108,1.980108,1.980108,1.980108,1.980108,1.980108,1.980108,1.980108,1.980108,2.970162,1.980108,1.980108,1.980108,1.980108,1.980108,1.980108,1.980108,1.980108,1.980108,1.980108,1.980108,1.980108,1.980108,1.980108,1.980108,2.970162,1.980108,1.980108,1.980108,1.980108,1.980108,1.980108,1.980108,1.980108,1.980108,1.980108,1.980108,1.980108,1.980108,1.980108,1.980108,2.970162,1.980108,1.980108,1.980108,1.980108,1.980108,2.970162,2.970162,2.970162,2.970162,2.970162,2.970162,2.970162,2.970162,2.970162,2.970162,-30.687266,2.970162,2.970162,2.970162,2.970162,2.970162,1.980108,1.980108,1.980108,1.980108,1.980108,1.980108,1.980108,1.980108,1.980108,1.980108,2.970162,1.980108,1.980108,1.980108,1.980108,1.980108,1.980108,1.980108,1.980108,1.980108,1.980108,1.980108,1.980108,1.980108,1.980108,1.980108,2.970162,1.980108,1.980108,1.980108,1.980108,1.980108,1.980108,1.980108,1.980108,1.980108,1.980108,1.980108,1.980108,1.980108,1.980108,1.980108,2.970162,1.980108,1.980108,1.980108,1.980108,1.980108,1.980108,1.980108,1.980108,1.980108,1.980108,1.980108,1.980108,1.980108,1.980108,1.980108,2.970162,1.980108,1.980108,1.980108,1.980108,1.980108,1.980108,1.980108,1.980108,1.980108,1.980108,1.980108,1.980108,1.980108,1.980108,1.980108,2.970162,1.980108,1.980108,1.980108,1.980108,1.980108,1.980108,1.980108,1.980108,1.980108,1.980108,1.980108,1.980108,1.980108,1.980108,1.980108,2.970162,1.980108,1.980108,1.980108,1.980108,1.980108,1.980108,1.980108,1.980108,1.980108,1.980108,1.980108,1.980108,1.980108,1.980108,1.980108,2.970162,1.980108,1.980108,1.980108,1.980108,1.980108,1.980108,1.980108,1.980108,1.980108,1.980108,1.980108,1.980108,1.980108,1.980108,1.980108,2.970162,1.980108,1.980108,1.980108,1.980108,1.980108,1.980108,1.980108,1.980108,1.980108,1.980108,1.980108,1.980108,1.980108,1.980108,1.980108,2.970162,1.980108,1.980108,1.980108,1.980108,1.980108,1.980108,1.980108,1.980108,1.980108,1.980108,1.980108,1.980108,1.980108,1.980108,1.980108,2.970162,1.980108,1.980108,1.980108,1.980108,1.980108
1.980108,1.980108,1.980108,1.980108,1.980108,1.980108,1.980108,1.980108,1.980108,1.980108,1.980108,2.970162,1.980108,1.980108,1.980108,1.980108,1.980108,1.980108,1.980108,1.980108,1.980108,1.980108,1.980108,1.980108,1.980108,1.980108,1.980108,2.970162,1.980108,1.980108,1.980108,1.980108,1.980108,1.980108,1.980108,1.980108,1.980108,1.980108,1.980108,1.980108,1.980108,1.980108,1.980108,2.970162,1.980108,1.980108,1.980108,1.980108,1.980108,1.980108,1.980108,1.980108,1.980108,1.980108,1.980108,1.980108,1.980108,1.980108,1.980108,2.970162,1.980108,1.980108,1.980108,1.980108,1.980108,1.980108,1.980108,1.980108,1.980108,1.980108,1.980108,1.980108,1.980108,1.980108,1.980108,2.970162,1.980108,1.980108,1.980108,1.980108,1.980108,1.980108,1.980108,1.980108,1.980108,1.980108,1.980108,1.980108,1.980108,1.980108,1.980108,2.970162,1.980108,1.980108,1.980108,1.980108,1.980108,1.980108,1.980108,1.980108,1.980108,1.980108,1.980108,1.980108,1.980108,1.980108,1.980108,2.970162,1.980108,1.980108,1.980108,1.980108,1.980108,1.980108,1.980108,1.980108,1.980108,1.980108,1.980108,1.980108,1.980108,1.980108,1.980108,2.970162,1.980108,1.980108,1.980108,1.980108,1.980108,1.980108,1.980108,1.980108,1.980108,1.980108,1.980108,1.980108,1.980108,1.980108,1.980108,2.970162,1.980108,1.980108,1.980108,1.980108,2.970162,2.970162,2.970162,2.970162,2.970162,2.970162,2.970162,2.970162,2.970162,2.970162,2.970162,-29.943671,2.970162,2.970162,2.970162,2.970162,1.980108,1.980108,1.980108,1.980108,1.980108,1.980108,1.980108,1.980108,1.980108,1.980108,1.980108,2.970162,1.980108,1.980108,1.980108,1.980108,1.980108,1.980108,1.980108,1.980108,1.980108,1.980108,1.980108,1.980108,1.980108,1.980108,1.980108,2.970162,1.980108,1.980108,1.980108,1.980108,1.980108,1.980108,1.980108,1.980108,1.980108,1.980108,1.980108,1.980108,1.980108,1.980108,1.980108,2.970162,1.980108,1.980108,1.980108,1.980108,1.980108,1.980108,1.980108,1.980108,1.980108,1.980108,1.980108,1.980108,1.980108,1.980108,1.980108,2.970162,1.980108,1.980108,1.980108,1.980108,1.980108,1.980108,1.980108,1.980108,1.980108,1.980108,1.980108,1.980108,1.980108,1.980108,1.980108,2.970162,1.980108,1.980108,1.980108,1.980108,1.980108,1.980108,1.980108,1.980108,1.980108,1.980108,1.980108,1.980108,1.980108,1.980108,1.980108,2.970162,1.980108,1.980108,1.980108,1.980108,1.980108,1.980108,1.980108,1.980108,1.980108,1.980108,1.980108,1.980108,1.980108,1.980108,1.980108,2.970162,1.980108,1.980108,1.980108,1.980108,1.980108,1.980108,1.980108,1.980108,1.980108,1.980108,1.980108,1.980108,1.980108,1.980108,1.980108,2.970162,1.980108,1.980108,1.980108,1.980108,1.980108,1.980108,1.980108,1.980108,1.980108,1.980108,1.980108,1.980108,1.980108,1.980108,1.980108,2.970162,1.980108,1.980108,1.980108,1.980108,1.980108,1.980108,1.980108,1.980108,1.980108,1.980108,1.980108,1.980108,1.980108,1.980108,1.980108,2.970162,1.980108,1.980108,1.980108,1.980108
1.980108,1.980108,1.980108,1.980108,1.980108,1.980108,1.980108,1.980108,1.980108,1.980108,1.980108,1.980108,2.970162,1.980108,1.980108,1.980108,1.980108,1.980108,1.980108,1.980108,1.980108,1.980108,1.980108,1.980108,1.980108,1.980108,1.980108,1.980108,2.970162,1.980108,1.980108,1.980108,1.980108,1.980108,1.980108,1.980108,1.980108,1.980108,1.980108,1.980108,1.980108,1.980108,1.980108,1.980108,2.970162,1.980108,1.980108,1.980108,1.980108,1.980108,1.980108,1.980108,1.980108,1.980108,1.980108,1.980108,1.980108,1.980108,1.980108,1.980108,2.970162,1.980108,1.980108,1.980108,1.980108,1.980108,1.980108,1.980108,1.980108,1.980108,1.980108,1.980108,1.980108,1.980108,1.980108,1.980108,2.970162,1.980108,1.980108,1.980108,1.980108,1.980108,1.980108,1.980108,1.980108,1.980108,1.980108,1.980108,1.980108,1.980108,1.980108,1.980108,2.970162,1.980108,1.980108,1.980108,1.980108,1.980108,1.980108,1.980108,1.980108,1.980108,1.980108,1.980108,1.980108,1.980108,1.980108,1.980108,2.970162,1.980108,1.980108,1.980108,1.980108,1.980108,1.980108,1.980108,1.980108,1.980108,1.980108,1.980108,1.980108,1.980108,1.980108,1.980108,2.970162,1.980108,1.980108,1.980108,1.980108,1.980108,1.980108,1.980108,1.980108,1.980108,1.980108,1.980108,1.980108,1.980108,1.980108,1.980108,2.970162,1.980108,1.980108,1.980108,2.970162,2.970162,2.970162,2.970162,2.970162,2.970162,2.970162,2.970162,2.970162,2.970162,2.970162,2.970162,-30.373751,2.970162,2.970162,2.970162,1.980108,1.980108,1.980108,1.980108,1.980108,1.980108,1.980108,1.980108,1.980108,1.980108,1.980108,1.980108,2.970162,1.980108,1.980108,1.980108,1.980108,1.980108,1.980108,1.980108,1.980108,1.980108,1.980108,1.980108,1.980108,1.980108,1.980108,1.980108,2.970162,1.980108,1.980108,1.980108,1.980108,1.980108,1.980108,1.980108,1.980108,1.980108,1.980108,1.980108,1.980108,1.980108,1.980108,1.980108,2.970162,1.980108,1.980108,1.980108,1.980108,1.980108,1.980108,1.980108,1.980108,1.980108,1.980108,1.980108,1.980108,1.980108,1.980108,1.980108,2.970162,1.980108,1.980108,1.980108,1.980108,1.980108,1.980108,1.980108,1.980108,1.980108,1.980108,1.980108,1.980108,1.980108,1.980108,1.980108,2.970162,1.980108,1.980108,1.980108,1.980108,1.980108,1.980108,1.980108,1.980108,1.980108,1.980108,1.980108,1.980108,1.980108,1.980108,1.980108,2.970162,1.980108,1.980108,1.980108,1.980108,1.980108,1.980108,1.980108,1.980108,1.980108,1.980108,1.980108,1.980108,1.980108,1.980108,1.980108,2.970162,1.980108,1.980108,1.980108,1.980108,1.980108,1.980108,1.980108,1.980108,1.980108,1.980108,1.980108,1.980108,1.980108,1.980108,1.980108,2.970162,1.980108,1.980108,1.980108,1.980108,1.980108,1.980108,1.980108,1.980108,1.980108,1.980108,1.980108,1.980108,1.980108,1.980108,1.980108,2.970162,1.980108,1.980108,1.980108,1.980108,1.980108,1.980108,1.980108,1.980108,1.980108,1.980108,1.980108,1.980108,1.980108,1.980108,1.980108,2.970162,1.980108,1.980108,1.980108
1.980108,1.980108,1.980108,1.980108,1.980108,1.980108,1.980108,1.980108,1.980108,1.980108,1.980108,1.980108,1.980108,2.970162,1.980108,1.980108,1.980108,1.980108,1.980108,1.980108,1.980108,1.980108,1.980108,1.980108,1.980108,1.980108,1.980108,1.980108,1.980108,2.970162,1.980108,1.980108,1.980108,1.980108,1.980108,1.980108,1.980108,1.980108,1.980108,1.980108,1.980108,1.980108,1.980108,1.980108,1.980108,2.970162,1.980108,1.980108,1.980108,1.980108,1.980108,1.980108,1.980108,1.980108,1.980108,1.980108,1.980108,1.980108,1.980108,1.980108,1.980108,2.970162,1.980108,1.980108,1.980108,1.980108,1.980108,1.980108,1.980108,1.980108,1.980108,1.980108,1.980108,1.980108,1.980108,1.980108,1.980108,2.970162,1.980108,1.980108,1.980108,1.980108,1.980108,1.980108,1.980108,1.980108,1.980108,1.980108,1.980108,1.980108,1.980108,1.980108,1.980108,2.970162,1.980108,1.980108,1.980108,1.980108,1.980108,1.980108,1.980108,1.980108,1.980108,1.980108,1.980108,1.980108,1.980108,1.980108,1.980108,2.970162,1.980108,1.980108,1.980108,1.980108,1.980108,1.980108,1.980108,1.980108,1.980108,1.980108,1.980108,1.980108,1.980108,1.980108,1.980108,2.970162,1.980108,1.980108,1.980108,1.980108,1.980108,1.980108,1.980108,1.980108,1.980108,1.980108,1.980108,1.980108,1.980108,1.980108,1.980108,2.970162,1.980108,1.980108,2.970162,2.970162,2.970162,2.970162,2.970162,2.970162,2.970162,2.970162,2.970162,2.970162,2.970162,2.970162,2.970162,-30.463235,2.970162,2.970162,1.980108,1.980108,1.980108,1.980108,1.980108,1.980108,1.980108,1.980108,1.980108,1.980108,1.980108,1.980108,1.980108,2.970162,1.980108,1.980108,1.980108,1.980108,1.980108,1.980108,1.980108,1.980108,1.980108,1.980108,1.980108,1.980108,1.980108,1.980108,1.980108,2.970162,1.980108,1.980108,1.980108,1.980108,1.980108,1.980108,1.980108,1.980108,1.980108,1.980108,1.980108,1.980108,1.980108,1.980108,1.980108,2.970162,1.980108,1.980108,1.980108,1.980108,1.980108,1.980108,1.980108,1.980108,1.980108,1.980108,1.980108,1.980108,1.980108,1.980108,1.980108,2.970162,1.980108,1.980108,1.980108,1.980108,1.980108,1.980108,1.980108,1.980108,1.980108,1.980108,1.980108,1.980108,1.980108,1.980108,1.980108,2.970162,1.980108,1.980108,1.980108,1.980108,1.980108,1.980108,1.980108,1.980108,1.980108,1.980108,1.980108,1.980108,1.980108,1.980108,1.980108,2.970162,1.980108,1.980108,1.980108,1.980108,1.980108,1.980108,1.980108,1.980108,1.980108,1.980108,1.980108,1.980108,1.980108,1.980108,1.980108,2.970162,1.980108,1.980108,1.980108,1.980108,1.980108,1.980108,1.980108,1.980108,1.980108,1.980108,1.980108,1.980108,1.980108,1.980108,1.980108,2.970162,1.980108,1.980108,1.980108,1.980108,1.980108,1.980108,1.980108,1.980108,1.980108,1.980108,1.980108,1.980108,1.980108,1.980108,1.980108,2.970162,1.980108,1.980108,1.980108,1.980108,1.980108,1.980108,1.980108,1.980108,1.980108,1.980108,1.980108,1.980108,1.980108,1.980108,1.980108,2.970162,1.980108,1.980108
1.980108,1.980108,1.980108,1.980108,1.980108,1.980108,1.980108,1.980108,1.980108,1.980108,1.980108,1.980108,1.980108,1.980108,2.970162,1.980108,1.980108,1.980108,1.980108,1.980108,1.980108,1.980108,1.980108,1.980108,1.980108,1.980108,1.980108,1.980108,1.980108,1.980108,2.970162,1.980108,1.980108,1.980108,1.980108,1.980108,1.980108,1.980108,1.980108,1.980108,1.980108,1.980108,1.980108,1.980108,1.980108,1.980108,2.970162,1.980108,1.980108,1.980108,1.980108,1.980108,1.980108,1.980108,1.980108,1.980108,1.980108,1.980108,1.980108,1.980108,1.980108,1.980108,2.970162,1.980108,1.980108,1.980108,1.980108,1.980108,1.980108,1.980108,1.980108,1.980108,1.980108,1.980108,1.980108,1.980108,1.980108,1.980108,2.970162,1.980108,1.980108,1.980108,1.980108,1.980108,1.980108,1.980108,1.980108,1.980108,1.980108,1.980108,1.980108,1.980108,1.980108,1.980108,2.970162,1.980108,1.980108,1.980108,1.980108,1.980108,1.980108,1.980108,1.980108,1.980108,1.980108,1.980108,1.980108,1.980108,1.980108,1.980108,2.970162,1.980108,1.980108,1.980108,1.980108,1.980108,1.980108,1.980108,1.980108,1.980108,1.980108,1.980108,1.980108,1.980108,1.980108,1.980108,2.970162,1.980108,1.980108,1.980108,1.980108,1.980108,1.980108,1.980108,1.980108,1.980108,1.980108,1.980108,1.980108,1.980108,1.980108,1.980108,2.970162,1.980108,2.970162,2.970162,2.970162,2.970162,2.970162,2.970162,2.970162,2.970162,2.970162,2.970162,2.970162,2.970162,2.970162,2.970162,-29.939253,2.970162,1.980108,1.980108,1.980108,1.980108,1.980108,1.980108,1.980108,1.980108,1.980108,1.980108,1.980108,1.980108,1.980108,1.980108,2.970162,1.980108,1.980108,1.980108,1.980108,1.980108,1.980108,1.980108,1.980108,1.980108,1.980108,1.980108,1.980108,1.980108,1.980108,1.980108,2.970162,1.980108,1.980108,1.980108,1.980108,1.980108,1.980108,1.980108,1.980108,1.980108,1.980108,1.980108,1.980108,1.980108,1.980108,1.980108,2.970162,1.980108,1.980108,1.980108,1.980108,1.980108,1.980108,1.980108,1.980108,1.980108,1.980108,1.980108,1.980108,1.980108,1.980108,1.980108,2.970162,1.980108,1.980108,1.980108,1.980108,1.980108,1.980108,1.980108,1.980108,1.980108,1.980108,1.980108,1.980108,1.980108,1.980108,1.980108,2.970162,1.980108,1.980108,1.980108,1.980108,1.980108,1.980108,1.980108,1.980108,1.980108,1.980108,1.980108,1.980108,1.980108,1.980108,1.980108,2.970162,1.980108,1.980108,1.980108,1.980108,1.980108,1.980108,1.980108,1.980108,1.980108,1.980108,1.980108,1.980108,1.980108,1.980108,1.980108,2.970162,1.980108,1.980108,1.980108,1.980108,1.980108,1.980108,1.980108,1.980108,1.980108,1.980108,1.980108,1.980108,1.980108,1.980108,1.980108,2.970162,1.980108,1.980108,1.980108,1.980108,1.980108,1.980108,1.980108,1.980108,1.980108,1.980108,1.980108,1.980108,1.980108,1.980108,1.980108,2.970162,1.980108,1.980108,1.980108,1.980108,1.980108,1.980108,1.980108,1.980108,1.980108,1.980108,1.980108,1.980108,1.980108,1.980108,1.980108,2.970162,1.980108
1.980108,1.980108,1.980108,1.980108,1.980108,1.980108,1.980108,1.980108,1.980108,1.980108,1.980108,1.980108,1.980108,1.980108,1.980108,2.970162,1.980108,1.980108,1.980108,1.980108,1.980108,1.980108,1.980108,1.980108,1.980108,1.980108,1.980108,1.980108,1.980108,1.980108,1.980108,2.970162,1.980108,1.980108,1.980108,1.980108,1.980108,1.980108,1.980108,1.980108,1.980108,1.980108,1.980108,1.980108,1.980108,1.980108,1.980108,2.970162,1.980108,1.980108,1.980108,1.980108,1.980108,1.980108,1.980108,1.980108,1.980108,1.980108,1.980108,1.980108,1.980108,1.980108,1.980108,2.970162,1.980108,1.980108,1.980108,1.980108,1.980108,1.980108,1.980108,1.980108,1.980108,1.980108,1.980108,1.980108,1.980108,1.980108,1.980108,2.970162,1.980108,1.980108,1.980108,1.980108,1.980108,1.980108,1.980108,1.980108,1.980108,1.980108,1.980108,1.980108,1.980108,1.980108,1.980108,2.970162,1.980108,1.980108,1.980108,1.980108,1.980108,1.980108,1.980108,1.980108,1.980108,1.980108,1.980108,1.980108,1.980108,1.980108,1.980108,2.970162,1.980108,1.980108,1.980108,1.980108,1.980108,1.980108,1.980108,1.980108,1.980108,1.980108,1.980108,1.980108,1.980108,1.980108,1.980108,2.970162,1.980108,1.980108,1.980108,1.980108,1.980108,1.980108,1.980108,1.980108,1.980108,1.980108,1.980108,1.980108,1.980108,1.980108,1.980108,2.970162,2.970162,2.970162,2.970162,2.970162,2.970162,2.970162,2.970162,2.970162,2.970162,2.970162,2.970162,2.970162,2.970162,2.970162,2.970162,-30.429832,1.980108,1.980108,1.980108,1.980108,1.980108,1.980108,1.980108,1.980108,1.980108,1.980108,1.980108,1.980108,1.980108,1.980108,1.980108,2.970162,1.980108,1.980108,1.980108,1.980108,1.980108,1.980108,1.980108,1.980108,1.980108,1.980108,1.980108,1.980108,1.980108,1.980108,1.980108,2.970162,1.980108,1.980108,1.980108,1.980108,1.980108,1.980108,1.980108,1.980108,1.980108,1.980108,1.980108,1.980108,1.980108,1.980108,1.980108,2.970162,1.980108,1.980108,1.980108,1.980108,1.980108,1.980108,1.980108,1.980108,1.980108,1.980108,1.980108,1.980108,1.980108,1.980108,1.980108,2.970162,1.980108,1.980108,1.980108,1.980108,1.980108,1.980108,1.980108,1.980108,1.980108,1.980108,1.980108,1.980108,1.980108,1.980108,1.980108,2.970162,1.980108,1.980108,1.980108,1.980108,1.980108,1.980108,1.980108,1.980108,1.980108,1.980108,1.980108,1.980108,1.980108,1.980108,1.980108,2.970162,1.980108,1.980108,1.980108,1.980108,1.980108,1.980108,1.980108,1.980108,1.980108,1.980108,1.980108,1.980108,1.980108,1.980108,1.980108,2.970162,1.980108,1.980108,1.980108,1.980108,1.980108,1.980108,1.980108,1.980108,1.980108,1.980108,1.980108,1.980108,1.980108,1.980108,1.980108,2.970162,1.980108,1.980108,1.980108,1.980108,1.980108,1.980108,1.980108,1.980108,1.980108,1.980108,1.980108,1.980108,1.980108,1.980108,1.980108,2.970162,1.980108,1.980108,1.980108,1.980108,1.980108,1.980108,1.980108,1.980108,1.980108,1.980108,1.980108,1.980108,1.980108,1.980108,1.980108,2.970162
2.970162,1.980108,1.980108,1.980108,1.980108,1.980108,1.980108,1.980108,1.980108,1.980108,1.980108,1.980108,1.980108,1.980108,1.980108,1.980108,2.970162,1.980108,1.980108,1.980108,1.980108,1.980108,1.980108,1.980108,1.980108,1.980108,1.980108,1.980108,1.980108,1.980108,1.980108,1.980108,2.970162,1.980108,1.980108,1.980108,1.980108,1.980108,1.980108,1.980108,1.980108,1.980108,1.980108,1.980108,1.980108,1.980108,1.980108,1.980108,2.970162,1.980108,1.980108,1.980108,1.980108,1.980108,1.980108,1.980108,1.980108,1.980108,1.980108,1.980108,1.980108,1.980108,1.980108,1.980108,2.970162,1.980108,1.980108,1.980108,1.980108,1.980108,1.980108,1.980108,1.980108,1.980108,1.980108,1.980108,1.980108,1.980108,1.980108,1.980108,2.970162,1.980108,1.980108,1.980108,1.980108,1.980108,1.980108,1.980108,1.980108,1.980108,1.980108,1.980108,1.980108,1.980108,1.980108,1.980108,2.970162,1.980108,1.980108,1.980108,1.980108,1.980108,1.980108,1.980108,1.980108,1.980108,1.980108,1.980108,1.980108,1.980108,1.980108,1.980108,2.970162,1.980108,1.980108,1.980108,1.980108,1.980108,1.980108,1.980108,1.980108,1.980108,1.980108,1.980108,1.980108,1.980108,1.980108,1.980108,2.970162,1.980108,1.980108,1.980108,1.980108,1.980108,1.980108,1.980108,1.980108,1.980108,1.980108,1.980108,1.980108,1.980108,1.980108,1.980108,2.970162,1.980108,1.980108,1.980108,1.980108,1.980108,1.980108,1.980108,1.980108,1.980108,1.980108,1.980108,1.980108,1.980108,1.980108,1.980108,-30.069399,2.970162,2.970162,2.970162,2.970162,2.970162,2.970162,2.970162,2.970162,2.970162,2.970162,2.970162,2.970162,2.970162,2.970162,2.970162,2.970162,1.980108,1.980108,1.980108,1.980108,1.980108,1.980108,1.980108,1.980108,1.980108,1.980108,1.980108,1.980108,1.980108,1.980108,1.980108,2.970162,1.980108,1.980108,1.980108,1.980108,1.980108,1.980108,1.980108,1.980108,1.980108,1.980108,1.980108,1.980108,1.980108,1.980108,1.980108,2.970162,1.980108,1.980108,1.980108,1.980108,1.980108,1.980108,1.980108,1.980108,1.980108,1.980108,1.980108,1.980108,1.980108,1.980108,1.980108,2.970162,1.980108,1.980108,1.980108,1.980108,1.980108,1.980108,1.980108,1.980108,1.980108,1.980108,1.980108,1.980108,1.980108,1.980108,1.980108,2.970162,1.980108,1.980108,1.980108,1.980108,1.980108,1.980108,1.980108,1.980108,1.980108,1.980108,1.980108,1.980108,1.980108,1.980108,1.980108,2.970162,1.980108,1.980108,1.980108,1.980108,1.980108,1.980108,1.980108,1.980108,1.980108,1.980108,1.980108,1.980108,1.980108,1.980108,1.980108,2.970162,1.980108,1.980108,1.980108,1.980108,1.980108,1.980108,1.980108,1.980108,1.980108,1.980108,1.980108,1.980108,1.980108,1.980108,1.980108,2.970162,1.980108,1.980108,1.980108,1.980108,1.980108,1.980108,1.980108,1.980108,1.980108,1.980108,1.980108,1.980108,1.980108,1.980108,1.980108,2.970162,1.980108,1.980108,1.980108,1.980108,1.980108,1.980108,1.980108,1.980108,1.980108,1.980108,1.980108,1.980108,1.980108,1.980108,1.980108
1.980108,2.970162,1.980108,1.980108,1.980108,1.980108,1.980108,1.980108,1.980108,1.980108,1.980108,1.980108,1.980108,1.980108,1.980108,1.980108,1.980108,2.970162,1.980108,1.980108,1.980108,1.980108,1.980108,1.980108,1.980108,1.980108,1.980108,1.980108,1.980108,1.980108,1.980108,1.980108,1.980108,2.970162,1.980108,1.980108,1.980108,1.980108,1.980108,1.980108,1.980108,1.980108,1.980108,1.980108,1.980108,1.980108,1.980108,1.980108,1.980108,2.970162,1.980108,1.980108,1.980108,1.980108,1.980108,1.980108,1.980108,1.980108,1.980108,1.980108,1.980108,1.980108,1.980108,1.980108,1.980108,2.970162,1.980108,1.980108,1.980108,1.980108,1.980108,1.980108,1.980108,1.980108,1.980108,1.980108,1.980108,1.980108,1.980108,1.980108,1.980108,2.970162,1.980108,1.980108,1.980108,1.980108,1.980108,1.980108,1.980108,1.980108,1.980108,1.980108,1.980108,1.980108,1.980108,1.980108,1.980108,2.970162,1.980108,1.980108,1.980108,1.980108,1.980108,1.980108,1.980108,1.980108,1.980108,1.980108,1.980108,1.980108,1.980108,1.980108,1.980108,2.970162,1.980108,1.980108,1.980108,1.980108,1.980108,1.980108,1.980108,1.980108,1.980108,1.980108,1.980108,1.980108,1.980108,1.980108,1.980108,2.970162,1.980108,1.980108,1.980108,1.980108,1.980108,1.980108,1.980108,1.980108,1.980108,1.980108,1.980108,1.980108,1.980108,1.980108,1.980108,2.970162,1.980108,1.980108,1.980108,1.980108,1.980108,1.980108,1.980108,1.980108,1.980108,1.980108,1.980108,1.980108,1.980108,1.980108,2.970162,-30.333921,2.970162,2.970162,2.970162,2.970162,2.970162,2.970162,2.970162,2.970162,2.970162,2.970162,2.970162,2.970162,2.970162,2.970162,1.980108,2.970162,1.980108,1.980108,1.980108,1.980108,1.980108,1.980108,1.980108,1.980108,1.980108,1.980108,1.980108,1.980108,1.980108,1.980108,1.980108,2.970162,1.980108,1.980108,1.980108,1.980108,1.980108,1.980108,1.980108,1.980108,1.980108,1.980108,1.980108,1.980108,1.980108,1.980108,1.980108,2.970162,1.980108,1.980108,1.980108,1.980108,1.980108,1.980108,1.980108,1.980108,1.980108,1.980108,1.980108,1.980108,1.980108,1.980108,1.980108,2.970162,1.980108,1.980108,1.980108,1.980108,1.980108,1.980108,1.980108,1.980108,1.980108,1.980108,1.980108,1.980108,1.980108,1.980108,1.980108,2.970162,1.980108,1.980108,1.980108,1.980108,1.980108,1.980108,1.980108,1.980108,1.980108,1.980108,1.980108,1.980108,1.980108,1.980108,1.980108,2.970162,1.980108,1.980108,1.980108,1.980108,1.980108,1.980108,1.980108,1.980108,1.980108,1.980108,1.980108,1.980108,1.980108,1.980108,1.980108,2.970162,1.980108,1.980108,1.980108,1.980108,1.980108,1.980108,1.980108,1.980108,1.980108,1.980108,1.980108,1.980108,1.980108,1.980108,1.980108,2.970162,1.980108,1.980108,1.980108,1.980108,1.980108,1.980108,1.980108,1.980108,1.980108,1.980108,1.980108,1.980108,1.980108,1.980108,1.980108,2.970162,1.980108,1.980108,1.980108,1.980108,1.980108,1.980108,1.980108,1.980108,1.980108,1.980108,1.980108,1.980108,1.980108,1.980108
1.980108,1.980108,2.970162,1.980108,1.980108,1.980108,1.980108,1.980108,1.980108,1.980108,1.980108,1.980108,1.980108,1.980108,1.980108,1.980108,1.980108,1.980108,2.970162,1.980108,1.980108,1.980108,1.980108,1.980108,1.980108,1.980108,1.980108,1.980108,1.980108,1.980108,1.980108,1.980108,1.980108,1.980108,2.970162,1.980108,1.980108,1.980108,1.980108,1.980108,1.980108,1.980108,1.980108,1.980108,1.980108,1.980108,1.980108,1.980108,1.980108,1.980108,2.970162,1.980108,1.980108,1.980108,1.980108,1.980108,1.980108,1.980108,1.980108,1.980108,1.980108,1.980108,1.980108,1.980108,1.980108,1.980108,2.970162,1.980108,1.980108,1.980108,1.980108,1.980108,1.980108,1.980108,1.980108,1.980108,1.980108,1.980108,1.980108,1.980108,1.980108,1.980108,2.970162,1.980108,1.980108,1.980108,1.980108,1.980108,1.980108,1.980108,1.980108,1.980108,1.980108,1.980108,1.980108,1.980108,1.980108,1.980108,2.970162,1.980108,1.980108,1.980108,1.980108,1.980108,1.980108,1.980108,1.980108,1.980108,1.980108,1.980108,1.980108,1.980108,1.980108,1.980108,2.970162,1.980108,1.980108,1.980108,1.980108,1.980108,1.980108,1.980108,1.980108,1.980108,1.980108,1.980108,1.980108,1.980108,1.980108,1.980108,2.970162,1.980108,1.980108,1.980108,1.980108,1.980108,1.980108,1.980108,1.980108,1.980108,1.980108,1.980108,1.980108,1.980108,1.980108,1.980108,2.970162,1.980108,1.980108,1.980108,1.980108,1.980108,1.980108,1.980108,1.980108,1.980108,1.980108,1.980108,1.980108,1.980108,2.970162,2.970162,-30.335145,2.970162,2.970162,2.970162,2.970162,2.970162,2.970162,2.970162,2.970162,2.970162,2.970162,2.970162,2.970162,2.970162,1.980108,1.980108,2.970162,1.980108,1.980108,1.980108,1.980108,1.980108,1.980108,1.980108,1.980108,1.980108,1.980108,1.980108,1.980108,1.980108,1.980108,1.980108,2.970162,1.980108,1.980108,1.980108,1.980108,1.980108,1.980108,1.980108,1.980108,1.980108,1.980108,1.980108,1.980108,1.980108,1.980108,1.980108,2.970162,1.980108,1.980108,1.980108,1.980108,1.980108,1.980108,1.980108,1.980108,1.980108,1.980108,1.980108,1.980108,1.980108,1.980108,1.980108,2.970162,1.980108,1.980108,1.980108,1.980108,1.980108,1.980108,1.980108,1.980108,1.980108,1.980108,1.980108,1.980108,1.980108,1.980108,1.980108,2.970162,1.980108,1.980108,1.980108,1.980108,1.980108,1.980108,1.980108,1.980108,1.980108,1.980108,1.980108,1.980108,1.980108,1.980108,1.980108,2.970162,1.980108,1.980108,1.980108,1.980108,1.980108,1.980108,1.980108,1.980108,1.980108,1.980108,1.980108,1.980108,1.980108,1.980108,1.980108,2.970162,1.980108,1.980108,1.980108,1.980108,1.980108,1.980108,1.980108,1.980108,1.980108,1.980108,1.980108,1.980108,1.980108,1.980108,1.980108,2.970162,1.980108,1.980108,1.980108,1.980108,1.980108,1.980108,1.980108,1.980108,1.980108,1.980108,1.980108,1.980108,1.980108,1.980108,1.980108,2.970162,1.980108,1.980108,1.980108,1.980108,1.980108,1.980108,1.980108,1.980108,1.980108,1.980108,1.980108,1.980108,1.980108
1.980108,1.980108,1.980108,2.970162,1.980108,1.980108,1.980108,1.980108,1.980108,1.980108,1.980108,1.980108,1.980108,1.980108,1.980108,1.980108,1.980108,1.980108,1.980108,2.970162,1.980108,1.980108,1.980108,1.980108,1.980108,1.980108,1.980108,1.980108,1.980108,1.980108,1.980108,1.980108,1.980108,1.980108,1.980108,2.970162,1.980108,1.980108,1.980108,1.980108,1.980108,1.980108,1.980108,1.980108,1.980108,1.980108,1.980108,1.980108,1.980108,1.980108,1.980108,2.970162,1.980108,1.980108,1.980108,1.980108,1.980108,1.980108,1.980108,1.980108,1.980108,1.980108,1.980108,1.980108,1.980108,1.980108,1.980108,2.970162,1.980108,1.980108,1.980108,1.980108,1.980108,1.980108,1.980108,1.980108,1.980108,1.980108,1.980108,1.980108,1.980108,1.980108,1.980108,2.970162,1.980108,1.980108,1.980108,1.980108,1.980108,1.980108,1.980108,1.980108,1.980108,1.980108,1.980108,1.980108,1.980108,1.980108,1.980108,2.970162,1.980108,1.980108,1.980108,1.980108,1.980108,1.980108,1.980108,1.980108,1.980108,1.980108,1.980108,1.980108,1.980108,1.980108,1.980108,2.970162,1.980108,1.980108,1.980108,1.980108,1.980108,1.980108,1.980108,1.980108,1.980108,1.980108,1.980108,1.980108,1.980108,1.980108,1.980108,2.970162,1.980108,1.980108,1.980108,1.980108,1.980108,1.980108,1.980108,1.980108,1.980108,1.980108,1.980108,1.980108,1.980108,1.980108,1.980108,2.970162,1.980108,1.980108,1.980108,1.980108,1.980108,1.980108,1.980108,1.980108,1.980108,1.980108,1.980108,1.980108,2.970162,2.970162,2.970162,-30.237390,2.970162,2.970162,2.970162,2.970162,2.970162,2.970162,2.970162,2.970162,2.970162,2.970162,2.970162,2.970162,1.980108,1.980108,1.980108,2.970162,1.980108,1.980108,1.980108,1.980108,1.980108,1.980108,1.980108,1.980108,1.980108,1.980108,1.980108,1.980108,1.980108,1.980108,1.980108,2.970162,1.980108,1.980108,1.980108,1.980108,1.980108,1.980108,1.980108,1.980108,1.980108,1.980108,1.980108,1.980108,1.980108,1.980108,1.980108,2.970162,1.980108,1.980108,1.980108,1.980108,1.980108,1.980108,1.980108,1.980108,1.980108,1.980108,1.980108,1.980108,1.980108,1.980108,1.980108,2.970162,1.980108,1.980108,1.980108,1.980108,1.980108,1.980108,1.980108,1.980108,1.980108,1.980108,1.980108,1.980108,1.980108,1.980108,1.980108,2.970162,1.980108,1.980108,1.980108,1.980108,1.980108,1.980108,1.980108,1.980108,1.980108,1.980108,1.980108,1.980108,1.980108,1.980108,1.980108,2.970162,1.980108,1.980108,1.980108,1.980108,1.980108,1.980108,1.980108,1.980108,1.980108,1.980108,1.980108,1.980108,1.980108,1.980108,1.980108,2.970162,1.980108,1.980108,1.980108,1.980108,1.980108,1.980108,1.980108,1.980108,1.980108,1.980108,1.980108,1.980108,1.980108,1.980108,1.980108,2.970162,1.980108,1.980108,1.980108,1.980108,1.980108,1.980108,1.980108,1.980108,1.980108,1.980108,1.980108,1.980108,1.980108,1.980108,1.980108,2.970162,1.980108,1.980108,1.980108,1.980108,1.980108,1.980108,1.980108,1.980108,1.980108,1.980108,1.980108,1.980108
1.980108,1.980108,1.980108,1.980108,2.970162,1.980108,1.980108,1.980108,1.980108,1.980108,1.980108,1.980108,1.980108,1.980108,1.980108,1.980108,1.980108,1.980108,1.980108,1.980108,2.970162,1.980108,1.980108,1.980108,1.980108,1.980108,1.980108,1.980108,1.980108,1.980108,1.980108,1.980108,1.980108,1.980108,1.980108,1.980108,2.970162,1.980108,1.980108,1.980108,1.980108,1.980108,1.980108,1.980108,1.980108,1.980108,1.980108,1.980108,1.980108,1.980108,1.980108,1.980108,2.970162,1.980108,1.980108,1.980108,1.980108,1.980108,1.980108,1.980108,1.980108,1.980108,1.980108,1.980108,1.980108,1.980108,1.980108,1.980108,2.970162,1.980108,1.980108,1.980108,1.980108,1.980108,1.980108,1.980108,1.980108,1.980108,1.980108,1.980108,1.980108,1.980108,1.980108,1.980108,2.970162,1.980108,1.980108,1.980108,1.980108,1.980108,1.980108,1.980108,1.980108,1.980108,1.980108,1.980108,1.980108,1.980108,1.980108,1.980108,2.970162,1.980108,1.980108,1.980108,1.980108,1.980108,1.980108,1.980108,1.980108,1.980108,1.980108,1.980108,1.980108,1.980108,1.980108,1.980108,2.970162,1.980108,1.980108,1.980108,1.980108,1.980108,1.980108,1.980108,1.980108,1.980108,1.980108,1.980108,1.980108,1.980108,1.980108,1.980108,2.970162,1.980108,1.980108,1.980108,1.980108,1.980108,1.980108,1.980108,1.980108,1.980108,1.980108,1.980108,1.980108,1.980108,1.980108,1.980108,2.970162,1.980108,1.980108,1.980108,1.980108,1.980108,1.980108,1.980108,1.980108,1.980108,1.980108,1.980108,2.970162,2.970162,2.970162,2.970162,-29.791905,2.970162,2.970162,2.970162,2.970162,2.970162,2.970162,2.970162,2.970162,2.970162,2.970162,2.970162,1.980108,1.980108,1.980108,1.980108,2.970162,1.980108,1.980108,1.980108,1.980108,1.980108,1.980108,1.980108,1.980108,1.980108,1.980108,1.980108,1.980108,1.980108,1.980108,1.980108,2.970162,1.980108,1.980108,1.980108,1.980108,1.980108,1.980108,1.980108,1.980108,1.980108,1.980108,1.980108,1.980108,1.980108,1.980108,1.980108,2.970162,1.980108,1.980108,1.980108,1.980108,1.980108,1.980108,1.980108,1.980108,1.980108,1.980108,1.980108,1.980108,1.980108,1.980108,1.980108,2.970162,1.980108,1.980108,1.980108,1.980108,1.980108,1.980108,1.980108,1.980108,1.980108,1.980108,1.980108,1.980108,1.980108,1.980108,1.980108,2.970162,1.980108,1.980108,1.980108,1.980108,1.980108,1.980108,1.980108,1.980108,1.980108,1.980108,1.980108,1.980108,1.980108,1.980108,1.980108,2.970162,1.980108,1.980108,1.980108,1.980108,1.980108,1.980108,1.980108,1.980108,1.980108,1.980108,1.980108,1.980108,1.980108,1.980108,1.980108,2.970162,1.980108,1.980108,1.980108,1.980108,1.980108,1.980108,1.980108,1.980108,1.980108,1.980108,1.980108,1.980108,1.980108,1.980108,1.980108,2.970162,1.980108,1.980108,1.980108,1.980108,1.980108,1.980108,1.980108,1.980108,1.980108,1.980108,1.980108,1.980108,1.980108,1.980108,1.980108,2.970162,1.980108,1.980108,1.980108,1.980108,1.980108,1.980108,1.980108,1.980108,1.980108,1.980108,1.980108
1.980108,1.980108,1.980108,1.980108,1.980108,2.970162,1.980108,1.980108,1.980108,1.980108,1.980108,1.980108,1.980108,1.980108,1.980108,1.980108,1.980108,1.980108,1.980108,1.980108,1.980108,2.970162,1.980108,1.980108,1.980108,1.980108,1.980108,1.980108,1.980108,1.980108,1.980108,1.980108,1.980108,1.980108,1.980108,1.980108,1.980108,2.970162,1.980108,1.980108,1.980108,1.980108,1.980108,1.980108,1.980108,1.980108,1.980108,1.980108,1.980108,1.980108,1.980108,1.980108,1.980108,2.970162,1.980108,1.980108,1.980108,1.980108,1.980108,1.980108,1.980108,1.980108,1.980108,1.980108,1.980108,1.980108,1.980108,1.980108,1.980108,2.970162,1.980108,1.980108,1.980108,1.980108,1.980108,1.980108,1.980108,1.980108,1.980108,1.980108,1.980108,1.980108,1.980108,1.980108,1.980108,2.970162,1.980108,1.980108,1.980108,1.980108,1.980108,1.980108,1.980108,1.980108,1.980108,1.980108,1.980108,1.980108,1.980108,1.980108,1.980108,2.970162,1.980108,1.980108,1.980108,1.980108,1.980108,1.980108,1.980108,1.980108,1.980108,1.980108,1.980108,1.980108,1.980108,1.980108,1.980108,2.970162,1.980108,1.980108,1.980108,1.980108,1.980108,1.980108,1.980108,1.980108,1.980108,1.980108,1.980108,1.980108,1.980108,1.980108,1.980108,2.970162,1.980108,1.980108,1.980108,1.980108,1.980108,1.980108,1.980108,1.980108,1.980108,1.980108,1.980108,1.980108,1.980108,1.980108,1.980108,2.970162,1.980108,1.980108,1.980108,1.980108,1.980108,1.980108,1.980108,1.980108,1.980108,1.980108,2.970162,2.970162,2.970162,2.970162,2.970162,-30.536918,2.970162,2.970162,2.970162,2.970162,2.970162,2.970162,2.970162,2.970162,2.970162,2.970162,1.980108,1.980108,1.980108,1.980108,1.980108,2.970162,1.980108,1.980108,1.980108,1.980108,1.980108,1.980108,1.980108,1.980108,1.980108,1.980108,1.980108,1.980108,1.980108,1.980108,1.980108,2.970162,1.980108,1.980108,1.980108,1.980108,1.980108,1.980108,1.980108,1.980108,1.980108,1.980108,1.980108,1.980108,1.980108,1.980108,1.980108,2.970162,1.980108,1.980108,1.980108,1.980108,1.980108,1.980108,1.980108,1.980108,1.980108,1.980108,1.980108,1.980108,1.980108,1.980108,1.980108,2.970162,1.980108,1.980108,1.980108,1.980108,1.980108,1.980108,1.980108,1.980108,1.980108,1.980108,1.980108,1.980108,1.980108,1.980108,1.980108,2.970162,1.980108,1.980108,1.980108,1.980108,1.980108,1.980108,1.980108,1.980108,1.980108,1.980108,1.980108,1.980108,1.980108,1.980108,1.980108,2.970162,1.980108,1.980108,1.980108,1.980108,1.980108,1.980108,1.980108,1.980108,1.980108,1.980108,1.980108,1.980108,1.980108,1.980108,1.980108,2.970162,1.980108,1.980108,1.980108,1.980108,1.980108,1.980108,1.980108,1.980108,1.980108,1.980108,1.980108,1.980108,1.980108,1.980108,1.980108,2.970162,1.980108,1.980108,1.980108,1.980108,1.980108,1.980108,1.980108,1.980108,1.980108,1.980108,1.980108,1.980108,1.980108,1.980108,1.980108,2.970162,1.980108,1.980108,1.980108,1.980108,1.980108,1.980108,1.980108,1.980108,1.980108,1.980108
1.980108,1.980108,1.980108,1.980108,1.980108,1.980108,2.970162,1.980108,1.980108,1.980108,1.980108,1.980108,1.980108,1.980108,1.980108,1.980108,1.980108,1.980108,1.980108,1.980108,1.980108,1.980108,2.970162,1.980108,1.980108,1.980108,1.980108,1.980108,1.980108,1.980108,1.980108,1.980108,1.980108,1.980108,1.980108,1.980108,1.980108,1.980108,2.970162,1.980108,1.980108,1.980108,1.980108,1.980108,1.980108,1.980108,1.980108,1.980108,1.980108,1.980108,1.980108,1.980108,1.980108,1.980108,2.970162,1.980108,1.980108,1.980108,1.980108,1.980108,1.980108,1.980108,1.980108,1.980108,1.980108,1.980108,1.980108,1.980108,1.980108,1.980108,2.970162,1.980108,1.980108,1.980108,1.980108,1.980108,1.980108,1.980108,1.980108,1.980108,1.980108,1.980108,1.980108,1.980108,1.980108,1.980108,2.970162,1.980108,1.980108,1.980108,1.980108,1.980108,1.980108,1.980108,1.980108,1.980108,1.980108,1.980108,1.980108,1.980108,1.980108,1.980108,2.970162,1.980108,1.980108,1.980108,1.980108,1.980108,1.980108,1.980108,1.980108,1.980108,1.980108,1.980108,1.980108,1.980108,1.980108,1.980108,2.970162,1.980108,1.980108,1.980108,1.980108,1.980108,1.980108,1.980108,1.980108,1.980108,1.980108,1.980108,1.980108,1.980108,1.980108,1.980108,2.970162,1.980108,1.980108,1.980108,1.980108,1.980108,1.980108,1.980108,1.980108,1.980108,1.980108,1.980108,1.980108,1.980108,1.980108,1.980108,2.970162,1.980108,1.980108,1.980108,1.980108,1.980108,1.980108,1.980108,1.980108,1.980108,2.970162,2.970162,2.970162,2.970162,2.970162,2.970162,-30.022396,2.970162,2.970162,2.970162,2.970162,2.970162,2.970162,2.970162,2.970162,2.970162,1.980108,1.980108,1.980108,1.980108,1.980108,1.980108,2.970162,1.980108,1.980108,1.980108,1.980108,1.980108,1.980108,1.980108,1.980108,1.980108,1.980108,1.980108,1.980108,1.980108,1.980108,1.980108,2.970162,1.980108,1.980108,1.980108,1.980108,1.980108,1.980108,1.980108,1.980108,1.980108,1.980108,1.980108,1.980108,1.980108,1.980108,1.980108,2.970162,1.980108,1.980108,1.980108,1.980108,1.980108,1.980108,1.980108,1.980108,1.980108,1.980108,1.980108,1.980108,1.980108,1.980108,1.980108,2.970162,1.980108,1.980108,1.980108,1.980108,1.980108,1.980108,1.980108,1.980108,1.980108,1.980108,1.980108,1.980108,1.980108,1.980108,1.980108,2.970162,1.980108,1.980108,1.980108,1.980108,1.980108,1.980108,1.980108,1.980108,1.980108,1.980108,1.980108,1.980108,1.980108,1.980108,1.980108,2.970162,1.980108,1.980108,1.980108,1.980108,1.980108,1.980108,1.980108,1.980108,1.980108,1.980108,1.980108,1.980108,1.980108,1.980108,1.980108,2.970162,1.980108,1.980108,1.980108,1.980108,1.980108,1.980108,1.980108,1.980108,1.980108,1.980108,1.980108,1.980108,1.980108,1.980108,1.980108,2.970162,1.980108,1.980108,1.980108,1.980108,1.980108,1.980108,1.980108,1.980108,1.980108,1.980108,1.980108,1.980108,1.980108,1.980108,1.980108,2.970162,1.980108,1.980108,1.980108,1.980108,1.980108,1.980108,1.980108,1.980108,1.980108
1.980108,1.980108,1.980108,1.980108,1.980108,1.980108,1.980108,2.970162,1.980108,1.980108,1.980108,1.980108,1.980108,1.980108,1.980108,1.980108,1.980108,1.980108,1.980108,1.980108,1.980108,1.980108,1.980108,2.970162,1.980108,1.980108,1.980108,1.980108,1.980108,1.980108,1.980108,1.980108,1.980108,1.980108,1.980108,1.980108,1.980108,1.980108,1.980108,2.970162,1.980108,1.980108,1.980108,1.980108,1.980108,1.980108,1.980108,1.980108,1.980108,1.980108,1.980108,1.980108,1.980108,1.980108,1.980108,2.970162,1.980108,1.980108,1.980108,1.980108,1.980108,1.980108,1.980108,1.980108,1.980108,1.980108,1.980108,1.980108,1.980108,1.980108,1.980108,2.970162,1.980108,1.980108,1.980108,1.980108,1.980108,1.980108,1.980108,1.980108,1.980108,1.980108,1.980108,1.980108,1.980108,1.980108,1.980108,2.970162,1.980108,1.980108,1.980108,1.980108,1.980108,1.980108,1.980108,1.980108,1.980108,1.980108,1.980108,1.980108,1.980108,1.980108,1.980108,2.970162,1.980108,1.980108,1.980108,1.980108,1.980108,1.980108,1.980108,1.980108,1.980108,1.980108,1.980108,1.980108,1.980108,1.980108,1.980108,2.970162,1.980108,1.980108,1.980108,1.980108,1.980108,1.980108,1.980108,1.980108,1.980108,1.980108,1.980108,1.980108,1.980108,1.980108,1.980108,2.970162,1.980108,1.980108,1.980108,1.980108,1.980108,1.980108,1.980108,1.980108,1.980108,1.980108,1.980108,1.980108,1.980108,1.980108,1.980108,2.970162,1.980108,1.980108,1.980108,1.980108,1.980108,1.980108,1.980108,1.980108,2.970162,2.970162,2.970162,2.970162,2.970162,2.970162,2.970162,-29.888134,2.970162,2.970162,2.970162,2.970162,2.970162,2.970162,2.970162,2.970162,1.980108,1.980108,1.980108,1.980108,1.980108,1.980108,1.980108,2.970162,1.980108,1.980108,1.980108,1.980108,1.980108,1.980108,1.980108,1.980108,1.980108,1.980108,1.980108,1.980108,1.980108,1.980108,1.980108,2.970162,1.980108,1.980108,1.980108,1.980108,1.980108,1.980108,1.980108,1.980108,1.980108,1.980108,1.980108,1.980108,1.980108,1.980108,1.980108,2.970162,1.980108,1.980108,1.980108,1.980108,1.980108,1.980108,1.980108,1.980108,1.980108,1.980108,1.980108,1.980108,1.980108,1.980108,1.980108,2.970162,1.980108,1.980108,1.980108,1.980108,1.980108,1.980108,1.980108,1.980108,1.980108,1.980108,1.980108,1.980108,1.980108,1.980108,1.980108,2.970162,1.980108,1.980108,1.980108,1.980108,1.980108,1.980108,1.980108,1.980108,1.980108,1.980108,1.980108,1.980108,1.980108,1.980108,1.980108,2.970162,1.980108,1.980108,1.980108,1.980108,1.980108,1.980108,1.980108,1.980108,1.980108,1.980108,1.980108,1.980108,1.980108,1.980108,1.980108,2.970162,1.980108,1.980108,1.980108,1.980108,1.980108,1.980108,1.980108,1.980108,1.980108,1.980108,1.980108,1.980108,1.980108,1.980108,1.980108,2.970162,1.980108,1.980108,1.980108,1.980108,1.980108,1.980108,1.980108,1.980108,1.980108,1.980108,1.980108,1.980108,1.980108,1.980108,1.980108,2.970162,1.980108,1.980108,1.980108,1.980108,1.980108,1.980108,1.980108,1.980108
1.980108,1.980108,1.980108,1.980108,1.980108,1.980108,1.980108,1.980108,2.970162,1.980108,1.980108,1.980108,1.980108,1.980108,1.980108,1.980108,1.980108,1.980108,1.980108,1.980108,1.980108,1.980108,1.980108,1.980108,2.970162,1.980108,1.980108,1.980108,1.980108,1.980108,1.980108,1.980108,1.980108,1.980108,1.980108,1.980108,1.980108,1.980108,1.980108,1.980108,2.970162,1.980108,1.980108,1.980108,1.980108,1.980108,1.980108,1.980108,1.980108,1.980108,1.980108,1.980108,1.980108,1.980108,1.980108,1.980108,2.970162,1.980108,1.980108,1.980108,1.980108,1.980108,1.980108,1.980108,1.980108,1.980108,1.980108,1.980108,1.980108,1.980108,1.980108,1.980108,2.970162,1.980108,1.980108,1.980108,1.980108,1.980108,1.980108,1.980108,1.980108,1.980108,1.980108,1.980108,1.980108,1.980108,1.980108,1.980108,2.970162,1.980108,1.980108,1.980108,1.980108,1.980108,1.980108,1.980108,1.980108,1.980108,1.980108,1.980108,1.980108,1.980108,1.980108,1.980108,2.970162,1.980108,1.980108,1.980108,1.980108,1.980108,1.980108,1.980108,1.980108,1.980108,1.980108,1.980108,1.980108,1.980108,1.980108,1.980108,2.970162,1.980108,1.980108,1.980108,1.980108,1.980108,1.980108,1.980108,1.980108,1.980108,1.980108,1.980108,1.980108,1.980108,1.980108,1.980108,2.970162,1.980108,1.980108,1.980108,1.980108,1.980108,1.980108,1.980108,1.980108,1.980108,1.980108,1.980108,1.980108,1.980108,1.980108,1.980108,2.970162,1.980108,1.980108,1.980108,1.980108,1.980108,1.980108,1.980108,2.970162,2.970162,2.970162,2.970162,2.970162,2.970162,2.970162,2.970162,-29.742391,2.970162,2.970162,2.970162,2.970162,2.970162,2.970162,2.970162,1.980108,1.980108,1.980108,1.980108,1.980108,1.980108,1.980108,1.980108,2.970162,1.980108,1.980108,1.980108,1.980108,1.980108,1.980108,1.980108,1.980108,1.980108,1.980108,1.980108,1.980108,1.980108,1.980108,1.980108,2.970162,1.980108,1.980108,1.980108,1.980108,1.980108,1.980108,1.980108,1.980108,1.980108,1.980108,1.980108,1.980108,1.980108,1.980108,1.980108,2.970162,1.980108,1.980108,1.980108,1.980108,1.980108,1.980108,1.980108,1.980108,1.980108,1.980108,1.980108,1.980108,1.980108,1.980108,1.980108,2.970162,1.980108,1.980108,1.980108,1.980108,1.980108,1.980108,1.980108,1.980108,1.980108,1.980108,1.980108,1.980108,1.980108,1.980108,1.980108,2.970162,1.980108,1.980108,1.980108,1.980108,1.980108,1.980108,1.980108,1.980108,1.980108,1.980108,1.980108,1.980108,1.980108,1.980108,1.980108,2.970162,1.980108,1.980108,1.980108,1.980108,1.980108,1.980108,1.980108,1.980108,1.980108,1.980108,1.980108,1.980108,1.980108,1.980108,1.980108,2.970162,1.980108,1.980108,1.980108,1.980108,1.980108,1.980108,1.980108,1.980108,1.980108,1.980108,1.980108,1.980108,1.980108,1.980108,1.980108,2.970162,1.980108,1.980108,1.980108,1.980108,1.980108,1.980108,1.980108,1.980108,1.980108,1.980108,1.980108,1.980108,1.980108,1.980108,1.980108,2.970162,1.980108,1.980108,1.980108,1.980108,1.980108,1.980108,1.980108
1.980108,1.980108,1.980108,1.980108,1.980108,1.980108,1.980108,1.980108,1.980108,2.970162,1.980108,1.980108,1.980108,1.980108,1.980108,1.980108,1.980108,1.980108,1.980108,1.980108,1.980108,1.980108,1.980108,1.980108,1.980108,2.970162,1.980108,1.980108,1.980108,1.980108,1.980108,1.980108,1.980108,1.980108,1.980108,1.980108,1.980108,1.980108,1.980108,1.980108,1.980108,2.970162,1.980108,1.980108,1.980108,1.980108,1.980108,1.980108,1.980108,1.980108,1.980108,1.980108,1.980108,1.980108,1.980108,1.980108,1.980108,2.970162,1.980108,1.980108,1.980108,1.980108,1.980108,1.980108,1.980108,1.980108,1.980108,1.980108,1.980108,1.980108,1.980108,1.980108,1.980108,2.970162,1.980108,1.980108,1.980108,1.980108,1.980108,1.980108,1.980108,1.980108,1.980108,1.980108,1.980108,1.980108,1.980108,1.980108,1.980108,2.970162,1.980108,1.980108,1.980108,1.980108,1.980108,1.980108,1.980108,1.980108,1.980108,1.980108,1.980108,1.980108,1.980108,1.980108,1.980108,2.970162,1.980108,1.980108,1.980108,1.980108,1.980108,1.980108,1.980108,1.980108,1.980108,1.980108,1.980108,1.980108,1.980108,1.980108,1.980108,2.970162,1.980108,1.980108,1.980108,1.980108,1.980108,1.980108,1.980108,1.980108,1.980108,1.980108,1.980108,1.980108,1.980108,1.980108,1.980108,2.970162,1.980108,1.980108,1.980108,1.980108,1.980108,1.980108,1.980108,1.980108,1.980108,1.980108,1.980108,1.980108,1.980108,1.980108,1.980108,2.970162,1.980108,1.980108,1.980108,1.980108,1.980108,1.980108,2.970162,2.970162,2.970162,2.970162,2.970162,2.970162,2.970162,2.970162,2.970162,-30.292508,2.970162,2.970162,2.970162,2.970162,2.970162,2.970162,1.980108,1.980108,1.980108,1.980108,1.980108,1.980108,1.980108,1.980108,1.980108,2.970162,1.980108,1.980108,1.980108,1.980108,1.980108,1.980108,1.980108,1.980108,1.980108,1.980108,1.980108,1.980108,1.980108,1.980108,1.980108,2.970162,1.980108,1.980108,1.980108,1.980108,1.980108,1.980108,1.980108,1.980108,1.980108,1.980108,1.980108,1.980108,1.980108,1.980108,1.980108,2.970162,1.980108,1.980108,1.980108,1.980108,1.980108,1.980108,1.980108,1.980108,1.980108,1.980108,1.980108,1.980108,1.980108,1.980108,1.980108,2.970162,1.980108,1.980108,1.980108,1.980108,1.980108,1.980108,1.980108,1.980108,1.980108,1.980108,1.980108,1.980108,1.980108,1.980108,1.980108,2.970162,1.980108,1.980108,1.980108,1.980108,1.980108,1.980108,1.980108,1.980108,1.980108,1.980108,1.980108,1.980108,1.980108,1.980108,1.980108,2.970162,1.980108,1.980108,1.980108,1.980108,1.980108,1.980108,1.980108,1.980108,1.980108,1.980108,1.980108,1.980108,1.980108,1.980108,1.980108,2.970162,1.980108,1.980108,1.980108,1.980108,1.980108,1.980108,1.980108,1.980108,1.980108,1.980108,1.980108,1.980108,1.980108,1.980108,1.980108,2.970162,1.980108,1.980108,1.980108,1.980108,1.980108,1.980108,1.980108,1.980108,1.980108,1.980108,1.980108,1.980108,1.980108,1.980108,1.980108,2.970162,1.980108,1.980108,1.980108,1.980108,1.980108,1.980108
1.980108,1.980108,1.980108,1.980108,1.980108,1.980108,1.980108,1.980108,1.980108,1.980108,2.970162,1.980108,1.980108,1.980108,1.980108,1.980108,1.980108,1.980108,1.980108,1.980108,1.980108,1.980108,1.980108,1.980108,1.980108,1.980108,2.970162,1.980108,1.980108,1.980108,1.980108,1.980108,1.980108,1.980108,1.980108,1.980108,1.980108,1.980108,1.980108,1.980108,1.980108,1.980108,2.970162,1.980108,1.980108,1.980108,1.980108,1.980108,1.980108,1.980108,1.980108,1.980108,1.980108,1.980108,1.980108,1.980108,1.980108,1.980108,2.970162,1.980108,1.980108,1.980108,1.980108,1.980108,1.980108,1.980108,1.980108,1.980108,1.980108,1.980108,1.980108,1.980108,1.980108,1.980108,2.970162,1.980108,1.980108,1.980108,1.980108,1.980108,1.980108,1.980108,1.980108,1.980108,1.980108,1.980108,1.980108,1.980108,1.980108,1.980108,2.970162,1.980108,1.980108,1.980108,1.980108,1.980108,1.980108,1.980108,1.980108,1.980108,1.980108,1.980108,1.980108,1.980108,1.980108,1.980108,2.970162,1.980108,1.980108,1.980108,1.980108,1.980108,1.980108,1.980108,1.980108,1.980108,1.980108,1.980108,1.980108,1.980108,1.980108,1.980108,2.970162,1.980108,1.980108,1.980108,1.980108,1.980108,1.980108,1.980108,1.980108,1.980108,1.980108,1.980108,1.980108,1.980108,1.980108,1.980108,2.970162,1.980108,1.980108,1.980108,1.980108,1.980108,1.980108,1.980108,1.980108,1.980108,1.980108,1.980108,1.980108,1.980108,1.980108,1.980108,2.970162,1.980108,1.980108,1.980108,1.980108,1.980108,2.970162,2.970162,2.970162,2.970162,2.970162,2.970162,2.970162,2.970162,2.970162,2.970162,-30.379180,2.970162,2.970162,2.970162,2.970162,2.970162,1.980108,1.980108,1.980108,1.980108,1.980108,1.980108,1.980108,1.980108,1.980108,1.980108,2.970162,1.980108,1.980108,1.980108,1.980108,1.980108,1.980108,1.980108,1.980108,1.980108,1.980108,1.980108,1.980108,1.980108,1.980108,1.980108,2.970162,1.980108,1.980108,1.980108,1.980108,1.980108,1.980108,1.980108,1.980108,1.980108,1.980108,1.980108,1.980108,1.980108,1.980108,1.980108,2.970162,1.980108,1.980108,1.980108,1.980108,1.980108,1.980108,1.980108,1.980108,1.980108,1.980108,1.980108,1.980108,1.980108,1.980108,1.980108,2.970162,1.980108,1.980108,1.980108,1.980108,1.980108,1.980108,1.980108,1.980108,1.980108,1.980108,1.980108,1.980108,1.980108,1.980108,1.980108,2.970162,1.980108,1.980108,1.980108,1.980108,1.980108,1.980108,1.980108,1.980108,1.980108,1.980108,1.980108,1.980108,1.980108,1.980108,1.980108,2.970162,1.980108,1.980108,1.980108,1.980108,1.980108,1.980108,1.980108,1.980108,1.980108,1.980108,1.980108,1.980108,1.980108,1.980108,1.980108,2.970162,1.980108,1.980108,1.980108,1.980108,1.980108,1.980108,1.980108,1.980108,1.980108,1.980108,1.980108,1.980108,1.980108,1.980108,1.980108,2.970162,1.980108,1.980108,1.980108,1.980108,1.980108,1.980108,1.980108,1.980108,1.980108,1.980108,1.980108,1.980108,1.980108,1.980108,1.980108,2.970162,1.980108,1.980108,1.980108,1.980108,1.980108
1.980108,1.980108,1.980108,1.980108,1.980108,1.980108,1.980108,1.980108,1.980108,1.980108,1.980108,2.970162,1.980108,1.980108,1.980108,1.980108,1.980108,1.980108,1.980108,1.980108,1.980108,1.980108,1.980108,1.980108,1.980108,1.980108,1.980108,2.970162,1.980108,1.980108,1.980108,1.980108,1.980108,1.980108,1.980108,1.980108,1.980108,1.980108,1.980108,1.980108,1.980108,1.980108,1.980108,2.970162,1.980108,1.980108,1.980108,1.980108,1.980108,1.980108,1.980108,1.980108,1.980108,1.980108,1.980108,1.980108,1.980108,1.980108,1.980108,2.970162,1.980108,1.980108,1.980108,1.980108,1.980108,1.980108,1.980108,1.980108,1.980108,1.980108,1.980108,1.980108,1.980108,1.980108,1.980108,2.970162,1.980108,1.980108,1.980108,1.980108,1.980108,1.980108,1.980108,1.980108,1.980108,1.980108,1.980108,1.980108,1.980108,1.980108,1.980108,2.970162,1.980108,1.980108,1.980108,1.980108,1.980108,1.980108,1.980108,1.980108,1.980108,1.980108,1.980108,1.980108,1.980108,1.980108,1.980108,2.970162,1.980108,1.980108,1.980108,1.980108,1.980108,1.980108,1.980108,1.980108,1.980108,1.980108,1.980108,1.980108,1.980108,1.980108,1.980108,2.970162,1.980108,1.980108,1.980108,1.980108,1.980108,1.980108,1.980108,1.980108,1.980108,1.980108,1.980108,1.980108,1.980108,1.980108,1.980108,2.970162,1.980108,1.980108,1.980108,1.980108,1.980108,1.980108,1.980108,1.980108,1.980108,1.980108,1.980108,1.980108,1.980108,1.980108,1.980108,2.970162,1.980108,1.980108,1.980108,1.980108,2.970162,2.970162,2.970162,2.970162,2.970162,2.970162,2.970162,2.970162,2.970162,2.970162,2.970162,-29.718203,2.970162,2.970162,2.970162,2.970162,1.980108,1.980108,1.980108,1.980108,1.980108,1.980108,1.980108,1.980108,1.980108,1.980108,1.980108,2.970162,1.980108,1.980108,1.980108,1.980108,1.980108,1.980108,1.980108,1.980108,1.980108,1.980108,1.980108,1.980108,1.980108,1.980108,1.980108,2.970162,1.980108,1.980108,1.980108,1.980108,1.980108,1.980108,1.980108,1.980108,1.980108,1.980108,1.980108,1.980108,1.980108,1.980108,1.980108,2.970162,1.980108,1.980108,1.980108,1.980108,1.980108,1.980108,1.980108,1.980108,1.980108,1.980108,1.980108,1.980108,1.980108,1.980108,1.980108,2.970162,1.980108,1.980108,1.980108,1.980108,1.980108,1.980108,1.980108,1.980108,1.980108,1.980108,1.980108,1.980108,1.980108,1.980108,1.980108,2.970162,1.980108,1.980108,1.980108,1.980108,1.980108,1.980108,1.980108,1.980108,1.980108,1.980108,1.980108,1.980108,1.980108,1.980108,1.980108,2.970162,1.980108,1.980108,1.980108,1.980108,1.980108,1.980108,1.980108,1.980108,1.980108,1.980108,1.980108,1.980108,1.980108,1.980108,1.980108,2.970162,1.980108,1.980108,1.980108,1.980108,1.980108,1.980108,1.980108,1.980108,1.980108,1.980108,1.980108,1.980108,1.980108,1.980108,1.980108,2.970162,1.980108,1.980108,1.980108,1.980108,1.980108,1.980108,1.980108,1.980108,1.980108,1.980108,1.980108,1.980108,1.980108,1.980108,1.980108,2.970162,1.980108,1.980108,1.980108,1.980108
1.980108,1.980108,1.980108,1.980108,1.980108,1.980108,1.980108,1.980108,1.980108,1.980108,1.980108,1.980108,2.970162,1.980108,1.980108,1.980108,1.980108,1.980108,1.980108,1.980108,1.980108,1.980108,1.980108,1.980108,1.980108,1.980108,1.980108,1.980108,2.970162,1.980108,1.980108,1.980108,1.980108,1.980108,1.980108,1.980108,1.980108,1.980108,1.980108,1.980108,1.980108,1.980108,1.980108,1.980108,2.970162,1.980108,1.980108,1.980108,1.980108,1.980108,1.980108,1.980108,1.980108,1.980108,1.980108,1.980108,1.980108,1.980108,1.980108,1.980108,2.970162,1.980108,1.980108,1.980108,1.980108,1.980108,1.980108,1.980108,1.980108,1.980108,1.980108,1.980108,1.980108,1.980108,1.980108,1.980108,2.970162,1.980108,1.980108,1.980108,1.980108,1.980108,1.980108,1.980108,1.980108,1.980108,1.980108,1.980108,1.980108,1.980108,1.980108,1.980108,2.970162,1.980108,1.980108,1.980108,1.980108,1.980108,1.980108,1.980108,1.980108,1.980108,1.980108,1.980108,1.980108,1.980108,1.980108,1.980108,2.970162,1.980108,1.980108,1.980108,1.980108,1.980108,1.980108,1.980108,1.980108,1.980108,1.980108,1.980108,1.980108,1.980108,1.980108,1.980108,2.970162,1.980108,1.980108,1.980108,1.980108,1.980108,1.980108,1.980108,1.980108,1.980108,1.980108,1.980108,1.980108,1.980108,1.980108,1.980108,2.970162,1.980108,1.980108,1.980108,1.980108,1.980108,1.980108,1.980108,1.980108,1.980108,1.980108,1.980108,1.980108,1.980108,1.980108,1.980108,2.970162,1.980108,1.980108,1.980108,2.970162,2.970162,2.970162,2.970162,2.970162,2.970162,2.970162,2.970162,2.970162,2.970162,2.970162,2.970162,-30.213709,2.970162,2.970162,2.970162,1.980108,1.980108,1.980108,1.980108,1.980108,1.980108,1.980108,1.980108,1.980108,1.980108,1.980108,1.980108,2.970162,1.980108,1.980108,1.980108,1.980108,1.980108,1.980108,1.980108,1.980108,1.980108,1.980108,1.980108,1.980108,1.980108,1.980108,1.980108,2.970162,1.980108,1.980108,1.980108,1.980108,1.980108,1.980108,1.980108,1.980108,1.980108,1.980108,1.980108,1.980108,1.980108,1.980108,1.980108,2.970162,1.980108,1.980108,1.980108,1.980108,1.980108,1.980108,1.980108,1.980108,1.980108,1.980108,1.980108,1.980108,1.980108,1.980108,1.980108,2.970162,1.980108,1.980108,1.980108,1.980108,1.980108,1.980108,1.980108,1.980108,1.980108,1.980108,1.980108,1.980108,1.980108,1.980108,1.980108,2.970162,1.980108,1.980108,1.980108,1.980108,1.980108,1.980108,1.980108,1.980108,1.980108,1.980108,1.980108,1.980108,1.980108,1.980108,1.980108,2.970162,1.980108,1.980108,1.980108,1.980108,1.980108,1.980108,1.980108,1.980108,1.980108,1.980108,1.980108,1.980108,1.980108,1.980108,1.980108,2.970162,1.980108,1.980108,1.980108,1.980108,1.980108,1.980108,1.980108,1.980108,1.980108,1.980108,1.980108,1.980108,1.980108,1.980108,1.980108,2.970162,1.980108,1.980108,1.980108,1.980108,1.980108,1.980108,1.980108,1.980108,1.980108,1.980108,1.980108,1.980108,1.980108,1.980108,1.980108,2.970162,1.980108,1.980108,1.980108
1.980108,1.980108,1.980108,1.980108,1.980108,1.980108,1.980108,1.980108,1.980108,1.980108,1.980108,1.980108,1.980108,2.970162,1.980108,1.980108,1.980108,1.980108,1.980108,1.980108,1.980108,1.980108,1.980108,1.980108,1.980108,1.980108,1.980108,1.980108,1.980108,2.970162,1.980108,1.980108,1.980108,1.980108,1.980108,1.980108,1.980108,1.980108,1.980108,1.980108,1.980108,1.980108,1.980108,1.980108,1.980108,2.970162,1.980108,1.980108,1.980108,1.980108,1.980108,1.980108,1.980108,1.980108,1.980108,1.980108,1.980108,1.980108,1.980108,1.980108,1.980108,2.970162,1.980108,1.980108,1.980108,1.980108,1.980108,1.980108,1.980108,1.980108,1.980108,1.980108,1.980108,1.980108,1.980108,1.980108,1.980108,2.970162,1.980108,1.980108,1.980108,1.980108,1.980108,1.980108,1.980108,1.980108,1.980108,1.980108,1.980108,1.980108,1.980108,1.980108,1.980108,2.970162,1.980108,1.980108,1.980108,1.980108,1.980108,1.980108,1.980108,1.980108,1.980108,1.980108,1.980108,1.980108,1.980108,1.980108,1.980108,2.970162,1.980108,1.980108,1.980108,1.980108,1.980108,1.980108,1.980108,1.980108,1.980108,1.980108,1.980108,1.980108,1.980108,1.980108,1.980108,2.970162,1.980108,1.980108,1.980108,1.980108,1.980108,1.980108,1.980108,1.980108,1.980108,1.980108,1.980108,1.980108,1.980108,1.980108,1.980108,2.970162,1.980108,1.980108,1.980108,1.980108,1.980108,1.980108,1.980108,1.980108,1.980108,1.980108,1.980108,1.980108,1.980108,1.980108,1.980108,2.970162,1.980108,1.980108,2.970162,2.970162,2.970162,2.970162,2.970162,2.970162,2.970162,2.970162,2.970162,2.970162,2.970162,2.970162,2.970162,-29.928111,2.970162,2.970162,1.980108,1.980108,1.980108,1.980108,1.980108,1.980108,1.980108,1.980108,1.980108,1.980108,1.980108,1.980108,1.980108,2.970162,1.980108,1.980108,1.980108,1.980108,1.980108,1.980108,1.980108,1.980108,1.980108,1.980108,1.980108,1.980108,1.980108,1.980108,1.980108,2.970162,1.980108,1.980108,1.980108,1.980108,1.980108,1.980108,1.980108,1.980108,1.980108,1.980108,1.980108,1.980108,1.980108,1.980108,1.980108,2.970162,1.980108,1.980108,1.980108,1.980108,1.980108,1.980108,1.980108,1.980108,1.980108,1.980108,1.980108,1.980108,1.980108,1.980108,1.980108,2.970162,1.980108,1.980108,1.980108,1.980108,1.980108,1.980108,1.980108,1.980108,1.980108,1.980108,1.980108,1.980108,1.980108,1.980108,1.980108,2.970162,1.980108,1.980108,1.980108,1.980108,1.980108,1.980108,1.980108,1.980108,1.980108,1.980108,1.980108,1.980108,1.980108,1.980108,1.980108,2.970162,1.980108,1.980108,1.980108,1.980108,1.980108,1.980108,1.980108,1.980108,1.980108,1.980108,1.980108,1.980108,1.980108,1.980108,1.980108,2.970162,1.980108,1.980108,1.980108,1.980108,1.980108,1.980108,1.980108,1.980108,1.980108,1.980108,1.980108,1.980108,1.980108,1.980108,1.980108,2.970162,1.980108,1.980108,1.980108,1.980108,1.980108,1.980108,1.980108,1.980108,1.980108,1.980108,1.980108,1.980108,1.980108,1.980108,1.980108,2.970162,1.980108,1.980108
1.980108,1.980108,1.980108,1.980108,1.980108,1.980108,1.980108,1.980108,1.980108,1.980108,1.980108,1.980108,1.980108,1.980108,2.970162,1.980108,1.980108,1.980108,1.980108,1.980108,1.980108,1.980108,1.980108,1.980108,1.980108,1.980108,1.980108,1.980108,1.980108,1.980108,2.970162,1.980108,1.980108,1.980108,1.980108,1.980108,1.980108,1.980108,1.980108,1.980108,1.980108,1.980108,1.980108,1.980108,1.980108,1.980108,2.970162,1.980108,1.980108,1.980108,1.980108,1.980108,1.980108,1.980108,1.980108,1.980108,1.980108,1.980108,1.980108,1.980108,1.980108,1.980108,2.970162,1.980108,1.980108,1.980108,1.980108,1.980108,1.980108,1.980108,1.980108,1.980108,1.980108,1.980108,1.980108,1.980108,1.980108,1.980108,2.970162,1.980108,1.980108,1.980108,1.980108,1.980108,1.980108,1.980108,1.980108,1.980108,1.980108,1.980108,1.980108,1.980108,1.980108,1.980108,2.970162,1.980108,1.980108,1.980108,1.980108,1.980108,1.980108,1.980108,1.980108,1.980108,1.980108,1.980108,1.980108,1.980108,1.980108,1.980108,2.970162,1.980108,1.980108,1.980108,1.980108,1.980108,1.980108,1.980108,1.980108,1.980108,1.980108,1.980108,1.980108,1.980108,1.980108,1.980108,2.970162,1.980108,1.980108,1.980108,1.980108,1.980108,1.980108,1.980108,1.980108,1.980108,1.980108,1.980108,1.980108,1.980108,1.980108,1.980108,2.970162,1.980108,1.980108,1.980108,1.980108,1.980108,1.980108,1.980108,1.980108,1.980108,1.980108,1.980108,1.980108,1.980108,1.980108,1.980108,2.970162,1.980108,2.970162,2.970162,2.970162,2.970162,2.970162,2.970162,2.970162,2.970162,2.970162,2.970162,2.970162,2.970162,2.970162,2.970162,-30.346788,2.970162,1.980108,1.980108,1.980108,1.980108,1.980108,1.980108,1.980108,1.980108,1.980108,1.980108,1.980108,1.980108,1.980108,1.980108,2.970162,1.980108,1.980108,1.980108,1.980108,1.980108,1.980108,1.980108,1.980108,1.980108,1.980108,1.980108,1.980108,1.980108,1.980108,1.980108,2.970162,1.980108,1.980108,1.980108,1.980108,1.980108,1.980108,1.980108,1.980108,1.980108,1.980108,1.980108,1.980108,1.980108,1.980108,1.980108,2.970162,1.980108,1.980108,1.980108,1.980108,1.980108,1.980108,1.980108,1.980108,1.980108,1.980108,1.980108,1.980108,1.980108,1.980108,1.980108,2.970162,1.980108,1.980108,1.980108,1.980108,1.980108,1.980108,1.980108,1.980108,1.980108,1.980108,1.980108,1.980108,1.980108,1.980108,1.980108,2.970162,1.980108,1.980108,1.980108,1.980108,1.980108,1.980108,1.980108,1.980108,1.980108,1.980108,1.980108,1.980108,1.980108,1.980108,1.980108,2.970162,1.980108,1.980108,1.980108,1.980108,1.980108,1.980108,1.980108,1.980108,1.980108,1.980108,1.980108,1.980108,1.980108,1.980108,1.980108,2.970162,1.980108,1.980108,1.980108,1.980108,1.980108,1.980108,1.980108,1.980108,1.980108,1.980108,1.980108,1.980108,1.980108,1.980108,1.980108,2.970162,1.980108,1.980108,1.980108,1.980108,1.980108,1.980108,1.980108,1.980108,1.980108,1.980108,1.980108,1.980108,1.980108,1.980108,1.980108,2.970162,1.980108
1.980108,1.980108,1.980108,1.980108,1.980108,1.980108,1.980108,1.980108,1.980108,1.980108,1.980108,1.980108,1.980108,1.980108,1.980108,2.970162,1.980108,1.980108,1.980108,1.980108,1.980108,1.980108,1.980108,1.980108,1.980108,1.980108,1.980108,1.980108,1.980108,1.980108,1.980108,2.970162,1.980108,1.980108,1.980108,1.980108,1.980108,1.980108,1.980108,1.980108,1.980108,1.980108,1.980108,1.980108,1.980108,1.980108,1.980108,2.970162,1.980108,1.980108,1.980108,1.980108,1.980108,1.980108,1.980108,1.980108,1.980108,1.980108,1.980108,1.980108,1.980108,1.980108,1.980108,2.970162,1.980108,1.980108,1.980108,1.980108,1.980108,1.980108,1.980108,1.980108,1.980108,1.980108,1.980108,1.980108,1.980108,1.980108,1.980108,2.970162,1.980108,1.980108,1.980108,1.980108,1.980108,1.980108,1.980108,1.980108,1.980108,1.980108,1.980108,1.980108,1.980108,1.980108,1.980108,2.970162,1.980108,1.980108,1.980108,1.980108,1.980108,1.980108,1.980108,1.980108,1.980108,1.980108,1.980108,1.980108,1.980108,1.980108,1.980108,2.970162,1.980108,1.980108,1.980108,1.980108,1.980108,1.980108,1.980108,1.980108,1.980108,1.980108,1.980108,1.980108,1.980108,1.980108,1.980108,2.970162,1.980108,1.980108,1.980108,1.980108,1.980108,1.980108,1.980108,1.980108,1.980108,1.980108,1.980108,1.980108,1.980108,1.980108,1.980108,2.970162,1.980108,1.980108,1.980108,1.980108,1.980108,1.980108,1.980108,1.980108,1.980108,1.980108,1.980108,1.980108,1.980108,1.980108,1.980108,2.970162,2.970162,2.970162,2.970162,2.970162,2.970162,2.970162,2.970162,2.970162,2.970162,2.970162,2.970162,2.970162,2.970162,2.970162,2.970162,-29.875982,1.980108,1.980108,1.980108,1.980108,1.980108,1.980108,1.980108,1.980108,1.980108,1.980108,1.980108,1.980108,1.980108,1.980108,1.980108,2.970162,1.980108,1.980108,1.980108,1.980108,1.980108,1.980108,1.980108,1.980108,1.980108,1.980108,1.980108,1.980108,1.980108,1.980108,1.980108,2.970162,1.980108,1.980108,1.980108,1.980108,1.980108,1.980108,1.980108,1.980108,1.980108,1.980108,1.980108,1.980108,1.980108,1.980108,1.980108,2.970162,1.980108,1.980108,1.980108,1.980108,1.980108,1.980108,1.980108,1.980108,1.980108,1.980108,1.980108,1.980108,1.980108,1.980108,1.980108,2.970162,1.980108,1.980108,1.980108,1.980108,1.980108,1.980108,1.980108,1.980108,1.980108,1.980108,1.980108,1.980108,1.980108,1.980108,1.980108,2.970162,1.980108,1.980108,1.980108,1.980108,1.980108,1.980108,1.980108,1.980108,1.980108,1.980108,1.980108,1.980108,1.980108,1.980108,1.980108,2.970162,1.980108,1.980108,1.980108,1.980108,1.980108,1.980108,1.980108,1.980108,1.980108,1.980108,1.980108,1.980108,1.980108,1.980108,1.980108,2.970162,1.980108,1.980108,1.980108,1.980108,1.980108,1.980108,1.980108,1.980108,1.980108,1.980108,1.980108,1.980108,1.980108,1.980108,1.980108,2.970162,1.980108,1.980108,1.980108,1.980108,1.980108,1.980108,1.980108,1.980108,1.980108,1.980108,1.980108,1.980108,1.980108,1.980108,1.980108,2.970162
2.970162,1.980108,1.980108,1.980108,1.980108,1.980108,1.980108,1.980108,1.980108,1.980108,1.980108,1.980108,1.980108,1.980108,1.980108,1.980108,2.970162,1.980108,1.980108,1.980108,1.980108,1.980108,1.980108,1.980108,1.980108,1.980108,1.980108,1.980108,1.980108,1.980108,1.980108,1.980108,2.970162,1.980108,1.980108,1.980108,1.980108,1.980108,1.980108,1.980108,1.980108,1.980108,1.980108,1.980108,1.980108,1.980108,1.980108,1.980108,2.970162,1.980108,1.980108,1.980108,1.980108,1.980108,1.980108,1.980108,1.980108,1.980108,1.980108,1.980108,1.980108,1.980108,1.980108,1.980108,2.970162,1.980108,1.980108,1.980108,1.980108,1.980108,1.980108,1.980108,1.980108,1.980108,1.980108,1.980108,1.980108,1.980108,1.980108,1.980108,2.970162,1.980108,1.980108,1.980108,1.980108,1.980108,1.980108,1.980108,1.980108,1.980108,1.980108,1.980108,1.980108,1.980108,1.980108,1.980108,2.970162,1.980108,1.980108,1.980108,1.980108,1.980108,1.980108,1.980108,1.980108,1.980108,1.980108,1.980108,1.980108,1.980108,1.980108,1.980108,2.970162,1.980108,1.980108,1.980108,1.980108,1.980108,1.980108,1.980108,1.980108,1.980108,1.980108,1.980108,1.980108,1.980108,1.980108,1.980108,2.970162,1.980108,1.980108,1.980108,1.980108,1.980108,1.980108,1.980108,1.980108,1.980108,1.980108,1.980108,1.980108,1.980108,1.980108,1.980108,2.970162,1.980108,1.980108,1.980108,1.980108,1.980108,1.980108,1.980108,1.980108,1.980108,1.980108,1.980108,1.980108,1.980108,1.980108,1.980108,2.970162,1.980108,1.980108,1.980108,1.980108,1.980108,1.980108,1.980108,1.980108,1.980108,1.980108,1.980108,1.980108,1.980108,1.980108,1.980108,-30.392553,2.970162,2.970162,2.970162,2.970162,2.970162,2.970162,2.970162,2.970162,2.970162,2.970162,2.970162,2.970162,2.970162,2.970162,2.970162,2.970162,1.980108,1.980108,1.980108,1.980108,1.980108,1.980108,1.980108,1.980108,1.980108,1.980108,1.980108,1.980108,1.980108,1.980108,1.980108,2.970162,1.980108,1.980108,1.980108,1.980108,1.980108,1.980108,1.980108,1.980108,1.980108,1.980108,1.980108,1.980108,1.980108,1.980108,1.980108,2.970162,1.980108,1.980108,1.980108,1.980108,1.980108,1.980108,1.980108,1.980108,1.980108,1.980108,1.980108,1.980108,1.980108,1.980108,1.980108,2.970162,1.980108,1.980108,1.980108,1.980108,1.980108,1.980108,1.980108,1.980108,1.980108,1.980108,1.980108,1.980108,1.980108,1.980108,1.980108,2.970162,1.980108,1.980108,1.980108,1.980108,1.980108,1.980108,1.980108,1.980108,1.980108,1.980108,1.980108,1.980108,1.980108,1.980108,1.980108,2.970162,1.980108,1.980108,1.980108,1.980108,1.980108,1.980108,1.980108,1.980108,1.980108,1.980108,1.980108,1.980108,1.980108,1.980108,1.980108,2.970162,1.980108,1.980108,1.980108,1.980108,1.980108,1.980108,1.980108,1.980108,1.980108,1.980108,1.980108,1.980108,1.980108,1.980108,1.980108,2.970162,1.980108,1.980108,1.980108,1.980108,1.980108,1.980108,1.980108,1.980108,1.980108,1.980108,1.980108,1.980108,1.980108,1.980108,1.980108
1.980108,2.970162,1.980108,1.980108,1.980108,1.980108,1.980108,1.980108,1.980108,1.980108,1.980108,1.980108,1.980108,1.980108,1.980108,1.980108,1.980108,2.970162,1.980108,1.980108,1.980108,1.980108,1.980108,1.980108,1.980108,1.980108,1.980108,1.980108,1.980108,1.980108,1.980108,1.980108,1.980108,2.970162,1.980108,1.980108,1.980108,1.980108,1.980108,1.980108,1.980108,1.980108,1.980108,1.980108,1.980108,1.980108,1.980108,1.980108,1.980108,2.970162,1.980108,1.980108,1.980108,1.980108,1.980108,1.980108,1.980108,1.980108,1.980108,1.980108,1.980108,1.980108,1.980108,1.980108,1.980108,2.970162,1.980108,1.980108,1.980108,1.980108,1.980108,1.980108,1.980108,1.980108,1.980108,1.980108,1.980108,1.980108,1.980108,1.980108,1.980108,2.970162,1.980108,1.980108,1.980108,1.980108,1.980108,1.980108,1.980108,1.980108,1.980108,1.980108,1.980108,1.980108,1.980108,1.980108,1.980108,2.970162,1.980108,1.980108,1.980108,1.980108,1.980108,1.980108,1.980108,1.980108,1.980108,1.980108,1.980108,1.980108,1.980108,1.980108,1.980108,2.970162,1.980108,1.980108,1.980108,1.980108,1.980108,1.980108,1.980108,1.980108,1.980108,1.980108,1.980108,1.980108,1.980108,1.980108,1.980108,2.970162,1.980108,1.980108,1.980108,1.980108,1.980108,1.980108,1.980108,1.980108,1.980108,1.980108,1.980108,1.980108,1.980108,1.980108,1.980108,2.970162,1.980108,1.980108,1.980108,1.980108,1.980108,1.980108,1.980108,1.980108,1.980108,1.980108,1.980108,1.980108,1.980108,1.980108,1.980108,2.970162,1.980108,1.980108,1.980108,1.980108,1.980108,1.980108,1.980108,1.980108,1.980108,1.980108,1.980108,1.980108,1.980108,1.980108,2.970162,-30.088351,2.970162,2.970162,2.970162,2.970162,2.970162,2.970162,2.970162,2.970162,2.970162,2.970162,2.970162,2.970162,2.970162,2.970162,1.980108,2.970162,1.980108,1.980108,1.980108,1.980108,1.980108,1.980108,1.980108,1.980108,1.980108,1.980108,1.980108,1.980108,1.980108,1.980108,1.980108,2.970162,1.980108,1.980108,1.980108,1.980108,1.980108,1.980108,1.980108,1.980108,1.980108,1.980108,1.980108,1.980108,1.980108,1.980108,1.980108,2.970162,1.980108,1.980108,1.980108,1.980108,1.980108,1.980108,1.980108,1.980108,1.980108,1.980108,1.980108,1.980108,1.980108,1.980108,1.980108,2.970162,1.980108,1.980108,1.980108,1.980108,1.980108,1.980108,1.980108,1.980108,1.980108,1.980108,1.980108,1.980108,1.980108,1.980108,1.980108,2.970162,1.980108,1.980108,1.980108,1.980108,1.980108,1.980108,1.980108,1.980108,1.980108,1.980108,1.980108,1.980108,1.980108,1.980108,1.980108,2.970162,1.980108,1.980108,1.980108,1.980108,1.980108,1.980108,1.980108,1.980108,1.980108,1.980108,1.980108,1.980108,1.980108,1.980108,1.980108,2.970162,1.980108,1.980108,1.980108,1.980108,1.980108,1.980108,1.980108,1.980108,1.980108,1.980108,1.980108,1.980108,1.980108,1.980108,1.980108,2.970162,1.980108,1.980108,1.980108,1.980108,1.980108,1.980108,1.980108,1.980108,1.980108,1.980108,1.980108,1.980108,1.980108,1.980108
1.980108,1.980108,2.970162,1.980108,1.980108,1.980108,1.980108,1.980108,1.980108,1.980108,1.980108,1.980108,1.980108,1.980108,1.980108,1.980108,1.980108,1.980108,2.970162,1.980108,1.980108,1.980108,1.980108,1.980108,1.980108,1.980108,1.980108,1.980108,1.980108,1.980108,1.980108,1.980108,1.980108,1.980108,2.970162,1.980108,1.980108,1.980108,1.980108,1.980108,1.980108,1.980108,1.980108,1.980108,1.980108,1.980108,1.980108,1.980108,1.980108,1.980108,2.970162,1.980108,1.980108,1.980108,1.980108,1.980108,1.980108,1.980108,1.980108,1.980108,1.980108,1.980108,1.980108,1.980108,1.980108,1.980108,2.970162,1.980108,1.980108,1.980108,1.980108,1.980108,1.980108,1.980108,1.980108,1.980108,1.980108,1.980108,1.980108,1.980108,1.980108,1.980108,2.970162,1.980108,1.980108,1.980108,1.980108,1.980108,1.980108,1.980108,1.980108,1.980108,1.980108,1.980108,1.980108,1.980108,1.980108,1.980108,2.970162,1.980108,1.980108,1.980108,1.980108,1.980108,1.980108,1.980108,1.980108,1.980108,1.980108,1.980108,1.980108,1.980108,1.980108,1.980108,2.970162,1.980108,1.980108,1.980108,1.980108,1.980108,1.980108,1.980108,1.980108,1.980108,1.980108,1.980108,1.980108,1.980108,1.980108,1.980108,2.970162,1.980108,1.980108,1.980108,1.980108,1.980108,1.980108,1.980108,1.980108,1.980108,1.980108,1.980108,1.980108,1.980108,1.980108,1.980108,2.970162,1.980108,1.980108,1.980108,1.980108,1.980108,1.980108,1.980108,1.980108,1.980108,1.980108,1.980108,1.980108,1.980108,1.980108,1.980108,2.970162,1.980108,1.980108,1.980108,1.980108,1.980108,1.980108,1.980108,1.980108,1.980108,1.980108,1.980108,1.980108,1.980108,2.970162,2.970162,-30.638345,2.970162,2.970162,2.970162,2.970162,2.970162,2.970162,2.970162,2.970162,2.970162,2.970162,2.970162,2.970162,2.970162,1.980108,1.980108,2.970162,1.980108,1.980108,1.980108,1.980108,1.980108,1.980108,1.980108,1.980108,1.980108,1.980108,1.980108,1.980108,1.980108,1.980108,1.980108,2.970162,1.980108,1.980108,1.980108,1.980108,1.980108,1.980108,1.980108,1.980108,1.980108,1.980108,1.980108,1.980108,1.980108,1.980108,1.980108,2.970162,1.980108,1.980108,1.980108,1.980108,1.980108,1.980108,1.980108,1.980108,1.980108,1.980108,1.980108,1.980108,1.980108,1.980108,1.980108,2.970162,1.980108,1.980108,1.980108,1.980108,1.980108,1.980108,1.980108,1.980108,1.980108,1.980108,1.980108,1.980108,1.980108,1.980108,1.980108,2.970162,1.980108,1.980108,1.980108,1.980108,1.980108,1.980108,1.980108,1.980108,1.980108,1.980108,1.980108,1.980108,1.980108,1.980108,1.980108,2.970162,1.980108,1.980108,1.980108,1.980108,1.980108,1.980108,1.980108,1.980108,1.980108,1.980108,1.980108,1.980108,1.980108,1.980108,1.980108,2.970162,1.980108,1.980108,1.980108,1.980108,1.980108,1.980108,1.980108,1.980108,1.980108,1.980108,1.980108,1.980108,1.980108,1.980108,1.980108,2.970162,1.980108,1.980108,1.980108,1.980108,1.980108,1.980108,1.980108,1.980108,1.980108,1.980108,1.980108,1.980108,1.980108
1.980108,1.980108,1.980108,2.970162,1.980108,1.980108,1.980108,1.980108,1.980108,1.980108,1.980108,1.980108,1.980108,1.980108,1.980108,1.980108,1.980108,1.980108,1.980108,2.970162,1.980108,1.980108,1.980108,1.980108,1.980108,1.980108,1.980108,1.980108,1.980108,1.980108,1.980108,1.980108,1.980108,1.980108,1.980108,2.970162,1.980108,1.980108,1.980108,1.980108,1.980108,1.980108,1.980108,1.980108,1.980108,1.980108,1.980108,1.980108,1.980108,1.980108,1.980108,2.970162,1.980108,1.980108,1.980108,1.980108,1.980108,1.980108,1.980108,1.980108,1.980108,1.980108,1.980108,1.980108,1.980108,1.980108,1.980108,2.970162,1.980108,1.980108,1.980108,1.980108,1.980108,1.980108,1.980108,1.980108,1.980108,1.980108,1.980108,1.980108,1.980108,1.980108,1.980108,2.970162,1.980108,1.980108,1.980108,1.980108,1.980108,1.980108,1.980108,1.980108,1.980108,1.980108,1.980108,1.980108,1.980108,1.980108,1.980108,2.970162,1.980108,1.980108,1.980108,1.980108,1.980108,1.980108,1.980108,1.980108,1.980108,1.980108,1.980108,1.980108,1.980108,1.980108,1.980108,2.970162,1.980108,1.980108,1.980108,1.980108,1.980108,1.980108,1.980108,1.980108,1.980108,1.980108,1.980108,1.980108,1.980108,1.980108,1.980108,2.970162,1.980108,1.980108,1.980108,1.980108,1.980108,1.980108,1.980108,1.980108,1.980108,1.980108,1.980108,1.980108,1.980108,1.980108,1.980108,2.970162,1.980108,1.980108,1.980108,1.980108,1.980108,1.980108,1.980108,1.980108,1.980108,1.980108,1.980108,1.980108,1.980108,1.980108,1.980108,2.970162,1.980108,1.980108,1.980108,1.980108,1.980108,1.980108,1.980108,1.980108,1.980108,1.980108,1.980108,1.980108,2.970162,2.970162,2.970162,-29.839136,2.970162,2.970162,2.970162,2.970162,2.970162,2.970162,2.970162,2.970162,2.970162,2.970162,2.970162,2.970162,1.980108,1.980108,1.980108,2.970162,1.980108,1.980108,1.980108,1.980108,1.980108,1.980108,1.980108,1.980108,1.980108,1.980108,1.980108,1.980108,1.980108,1.980108,1.980108,2.970162,1.980108,1.980108,1.980108,1.980108,1.980108,1.980108,1.980108,1.980108,1.980108,1.980108,1.980108,1.980108,1.980108,1.980108,1.980108,2.970162,1.980108,1.980108,1.980108,1.980108,1.980108,1.980108,1.980108,1.980108,1.980108,1.980108,1.980108,1.980108,1.980108,1.980108,1.980108,2.970162,1.980108,1.980108,1.980108,1.980108,1.980108,1.980108,1.980108,1.980108,1.980108,1.980108,1.980108,1.980108,1.980108,1.980108,1.980108,2.970162,1.980108,1.980108,1.980108,1.980108,1.980108,1.980108,1.980108,1.980108,1.980108,1.980108,1.980108,1.980108,1.980108,1.980108,1.980108,2.970162,1.980108,1.980108,1.980108,1.980108,1.980108,1.980108,1.980108,1.980108,1.980108,1.980108,1.980108,1.980108,1.980108,1.980108,1.980108,2.970162,1.980108,1.980108,1.980108,1.980108,1.980108,1.980108,1.980108,1.980108,1.980108,1.980108,1.980108,1.980108,1.980108,1.980108,1.980108,2.970162,1.980108,1.980108,1.980108,1.980108,1.980108,1.980108,1.980108,1.980108,1.980108,1.980108,1.980108,1.980108
1.980108,1.980108,1.980108,1.980108,2.970162,1.980108,1.980108,1.980108,1.980108,1.980108,1.980108,1.980108,1.980108,1.980108,1.980108,1.980108,1.980108,1.980108,1.980108,1.980108,2.970162,1.980108,1.980108,1.980108,1.980108,1.980108,1.980108,1.980108,1.980108,1.980108,1.980108,1.980108,1.980108,1.980108,1.980108,1.980108,2.970162,1.980108,1.980108,1.980108,1.980108,1.980108,1.980108,1.980108,1.980108,1.980108,1.980108,1.980108,1.980108,1.980108,1.980108,1.980108,2.970162,1.980108,1.980108,1.980108,1.980108,1.980108,1.980108,1.980108,1.980108,1.980108,1.980108,1.980108,1.980108,1.980108,1.980108,1.980108,2.970162,1.980108,1.980108,1.980108,1.980108,1.980108,1.980108,1.980108,1.980108,1.980108,1.980108,1.980108,1.980108,1.980108,1.980108,1.980108,2.970162,1.980108,1.980108,1.980108,1.980108,1.980108,1.980108,1.980108,1.980108,1.980108,1.980108,1.980108,1.980108,1.980108,1.980108,1.980108,2.970162,1.980108,1.980108,1.980108,1.980108,1.980108,1.980108,1.980108,1.980108,1.980108,1.980108,1.980108,1.980108,1.980108,1.980108,1.980108,2.970162,1.980108,1.980108,1.980108,1.980108,1.980108,1.980108,1.980108,1.980108,1.980108,1.980108,1.980108,1.980108,1.980108,1.980108,1.980108,2.970162,1.980108,1.980108,1.980108,1.980108,1.980108,1.980108,1.980108,1.980108,1.980108,1.980108,1.980108,1.980108,1.980108,1.980108,1.980108,2.970162,1.980108,1.980108,1.980108,1.980108,1.980108,1.980108,1.980108,1.980108,1.980108,1.980108,1.980108,1.980108,1.980108,1.980108,1.980108,2.970162,1.980108,1.980108,1.980108,1.980108,1.980108,1.980108,1.980108,1.980108,1.980108,1.980108,1.980108,2.970162,2.970162,2.970162,2.970162,-30.042682,2.970162,2.970162,2.970162,2.970162,2.970162,2.970162,2.970162,2.970162,2.970162,2.970162,2.970162,1.980108,1.980108,1.980108,1.980108,2.970162,1.980108,1.980108,1.980108,1.980108,1.980108,1.980108,1.980108,1.980108,1.980108,1.980108,1.980108,1.980108,1.980108,1.980108,1.980108,2.970162,1.980108,1.980108,1.980108,1.980108,1.980108,1.980108,1.980108,1.980108,1.980108,1.980108,1.980108,1.980108,1.980108,1.980108,1.980108,2.970162,1.980108,1.980108,1.980108,1.980108,1.980108,1.980108,1.980108,1.980108,1.980108,1.980108,1.980108,1.980108,1.980108,1.980108,1.980108,2.970162,1.980108,1.980108,1.980108,1.980108,1.980108,1.980108,1.980108,1.980108,1.980108,1.980108,1.980108,1.980108,1.980108,1.980108,1.980108,2.970162,1.980108,1.980108,1.980108,1.980108,1.980108,1.980108,1.980108,1.980108,1.980108,1.980108,1.980108,1.980108,1.980108,1.980108,1.980108,2.970162,1.980108,1.980108,1.980108,1.980108,1.980108,1.980108,1.980108,1.980108,1.980108,1.980108,1.980108,1.980108,1.980108,1.980108,1.980108,2.970162,1.980108,1.980108,1.980108,1.980108,1.980108,1.980108,1.980108,1.980108,1.980108,1.980108,1.980108,1.980108,1.980108,1.980108,1.980108,2.970162,1.980108,1.980108,1.980108,1.980108,1.980108,1.980108,1.980108,1.980108,1.980108,1.980108,1.980108
1.980108,1.980108,1.980108,1.980108,1.980108,2.970162,1.980108,1.980108,1.980108,1.980108,1.980108,1.980108,1.980108,1.980108,1.980108,1.980108,1.980108,1.980108,1.980108,1.980108,1.980108,2.970162,1.980108,1.980108,1.980108,1.980108,1.980108,1.980108,1.980108,1.980108,1.980108,1.980108,1.980108,1.980108,1.980108,1.980108,1.980108,2.970162,1.980108,1.980108,1.980108,1.980108,1.980108,1.980108,1.980108,1.980108,1.980108,1.980108,1.980108,1.980108,1.980108,1.980108,1.980108,2.970162,1.980108,1.980108,1.980108,1.980108,1.980108,1.980108,1.980108,1.980108,1.980108,1.980108,1.980108,1.980108,1.980108,1.980108,1.980108,2.970162,1.980108,1.980108,1.980108,1.980108,1.980108,1.980108,1.980108,1.980108,1.980108,1.980108,1.980108,1.980108,1.980108,1.980108,1.980108,2.970162,1.980108,1.980108,1.980108,1.980108,1.980108,1.980108,1.980108,1.980108,1.980108,1.980108,1.980108,1.980108,1.980108,1.980108,1.980108,2.970162,1.980108,1.980108,1.980108,1.980108,1.980108,1.980108,1.980108,1.980108,1.980108,1.980108,1.980108,1.980108,1.980108,1.980108,1.980108,2.970162,1.980108,1.980108,1.980108,1.980108,1.980108,1.980108,1.980108,1.980108,1.980108,1.980108,1.980108,1.980108,1.980108,1.980108,1.980108,2.970162,1.980108,1.980108,1.980108,1.980108,1.980108,1.980108,1.980108,1.980108,1.980108,1.980108,1.980108,1.980108,1.980108,1.980108,1.980108,2.970162,1.980108,1.980108,1.980108,1.980108,1.980108,1.980108,1.980108,1.980108,1.980108,1.980108,1.980108,1.980108,1.980108,1.980108,1.980108,2.970162,1.980108,1.980108,1.980108,1.980108,1.980108,1.980108,1.980108,1.980108,1.980108,1.980108,2.970162,2.970162,2.970162,2.970162,2.970162,-29.815089,2.970162,2.970162,2.970162,2.970162,2.970162,2.970162,2.970162,2.970162,2.970162,2.970162,1.980108,1.980108,1.980108,1.980108,1.980108,2.970162,1.980108,1.980108,1.980108,1.980108,1.980108,1.980108,1.980108,1.980108,1.980108,1.980108,1.980108,1.980108,1.980108,1.980108,1.980108,2.970162,1.980108,1.980108,1.980108,1.980108,1.980108,1.980108,1.980108,1.980108,1.980108,1.980108,1.980108,1.980108,1.980108,1.980108,1.980108,2.970162,1.980108,1.980108,1.980108,1.980108,1.980108,1.980108,1.980108,1.980108,1.980108,1.980108,1.980108,1.980108,1.980108,1.980108,1.980108,2.970162,1.980108,1.980108,1.980108,1.980108,1.980108,1.980108,1.980108,1.980108,1.980108,1.980108,1.980108,1.980108,1.980108,1.980108,1.980108,2.970162,1.980108,1.980108,1.980108,1.980108,1.980108,1.980108,1.980108,1.980108,1.980108,1.980108,1.980108,1.980108,1.980108,1.980108,1.980108,2.970162,1.980108,1.980108,1.980108,1.980108,1.980108,1.980108,1.980108,1.980108,1.980108,1.980108,1.980108,1.980108,1.980108,1.980108,1.980108,2.970162,1.980108,1.980108,1.980108,1.980108,1.980108,1.980108,1.980108,1.980108,1.980108,1.980108,1.980108,1.980108,1.980108,1.980108,1.980108,2.970162,1.980108,1.980108,1.980108,1.980108,1.980108,1.980108,1.980108,1.980108,1.980108,1.980108
1.980108,1.980108,1.980108,1.980108,1.980108,1.980108,2.970162,1.980108,1.980108,1.980108,1.980108,1.980108,1.980108,1.980108,1.980108,1.980108,1.980108,1.980108,1.980108,1.980108,1.980108,1.980108,2.970162,1.980108,1.980108,1.980108,1.980108,1.980108,1.980108,1.980108,1.980108,1.980108,1.980108,1.980108,1.980108,1.980108,1.980108,1.980108,2.970162,1.980108,1.980108,1.980108,1.980108,1.980108,1.980108,1.980108,1.980108,1.980108,1.980108,1.980108,1.980108,1.980108,1.980108,1.980108,2.970162,1.980108,1.980108,1.980108,1.980108,1.980108,1.980108,1.980108,1.980108,1.980108,1.980108,1.980108,1.980108,1.980108,1.980108,1.980108,2.970162,1.980108,1.980108,1.980108,1.980108,1.980108,1.980108,1.980108,1.980108,1.980108,1.980108,1.980108,1.980108,1.980108,1.980108,1.980108,2.970162,1.980108,1.980108,1.980108,1.980108,1.980108,1.980108,1.980108,1.980108,1.980108,1.980108,1.980108,1.980108,1.980108,1.980108,1.980108,2.970162,1.980108,1.980108,1.980108,1.980108,1.980108,1.980108,1.980108,1.980108,1.980108,1.980108,1.980108,1.980108,1.980108,1.980108,1.980108,2.970162,1.980108,1.980108,1.980108,1.980108,1.980108,1.980108,1.980108,1.980108,1.980108,1.980108,1.980108,1.980108,1.980108,1.980108,1.980108,2.970162,1.980108,1.980108,1.980108,1.980108,1.980108,1.980108,1.980108,1.980108,1.980108,1.980108,1.980108,1.980108,1.980108,1.980108,1.980108,2.970162,1.980108,1.980108,1.980108,1.980108,1.980108,1.980108,1.980108,1.980108,1.980108,1.980108,1.980108,1.980108,1.980108,1.980108,1.980108,2.970162,1.980108,1.980108,1.980108,1.980108,1.980108,1.980108,1.980108,1.980108,1.980108,2.970162,2.970162,2.970162,2.970162,2.970162,2.970162,-30.626309,2.970162,2.970162,2.970162,2.970162,2.970162,2.970162,2.970162,2.970162,2.970162,1.980108,1.980108,1.980108,1.980108,1.980108,1.980108,2.970162,1.980108,1.980108,1.980108,1.980108,1.980108,1.980108,1.980108,1.980108,1.980108,1.980108,1.980108,1.980108,1.980108,1.980108,1.980108,2.970162,1.980108,1.980108,1.980108,1.980108,1.980108,1.980108,1.980108,1.980108,1.980108,1.980108,1.980108,1.980108,1.980108,1.980108,1.980108,2.970162,1.980108,1.980108,1.980108,1.980108,1.980108,1.980108,1.980108,1.980108,1.980108,1.980108,1.980108,1.980108,1.980108,1.980108,1.980108,2.970162,1.980108,1.980108,1.980108,1.980108,1.980108,1.980108,1.980108,1.980108,1.980108,1.980108,1.980108,1.980108,1.980108,1.980108,1.980108,2.970162,1.980108,1.980108,1.980108,1.980108,1.980108,1.980108,1.980108,1.980108,1.980108,1.980108,1.980108,1.980108,1.980108,1.980108,1.980108,2.970162,1.980108,1.980108,1.980108,1.980108,1.980108,1.980108,1.980108,1.980108,1.980108,1.980108,1.980108,1.980108,1.980108,1.980108,1.980108,2.970162,1.980108,1.980108,1.980108,1.980108,1.980108,1.980108,1.980108,1.980108,1.980108,1.980108,1.980108,1.980108,1.980108,1.980108,1.980108,2.970162,1.980108,1.980108,1.980108,1.980108,1.980108,1.980108,1.980108,1.980108,1.980108
1.980108,1.980108,1.980108,1.980108,1.980108,1.980108,1.980108,2.970162,1.980108,1.980108,1.980108,1.980108,1.980108,1.980108,1.980108,1.980108,1.980108,1.980108,1.980108,1.980108,1.980108,1.980108,1.980108,2.970162,1.980108,1.980108,1.980108,1.980108,1.980108,1.980108,1.980108,1.980108,1.980108,1.980108,1.980108,1.980108,1.980108,1.980108,1.980108,2.970162,1.980108,1.980108,1.980108,1.980108,1.980108,1.980108,1.980108,1.980108,1.980108,1.980108,1.980108,1.980108,1.980108,1.980108,1.980108,2.970162,1.980108,1.980108,1.980108,1.980108,1.980108,1.980108,1.980108,1.980108,1.980108,1.980108,1.980108,1.980108,1.980108,1.980108,1.980108,2.970162,1.980108,1.980108,1.980108,1.980108,1.980108,1.980108,1.980108,1.980108,1.980108,1.980108,1.980108,1.980108,1.980108,1.980108,1.980108,2.970162,1.980108,1.980108,1.980108,1.980108,1.980108,1.980108,1.980108,1.980108,1.980108,1.980108,1.980108,1.980108,1.980108,1.980108,1.980108,2.970162,1.980108,1.980108,1.980108,1.980108,1.980108,1.980108,1.980108,1.980108,1.980108,1.980108,1.980108,1.980108,1.980108,1.980108,1.980108,2.970162,1.980108,1.980108,1.980108,1.980108,1.980108,1.980108,1.980108,1.980108,1.980108,1.980108,1.980108,1.980108,1.980108,1.980108,1.980108,2.970162,1.980108,1.980108,1.980108,1.980108,1.980108,1.980108,1.980108,1.980108,1.980108,1.980108,1.980108,1.980108,1.980108,1.980108,1.980108,2.970162,1.980108,1.980108,1.980108,1.980108,1.980108,1.980108,1.980108,1.980108,1.980108,1.980108,1.980108,1.980108,1.980108,1.980108,1.980108,2.970162,1.980108,1.980108,1.980108,1.980108,1.980108,1.980108,1.980108,1.980108,2.970162,2.970162,2.970162,2.970162,2.970162,2.970162,2.970162,-30.578955,2.970162,2.970162,2.970162,2.970162,2.970162,2.970162,2.970162,2.970162,1.980108,1.980108,1.980108,1.980108,1.980108,1.980108,1.980108,2.970162,1.980108,1.980108,1.980108,1.980108,1.980108,1.980108,1.980108,1.980108,1.980108,1.980108,1.980108,1.980108,1.980108,1.980108,1.980108,2.970162,1.980108,1.980108,1.980108,1.980108,1.980108,1.980108,1.980108,1.980108,1.980108,1.980108,1.980108,1.980108,1.980108,1.980108,1.980108,2.970162,1.980108,1.980108,1.980108,1.980108,1.980108,1.980108,1.980108,1.980108,1.980108,1.980108,1.980108,1.980108,1.980108,1.980108,1.980108,2.970162,1.980108,1.980108,1.980108,1.980108,1.980108,1.980108,1.980108,1.980108,1.980108,1.980108,1.980108,1.980108,1.980108,1.980108,1.980108,2.970162,1.980108,1.980108,1.980108,1.980108,1.980108,1.980108,1.980108,1.980108,1.980108,1.980108,1.980108,1.980108,1.980108,1.980108,1.980108,2.970162,1.980108,1.980108,1.980108,1.980108,1.980108,1.980108,1.980108,1.980108,1.980108,1.980108,1.980108,1.980108,1.980108,1.980108,1.980108,2.970162,1.980108,1.980108,1.980108,1.980108,1.980108,1.980108,1.980108,1.980108,1.980108,1.980108,1.980108,1.980108,1.980108,1.980108,1.980108,2.970162,1.980108,1.980108,1.980108,1.980108,1.980108,1.980108,1.980108,1.980108
1.980108,1.980108,1.980108,1.980108,1.980108,1.980108,1.980108,1.980108,2.970162,1.980108,1.980108,1.980108,1.980108,1.980108,1.980108,1.980108,1.980108,1.980108,1.980108,1.980108,1.980108,1.980108,1.980108,1.980108,2.970162,1.980108,1.980108,1.980108,1.980108,1.980108,1.980108,1.980108,1.980108,1.980108,1.980108,1.980108,1.980108,1.980108,1.980108,1.980108,2.970162,1.980108,1.980108,1.980108,1.980108,1.980108,1.980108,1.980108,1.980108,1.980108,1.980108,1.980108,1.980108,1.980108,1.980108,1.980108,2.970162,1.980108,1.980108,1.980108,1.980108,1.980108,1.980108,1.980108,1.980108,1.980108,1.980108,1.980108,1.980108,1.980108,1.980108,1.980108,2.970162,1.980108,1.980108,1.980108,1.980108,1.980108,1.980108,1.980108,1.980108,1.980108,1.980108,1.980108,1.980108,1.980108,1.980108,1.980108,2.970162,1.980108,1.980108,1.980108,1.980108,1.980108,1.980108,1.980108,1.980108,1.980108,1.980108,1.980108,1.980108,1.980108,1.980108,1.980108,2.970162,1.980108,1.980108,1.980108,1.980108,1.980108,1.980108,1.980108,1.980108,1.980108,1.980108,1.980108,1.980108,1.980108,1.980108,1.980108,2.970162,1.980108,1.980108,1.980108,1.980108,1.980108,1.980108,1.980108,1.980108,1.980108,1.980108,1.980108,1.980108,1.980108,1.980108,1.980108,2.970162,1.980108,1.980108,1.980108,1.980108,1.980108,1.980108,1.980108,1.980108,1.980108,1.980108,1.980108,1.980108,1.980108,1.980108,1.980108,2.970162,1.980108,1.980108,1.980108,1.980108,1.980108,1.980108,1.980108,1.980108,1.980108,1.980108,1.980108,1.980108,1.980108,1.980108,1.980108,2.970162,1.980108,1.980108,1.980108,1.980108,1.980108,1.980108,1.980108,2.970162,2.970162,2.970162,2.970162,2.970162,2.970162,2.970162,2.970162,-29.959557,2.970162,2.970162,2.970162,2.970162,2.970162,2.970162,2.970162,1.980108,1.980108,1.980108,1.980108,1.980108,1.980108,1.980108,1.980108,2.970162,1.980108,1.980108,1.980108,1.980108,1.980108,1.980108,1.980108,1.980108,1.980108,1.980108,1.980108,1.980108,1.980108,1.980108,1.980108,2.970162,1.980108,1.980108,1.980108,1.980108,1.980108,1.980108,1.980108,1.980108,1.980108,1.980108,1.980108,1.980108,1.980108,1.980108,1.980108,2.970162,1.980108,1.980108,1.980108,1.980108,1.980108,1.980108,1.980108,1.980108,1.980108,1.980108,1.980108,1.980108,1.980108,1.980108,1.980108,2.970162,1.980108,1.980108,1.980108,1.980108,1.980108,1.980108,1.980108,1.980108,1.980108,1.980108,1.980108,1.980108,1.980108,1.980108,1.980108,2.970162,1.980108,1.980108,1.980108,1.980108,1.980108,1.980108,1.980108,1.980108,1.980108,1.980108,1.980108,1.980108,1.980108,1.980108,1.980108,2.970162,1.980108,1.980108,1.980108,1.980108,1.980108,1.980108,1.980108,1.980108,1.980108,1.980108,1.980108,1.980108,1.980108,1.980108,1.980108,2.970162,1.980108,1.980108,1.980108,1.980108,1.980108,1.980108,1.980108,1.980108,1.980108,1.980108,1.980108,1.980108,1.980108,1.980108,1.980108,2.970162,1.980108,1.980108,1.980108,1.980108,1.980108,1.980108,1.980108
1.980108,1.980108,1.980108,1.980108,1.980108,1.980108,1.980108,1.980108,1.980108,2.970162,1.980108,1.980108,1.980108,1.980108,1.980108,1.980108,1.980108,1.980108,1.980108,1.980108,1.980108,1.980108,1.980108,1.980108,1.980108,2.970162,1.980108,1.980108,1.980108,1.980108,1.980108,1.980108,1.980108,1.980108,1.980108,1.980108,1.980108,1.980108,1.980108,1.980108,1.980108,2.970162,1.980108,1.980108,1.980108,1.980108,1.980108,1.980108,1.980108,1.980108,1.980108,1.980108,1.980108,1.980108,1.980108,1.980108,1.980108,2.970162,1.980108,1.980108,1.980108,1.980108,1.980108,1.980108,1.980108,1.980108,1.980108,1.980108,1.980108,1.980108,1.980108,1.980108,1.980108,2.970162,1.980108,1.980108,1.980108,1.980108,1.980108,1.980108,1.980108,1.980108,1.980108,1.980108,1.980108,1.980108,1.980108,1.980108,1.980108,2.970162,1.980108,1.980108,1.980108,1.980108,1.980108,1.980108,1.980108,1.980108,1.980108,1.980108,1.980108,1.980108,1.980108,1.980108,1.980108,2.970162,1.980108,1.980108,1.980108,1.980108,1.980108,1.980108,1.980108,1.980108,1.980108,1.980108,1.980108,1.980108,1.980108,1.980108,1.980108,2.970162,1.980108,1.980108,1.980108,1.980108,1.980108,1.980108,1.980108,1.980108,1.980108,1.980108,1.980108,1.980108,1.980108,1.980108,1.980108,2.970162,1.980108,1.980108,1.980108,1.980108,1.980108,1.980108,1.980108,1.980108,1.980108,1.980108,1.980108,1.980108,1.980108,1.980108,1.980108,2.970162,1.980108,1.980108,1.980108,1.980108,1.980108,1.980108,1.980108,1.980108,1.980108,1.980108,1.980108,1.980108,1.980108,1.980108,1.980108,2.970162,1.980108,1.980108,1.980108,1.980108,1.980108,1.980108,2.970162,2.970162,2.970162,2.970162,2.970162,2.970162,2.970162,2.970162,2.970162,-30.361600,2.970162,2.970162,2.970162,2.970162,2.970162,2.970162,1.980108,1.980108,1.980108,1.980108,1.980108,1.980108,1.980108,1.980108,1.980108,2.970162,1.980108,1.980108,1.980108,1.980108,1.980108,1.980108,1.980108,1.980108,1.980108,1.980108,1.980108,1.980108,1.980108,1.980108,1.980108,2.970162,1.980108,1.980108,1.980108,1.980108,1.980108,1.980108,1.980108,1.980108,1.980108,1.980108,1.980108,1.980108,1.980108,1.980108,1.980108,2.970162,1.980108,1.980108,1.980108,1.980108,1.980108,1.980108,1.980108,1.980108,1.980108,1.980108,1.980108,1.980108,1.980108,1.980108,1.980108,2.970162,1.980108,1.980108,1.980108,1.980108,1.980108,1.980108,1.980108,1.980108,1.980108,1.980108,1.980108,1.980108,1.980108,1.980108,1.980108,2.970162,1.980108,1.980108,1.980108,1.980108,1.980108,1.980108,1.980108,1.980108,1.980108,1.980108,1.980108,1.980108,1.980108,1.980108,1.980108,2.970162,1.980108,1.980108,1.980108,1.980108,1.980108,1.980108,1.980108,1.980108,1.980108,1.980108,1.980108,1.980108,1.980108,1.980108,1.980108,2.970162,1.980108,1.980108,1.980108,1.980108,1.980108,1.980108,1.980108,1.980108,1.980108,1.980108,1.980108,1.980108,1.980108,1.980108,1.980108,2.970162,1.980108,1.980108,1.980108,1.980108,1.980108,1.980108
1.980108,1.980108,1.980108,1.980108,1.980108,1.980108,1.980108,1.980108,1.980108,1.980108,2.970162,1.980108,1.980108,1.980108,1.980108,1.980108,1.980108,1.980108,1.980108,1.980108,1.980108,1.980108,1.980108,1.980108,1.980108,1.980108,2.970162,1.980108,1.980108,1.980108,1.980108,1.980108,1.980108,1.980108,1.980108,1.980108,1.980108,1.980108,1.980108,1.980108,1.980108,1.980108,2.970162,1.980108,1.980108,1.980108,1.980108,1.980108,1.980108,1.980108,1.980108,1.980108,1.980108,1.980108,1.980108,1.980108,1.980108,1.980108,2.970162,1.980108,1.980108,1.980108,1.980108,1.980108,1.980108,1.980108,1.980108,1.980108,1.980108,1.980108,1.980108,1.980108,1.980108,1.980108,2.970162,1.980108,1.980108,1.980108,1.980108,1.980108,1.980108,1.980108,1.980108,1.980108,1.980108,1.980108,1.980108,1.980108,1.980108,1.980108,2.970162,1.980108,1.980108,1.980108,1.980108,1.980108,1.980108,1.980108,1.980108,1.980108,1.980108,1.980108,1.980108,1.980108,1.980108,1.980108,2.970162,1.980108,1.980108,1.980108,1.980108,1.980108,1.980108,1.980108,1.980108,1.980108,1.980108,1.980108,1.980108,1.980108,1.980108,1.980108,2.970162,1.980108,1.980108,1.980108,1.980108,1.980108,1.980108,1.980108,1.980108,1.980108,1.980108,1.980108,1.980108,1.980108,1.980108,1.980108,2.970162,1.980108,1.980108,1.980108,1.980108,1.980108,1.980108,1.980108,1.980108,1.980108,1.980108,1.980108,1.980108,1.980108,1.980108,1.980108,2.970162,1.980108,1.980108,1.980108,1.980108,1.980108,1.980108,1.980108,1.980108,1.980108,1.980108,1.980108,1.980108,1.980108,1.980108,1.980108,2.970162,1.980108,1.980108,1.980108,1.980108,1.980108,2.970162,2.970162,2.970162,2.970162,2.970162,2.970162,2.970162,2.970162,2.970162,2.970162,-30.518838,2.970162,2.970162,2.970162,2.970162,2.970162,1.980108,1.980108,1.980108,1.980108,1.980108,1.980108,1.980108,1.980108,1.980108,1.980108,2.970162,1.980108,1.980108,1.980108,1.980108,1.980108,1.980108,1.980108,1.980108,1.980108,1.980108,1.980108,1.980108,1.980108,1.980108,1.980108,2.970162,1.980108,1.980108,1.980108,1.980108,1.980108,1.980108,1.980108,1.980108,1.980108,1.980108,1.980108,1.980108,1.980108,1.980108,1.980108,2.970162,1.980108,1.980108,1.980108,1.980108,1.980108,1.980108,1.980108,1.980108,1.980108,1.980108,1.980108,1.980108,1.980108,1.980108,1.980108,2.970162,1.980108,1.980108,1.980108,1.980108,1.980108,1.980108,1.980108,1.980108,1.980108,1.980108,1.980108,1.980108,1.980108,1.980108,1.980108,2.970162,1.980108,1.980108,1.980108,1.980108,1.980108,1.980108,1.980108,1.980108,1.980108,1.980108,1.980108,1.980108,1.980108,1.980108,1.980108,2.970162,1.980108,1.980108,1.980108,1.980108,1.980108,1.980108,1.980108,1.980108,1.980108,1.980108,1.980108,1.980108,1.980108,1.980108,1.980108,2.970162,1.980108,1.980108,1.980108,1.980108,1.980108,1.980108,1.980108,1.980108,1.980108,1.980108,1.980108,1.980108,1.980108,1.980108,1.980108,2.970162,1.980108,1.980108,1.980108,1.980108,1.980108
1.980108,1.980108,1.980108,1.980108,1.980108,1.980108,1.980108,1.980108,1.980108,1.980108,1.980108,2.970162,1.980108,1.980108,1.980108,1.980108,1.980108,1.980108,1.980108,1.980108,1.980108,1.980108,1.980108,1.980108,1.980108,1.980108,1.980108,2.970162,1.980108,1.980108,1.980108,1.980108,1.980108,1.980108,1.980108,1.980108,1.980108,1.980108,1.980108,1.980108,1.980108,1.980108,1.980108,2.970162,1.980108,1.980108,1.980108,1.980108,1.980108,1.980108,1.980108,1.980108,1.980108,1.980108,1.980108,1.980108,1.980108,1.980108,1.980108,2.970162,1.980108,1.980108,1.980108,1.980108,1.980108,1.980108,1.980108,1.980108,1.980108,1.980108,1.980108,1.980108,1.980108,1.980108,1.980108,2.970162,1.980108,1.980108,1.980108,1.980108,1.980108,1.980108,1.980108,1.980108,1.980108,1.980108,1.980108,1.980108,1.980108,1.980108,1.980108,2.970162,1.980108,1.980108,1.980108,1.980108,1.980108,1.980108,1.980108,1.980108,1.980108,1.980108,1.980108,1.980108,1.980108,1.980108,1.980108,2.970162,1.980108,1.980108,1.980108,1.980108,1.980108,1.980108,1.980108,1.980108,1.980108,1.980108,1.980108,1.980108,1.980108,1.980108,1.980108,2.970162,1.980108,1.980108,1.980108,1.980108,1.980108,1.980108,1.980108,1.980108,1.980108,1.980108,1.980108,1.980108,1.980108,1.980108,1.980108,2.970162,1.980108,1.980108,1.980108,1.980108,1.980108,1.980108,1.980108,1.980108,1.980108,1.980108,1.980108,1.980108,1.980108,1.980108,1.980108,2.970162,1.980108,1.980108,1.980108,1.980108,1.980108,1.980108,1.980108,1.980108,1.980108,1.980108,1.980108,1.980108,1.980108,1.980108,1.980108,2.970162,1.980108,1.980108,1.980108,1.980108,2.970162,2.970162,2.970162,2.970162,2.970162,2.970162,2.970162,2.970162,2.970162,2.970162,2.970162,-30.256816,2.970162,2.970162,2.970162,2.970162,1.980108,1.980108,1.980108,1.980108,1.980108,1.980108,1.980108,1.980108,1.980108,1.980108,1.980108,2.970162,1.980108,1.980108,1.980108,1.980108,1.980108,1.980108,1.980108,1.980108,1.980108,1.980108,1.980108,1.980108,1.980108,1.980108,1.980108,2.970162,1.980108,1.980108,1.980108,1.980108,1.980108,1.980108,1.980108,1.980108,1.980108,1.980108,1.980108,1.980108,1.980108,1.980108,1.980108,2.970162,1.980108,1.980108,1.980108,1.980108,1.980108,1.980108,1.980108,1.980108,1.980108,1.980108,1.980108,1.980108,1.980108,1.980108,1.980108,2.970162,1.980108,1.980108,1.980108,1.980108,1.980108,1.980108,1.980108,1.980108,1.980108,1.980108,1.980108,1.980108,1.980108,1.980108,1.980108,2.970162,1.980108,1.980108,1.980108,1.980108,1.980108,1.980108,1.980108,1.980108,1.980108,1.980108,1.980108,1.980108,1.980108,1.980108,1.980108,2.970162,1.980108,1.980108,1.980108,1.980108,1.980108,1.980108,1.980108,1.980108,1.980108,1.980108,1.980108,1.980108,1.980108,1.980108,1.980108,2.970162,1.980108,1.980108,1.980108,1.980108,1.980108,1.980108,1.980108,1.980108,1.980108,1.980108,1.980108,1.980108,1.980108,1.980108,1.980108,2.970162,1.980108,1.980108,1.980108,1.980108
1.980108,1.980108,1.980108,1.980108,1.980108,1.980108,1.980108,1.980108,1.980108,1.980108,1.980108,1.980108,2.970162,1.980108,1.980108,1.980108,1.980108,1.980108,1.980108,1.980108,1.980108,1.980108,1.980108,1.980108,1.980108,1.980108,1.980108,1.980108,2.970162,1.980108,1.980108,1.980108,1.980108,1.980108,1.980108,1.980108,1.980108,1.980108,1.980108,1.980108,1.980108,1.980108,1.980108,1.980108,2.970162,1.980108,1.980108,1.980108,1.980108,1.980108,1.980108,1.980108,1.980108,1.980108,1.980108,1.980108,1.980108,1.980108,1.980108,1.980108,2.970162,1.980108,1.980108,1.980108,1.980108,1.980108,1.980108,1.980108,1.980108,1.980108,1.980108,1.980108,1.980108,1.980108,1.980108,1.980108,2.970162,1.980108,1.980108,1.980108,1.980108,1.980108,1.980108,1.980108,1.980108,1.980108,1.980108,1.980108,1.980108,1.980108,1.980108,1.980108,2.970162,1.980108,1.980108,1.980108,1.980108,1.980108,1.980108,1.980108,1.980108,1.980108,1.980108,1.980108,1.980108,1.980108,1.980108,1.980108,2.970162,1.980108,1.980108,1.980108,1.980108,1.980108,1.980108,1.980108,1.980108,1.980108,1.980108,1.980108,1.980108,1.980108,1.980108,1.980108,2.970162,1.980108,1.980108,1.980108,1.980108,1.980108,1.980108,1.980108,1.980108,1.980108,1.980108,1.980108,1.980108,1.980108,1.980108,1.980108,2.970162,1.980108,1.980108,1.980108,1.980108,1.980108,1.980108,1.980108,1.980108,1.980108,1.980108,1.980108,1.980108,1.980108,1.980108,1.980108,2.970162,1.980108,1.980108,1.980108,1.980108,1.980108,1.980108,1.980108,1.980108,1.980108,1.980108,1.980108,1.980108,1.980108,1.980108,1.980108,2.970162,1.980108,1.980108,1.980108,2.970162,2.970162,2.970162,2.970162,2.970162,2.970162,2.970162,2.970162,2.970162,2.970162,2.970162,2.970162,-30.231266,2.970162,2.970162,2.970162,1.980108,1.980108,1.980108,1.980108,1.980108,1.980108,1.980108,1.980108,1.980108,1.980108,1.980108,1.980108,2.970162,1.980108,1.980108,1.980108,1.980108,1.980108,1.980108,1.980108,1.980108,1.980108,1.980108,1.980108,1.980108,1.980108,1.980108,1.980108,2.970162,1.980108,1.980108,1.980108,1.980108,1.980108,1.980108,1.980108,1.980108,1.980108,1.980108,1.980108,1.980108,1.980108,1.980108,1.980108,2.970162,1.980108,1.980108,1.980108,1.980108,1.980108,1.980108,1.980108,1.980108,1.980108,1.980108,1.980108,1.980108,1.980108,1.980108,1.980108,2.970162,1.980108,1.980108,1.980108,1.980108,1.980108,1.980108,1.980108,1.980108,1.980108,1.980108,1.980108,1.980108,1.980108,1.980108,1.980108,2.970162,1.980108,1.980108,1.980108,1.980108,1.980108,1.980108,1.980108,1.980108,1.980108,1.980108,1.980108,1.980108,1.980108,1.980108,1.980108,2.970162,1.980108,1.980108,1.980108,1.980108,1.980108,1.980108,1.980108,1.980108,1.980108,1.980108,1.980108,1.980108,1.980108,1.980108,1.980108,2.970162,1.980108,1.980108,1.980108,1.980108,1.980108,1.980108,1.980108,1.980108,1.980108,1.980108,1.980108,1.980108,1.980108,1.980108,1.980108,2.970162,1.980108,1.980108,1.980108
1.980108,1.980108,1.980108,1.980108,1.980108,1.980108,1.980108,1.980108,1.980108,1.980108,1.980108,1.980108,1.980108,2.970162,1.980108,1.980108,1.980108,1.980108,1.980108,1.980108,1.980108,1.980108,1.980108,1.980108,1.980108,1.980108,1.980108,1.980108,1.980108,2.970162,1.980108,1.980108,1.980108,1.980108,1.980108,1.980108,1.980108,1.980108,1.980108,1.980108,1.980108,1.980108,1.980108,1.980108,1.980108,2.970162,1.980108,1.980108,1.980108,1.980108,1.980108,1.980108,1.980108,1.980108,1.980108,1.980108,1.980108,1.980108,1.980108,1.980108,1.980108,2.970162,1.980108,1.980108,1.980108,1.980108,1.980108,1.980108,1.980108,1.980108,1.980108,1.980108,1.980108,1.980108,1.980108,1.980108,1.980108,2.970162,1.980108,1.980108,1.980108,1.980108,1.980108,1.980108,1.980108,1.980108,1.980108,1.980108,1.980108,1.980108,1.980108,1.980108,1.980108,2.970162,1.980108,1.980108,1.980108,1.980108,1.980108,1.980108,1.980108,1.980108,1.980108,1.980108,1.980108,1.980108,1.980108,1.980108,1.980108,2.970162,1.980108,1.980108,1.980108,1.980108,1.980108,1.980108,1.980108,1.980108,1.980108,1.980108,1.980108,1.980108,1.980108,1.980108,1.980108,2.970162,1.980108,1.980108,1.980108,1.980108,1.980108,1.980108,1.980108,1.980108,1.980108,1.980108,1.980108,1.980108,1.980108,1.980108,1.980108,2.970162,1.980108,1.980108,1.980108,1.980108,1.980108,1.980108,1.980108,1.980108,1.980108,1.980108,1.980108,1.980108,1.980108,1.980108,1.980108,2.970162,1.980108,1.980108,1.980108,1.980108,1.980108,1.980108,1.980108,1.980108,1.980108,1.980108,1.980108,1.980108,1.980108,1.980108,1.980108,2.970162,1.980108,1.980108,2.970162,2.970162,2.970162,2.970162,2.970162,2.970162,2.970162,2.970162,2.970162,2.970162,2.970162,2.970162,2.970162,-29.943468,2.970162,2.970162,1.980108,1.980108,1.980108,1.980108,1.980108,1.980108,1.980108,1.980108,1.980108,1.980108,1.980108,1.980108,1.980108,2.970162,1.980108,1.980108,1.980108,1.980108,1.980108,1.980108,1.980108,1.980108,1.980108,1.980108,1.980108,1.980108,1.980108,1.980108,1.980108,2.970162,1.980108,1.980108,1.980108,1.980108,1.980108,1.980108,1.980108,1.980108,1.980108,1.980108,1.980108,1.980108,1.980108,1.980108,1.980108,2.970162,1.980108,1.980108,1.980108,1.980108,1.980108,1.980108,1.980108,1.980108,1.980108,1.980108,1.980108,1.980108,1.980108,1.980108,1.980108,2.970162,1.980108,1.980108,1.980108,1.980108,1.980108,1.980108,1.980108,1.980108,1.980108,1.980108,1.980108,1.980108,1.980108,1.980108,1.980108,2.970162,1.980108,1.980108,1.980108,1.980108,1.980108,1.980108,1.980108,1.980108,1.980108,1.980108,1.980108,1.980108,1.980108,1.980108,1.980108,2.970162,1.980108,1.980108,1.980108,1.980108,1.980108,1.980108,1.980108,1.980108,1.980108,1.980108,1.980108,1.980108,1.980108,1.980108,1.980108,2.970162,1.980108,1.980108,1.980108,1.980108,1.980108,1.980108,1.980108,1.980108,1.980108,1.980108,1.980108,1.980108,1.980108,1.980108,1.980108,2.970162,1.980108,1.980108
1.980108,1.980108,1.980108,1.980108,1.980108,1.980108,1.980108,1.980108,1.980108,1.980108,1.980108,1.980108,1.980108,1.980108,2.970162,1.980108,1.980108,1.980108,1.980108,1.980108,1.980108,1.980108,1.980108,1.980108,1.980108,1.980108,1.980108,1.980108,1.980108,1.980108,2.970162,1.980108,1.980108,1.980108,1.980108,1.980108,1.980108,1.980108,1.980108,1.980108,1.980108,1.980108,1.980108,1.980108,1.980108,1.980108,2.970162,1.980108,1.980108,1.980108,1.980108,1.980108,1.980108,1.980108,1.980108,1.980108,1.980108,1.980108,1.980108,1.980108,1.980108,1.980108,2.970162,1.980108,1.980108,1.980108,1.980108,1.980108,1.980108,1.980108,1.980108,1.980108,1.980108,1.980108,1.980108,1.980108,1.980108,1.980108,2.970162,1.980108,1.980108,1.980108,1.980108,1.980108,1.980108,1.980108,1.980108,1.980108,1.980108,1.980108,1.980108,1.980108,1.980108,1.980108,2.970162,1.980108,1.980108,1.980108,1.980108,1.980108,1.980108,1.980108,1.980108,1.980108,1.980108,1.980108,1.980108,1.980108,1.980108,1.980108,2.970162,1.980108,1.980108,1.980108,1.980108,1.980108,1.980108,1.980108,1.980108,1.980108,1.980108,1.980108,1.980108,1.980108,1.980108,1.980108,2.970162,1.980108,1.980108,1.980108,1.980108,1.980108,1.980108,1.980108,1.980108,1.980108,1.980108,1.980108,1.980108,1.980108,1.980108,1.980108,2.970162,1.980108,1.980108,1.980108,1.980108,1.980108,1.980108,1.980108,1.980108,1.980108,1.980108,1.980108,1.980108,1.980108,1.980108,1.980108,2.970162,1.980108,1.980108,1.980108,1.980108,1.980108,1.980108,1.980108,1.980108,1.980108,1.980108,1.980108,1.980108,1.980108,1.980108,1.980108,2.970162,1.980108,2.970162,2.970162,2.970162,2.970162,2.970162,2.970162,2.970162,2.970162,2.970162,2.970162,2.970162,2.970162,2.970162,2.970162,-29.794718,2.970162,1.980108,1.980108,1.980108,1.980108,1.980108,1.980108,1.980108,1.980108,1.980108,1.980108,1.980108,1.980108,1.980108,1.980108,2.970162,1.980108,1.980108,1.980108,1.980108,1.980108,1.980108,1.980108,1.980108,1.980108,1.980108,1.980108,1.980108,1.980108,1.980108,1.980108,2.970162,1.980108,1.980108,1.980108,1.980108,1.980108,1.980108,1.980108,1.980108,1.980108,1.980108,1.980108,1.980108,1.980108,1.980108,1.980108,2.970162,1.980108,1.980108,1.980108,1.980108,1.980108,1.980108,1.980108,1.980108,1.980108,1.980108,1.980108,1.980108,1.980108,1.980108,1.980108,2.970162,1.980108,1.980108,1.980108,1.980108,1.980108,1.980108,1.980108,1.980108,1.980108,1.980108,1.980108,1.980108,1.980108,1.980108,1.980108,2.970162,1.980108,1.980108,1.980108,1.980108,1.980108,1.980108,1.980108,1.980108,1.980108,1.980108,1.980108,1.980108,1.980108,1.980108,1.980108,2.970162,1.980108,1.980108,1.980108,1.980108,1.980108,1.980108,1.980108,1.980108,1.980108,1.980108,1.980108,1.980108,1.980108,1.980108,1.980108,2.970162,1.980108,1.980108,1.980108,1.980108,1.980108,1.980108,1.980108,1.980108,1.980108,1.980108,1.980108,1.980108,1.980108,1.980108,1.980108,2.970162,1.980108
1.980108,1.980108,1.980108,1.980108,1.980108,1.980108,1.980108,1.980108,1.980108,1.980108,1.980108,1.980108,1.980108,1.980108,1.980108,2.970162,1.980108,1.980108,1.980108,1.980108,1.980108,1.980108,1.980108,1.980108,1.980108,1.980108,1.980108,1.980108,1.980108,1.980108,1.980108,2.970162,1.980108,1.980108,1.980108,1.980108,1.980108,1.980108,1.980108,1.980108,1.980108,1.980108,1.980108,1.980108,1.980108,1.980108,1.980108,2.970162,1.980108,1.980108,1.980108,1.980108,1.980108,1.980108,1.980108,1.980108,1.980108,1.980108,1.980108,1.980108,1.980108,1.980108,1.980108,2.970162,1.980108,1.980108,1.980108,1.980108,1.980108,1.980108,1.980108,1.980108,1.980108,1.980108,1.980108,1.980108,1.980108,1.980108,1.980108,2.970162,1.980108,1.980108,1.980108,1.980108,1.980108,1.980108,1.980108,1.980108,1.980108,1.980108,1.980108,1.980108,1.980108,1.980108,1.980108,2.970162,1.980108,1.980108,1.980108,1.980108,1.980108,1.980108,1.980108,1.980108,1.980108,1.980108,1.980108,1.980108,1.980108,1.980108,1.980108,2.970162,1.980108,1.980108,1.980108,1.980108,1.980108,1.980108,1.980108,1.980108,1.980108,1.980108,1.980108,1.980108,1.980108,1.980108,1.980108,2.970162,1.980108,1.980108,1.980108,1.980108,1.980108,1.980108,1.980108,1.980108,1.980108,1.980108,1.980108,1.980108,1.980108,1.980108,1.980108,2.970162,1.980108,1.980108,1.980108,1.980108,1.980108,1.980108,1.980108,1.980108,1.980108,1.980108,1.980108,1.980108,1.980108,1.980108,1.980108,2.970162,1.980108,1.980108,1.980108,1.980108,1.980108,1.980108,1.980108,1.980108,1.980108,1.980108,1.980108,1.980108,1.980108,1.980108,1.980108,2.970162,2.970162,2.970162,2.970162,2.970162,2.970162,2.970162,2.970162,2.970162,2.970162,2.970162,2.970162,2.970162,2.970162,2.970162,2.970162,-30.598831,1.980108,1.980108,1.980108,1.980108,1.980108,1.980108,1.980108,1.980108,1.980108,1.980108,1.980108,1.980108,1.980108,1.980108,1.980108,2.970162,1.980108,1.980108,1.980108,1.980108,1.980108,1.980108,1.980108,1.980108,1.980108,1.980108,1.980108,1.980108,1.980108,1.980108,1.980108,2.970162,1.980108,1.980108,1.980108,1.980108,1.980108,1.980108,1.980108,1.980108,1.980108,1.980108,1.980108,1.980108,1.980108,1.980108,1.980108,2.970162,1.980108,1.980108,1.980108,1.980108,1.980108,1.980108,1.980108,1.980108,1.980108,1.980108,1.980108,1.980108,1.980108,1.980108,1.980108,2.970162,1.980108,1.980108,1.980108,1.980108,1.980108,1.980108,1.980108,1.980108,1.980108,1.980108,1.980108,1.980108,1.980108,1.980108,1.980108,2.970162,1.980108,1.980108,1.980108,1.980108,1.980108,1.980108,1.980108,1.980108,1.980108,1.980108,1.980108,1.980108,1.980108,1.980108,1.980108,2.970162,1.980108,1.980108,1.980108,1.980108,1.980108,1.980108,1.980108,1.980108,1.980108,1.980108,1.980108,1.980108,1.980108,1.980108,1.980108,2.970162,1.980108,1.980108,1.980108,1.980108,1.980108,1.980108,1.980108,1.980108,1.980108,1.980108,1.980108,1.980108,1.980108,1.980108,1.980108,2.970162
2.970162,1.980108,1.980108,1.980108,1.980108,1.980108,1.980108,1.980108,1.980108,1.980108,1.980108,1.980108,1.980108,1.980108,1.980108,1.980108,2.970162,1.980108,1.980108,1.980108,1.980108,1.980108,1.980108,1.980108,1.980108,1.980108,1.980108,1.980108,1.980108,1.980108,1.980108,1.980108,2.970162,1.980108,1.980108,1.980108,1.980108,1.980108,1.980108,1.980108,1.980108,1.980108,1.980108,1.980108,1.980108,1.980108,1.980108,1.980108,2.970162,1.980108,1.980108,1.980108,1.980108,1.980108,1.980108,1.980108,1.980108,1.980108,1.980108,1.980108,1.980108,1.980108,1.980108,1.980108,2.970162,1.980108,1.980108,1.980108,1.980108,1.980108,1.980108,1.980108,1.980108,1.980108,1.980108,1.980108,1.980108,1.980108,1.980108,1.980108,2.970162,1.980108,1.980108,1.980108,1.980108,1.980108,1.980108,1.980108,1.980108,1.980108,1.980108,1.980108,1.980108,1.980108,1.980108,1.980108,2.970162,1.980108,1.980108,1.980108,1.980108,1.980108,1.980108,1.980108,1.980108,1.980108,1.980108,1.980108,1.980108,1.980108,1.980108,1.980108,2.970162,1.980108,1.980108,1.980108,1.980108,1.980108,1.980108,1.980108,1.980108,1.980108,1.980108,1.980108,1.980108,1.980108,1.980108,1.980108,2.970162,1.980108,1.980108,1.980108,1.980108,1.980108,1.980108,1.980108,1.980108,1.980108,1.980108,1.980108,1.980108,1.980108,1.980108,1.980108,2.970162,1.980108,1.980108,1.980108,1.980108,1.980108,1.980108,1.980108,1.980108,1.980108,1.980108,1.980108,1.980108,1.980108,1.980108,1.980108,2.970162,1.980108,1.980108,1.980108,1.980108,1.980108,1.980108,1.980108,1.980108,1.980108,1.980108,1.980108,1.980108,1.980108,1.980108,1.980108,2.970162,1.980108,1.980108,1.980108,1.980108,1.980108,1.980108,1.980108,1.980108,1.980108,1.980108,1.980108,1.980108,1.980108,1.980108,1.980108,-30.602034,2.970162,2.970162,2.970162,2.970162,2.970162,2.970162,2.970162,2.970162,2.970162,2.970162,2.970162,2.970162,2.970162,2.970162,2.970162,2.970162,1.980108,1.980108,1.980108,1.980108,1.980108,1.980108,1.980108,1.980108,1.980108,1.980108,1.980108,1.980108,1.980108,1.980108,1.980108,2.970162,1.980108,1.980108,1.980108,1.980108,1.980108,1.980108,1.980108,1.980108,1.980108,1.980108,1.980108,1.980108,1.980108,1.980108,1.980108,2.970162,1.980108,1.980108,1.980108,1.980108,1.980108,1.980108,1.980108,1.980108,1.980108,1.980108,1.980108,1.980108,1.980108,1.980108,1.980108,2.970162,1.980108,1.980108,1.980108,1.980108,1.980108,1.980108,1.980108,1.980108,1.980108,1.980108,1.980108,1.980108,1.980108,1.980108,1.980108,2.970162,1.980108,1.980108,1.980108,1.980108,1.980108,1.980108,1.980108,1.980108,1.980108,1.980108,1.980108,1.980108,1.980108,1.980108,1.980108,2.970162,1.980108,1.980108,1.980108,1.980108,1.980108,1.980108,1.980108,1.980108,1.980108,1.980108,1.980108,1.980108,1.980108,1.980108,1.980108,2.970162,1.980108,1.980108,1.980108,1.980108,1.980108,1.980108,1.980108,1.980108,1.980108,1.980108,1.980108,1.980108,1.980108,1.980108,1.980108
1.980108,2.970162,1.980108,1.980108,1.980108,1.980108,1.980108,1.980108,1.980108,1.980108,1.980108,1.980108,1.980108,1.980108,1.980108,1.980108,1.980108,2.970162,1.980108,1.980108,1.980108,1.980108,1.980108,1.980108,1.980108,1.980108,1.980108,1.980108,1.980108,1.980108,1.980108,1.980108,1.980108,2.970162,1.980108,1.980108,1.980108,1.980108,1.980108,1.980108,1.980108,1.980108,1.980108,1.980108,1.980108,1.980108,1.980108,1.980108,1.980108,2.970162,1.980108,1.980108,1.980108,1.980108,1.980108,1.980108,1.980108,1.980108,1.980108,1.980108,1.980108,1.980108,1.980108,1.980108,1.980108,2.970162,1.980108,1.980108,1.980108,1.980108,1.980108,1.980108,1.980108,1.980108,1.980108,1.980108,1.980108,1.980108,1.980108,1.980108,1.980108,2.970162,1.980108,1.980108,1.980108,1.980108,1.980108,1.980108,1.980108,1.980108,1.980108,1.980108,1.980108,1.980108,1.980108,1.980108,1.980108,2.970162,1.980108,1.980108,1.980108,1.980108,1.980108,1.980108,1.980108,1.980108,1.980108,1.980108,1.980108,1.980108,1.980108,1.980108,1.980108,2.970162,1.980108,1.980108,1.980108,1.980108,1.980108,1.980108,1.980108,1.980108,1.980108,1.980108,1.980108,1.980108,1.980108,1.980108,1.980108,2.970162,1.980108,1.980108,1.980108,1.980108,1.980108,1.980108,1.980108,1.980108,1.980108,1.980108,1.980108,1.980108,1.980108,1.980108,1.980108,2.970162,1.980108,1.980108,1.980108,1.980108,1.980108,1.980108,1.980108,1.980108,1.980108,1.980108,1.980108,1.980108,1.980108,1.980108,1.980108,2.970162,1.980108,1.980108,1.980108,1.980108,1.980108,1.980108,1.980108,1.980108,1.980108,1.980108,1.980108,1.980108,1.980108,1.980108,1.980108,2.970162,1.980108,1.980108,1.980108,1.980108,1.980108,1.980108,1.980108,1.980108,1.980108,1.980108,1.980108,1.980108,1.980108,1.980108,2.970162,-30.334717,2.970162,2.970162,2.970162,2.970162,2.970162,2.970162,2.970162,2.970162,2.970162,2.970162,2.970162,2.970162,2.970162,2.970162,1.980108,2.970162,1.980108,1.980108,1.980108,1.980108,1.980108,1.980108,1.980108,1.980108,1.980108,1.980108,1.980108,1.980108,1.980108,1.980108,1.980108,2.970162,1.980108,1.980108,1.980108,1.980108,1.980108,1.980108,1.980108,1.980108,1.980108,1.980108,1.980108,1.980108,1.980108,1.980108,1.980108,2.970162,1.980108,1.980108,1.980108,1.980108,1.980108,1.980108,1.980108,1.980108,1.980108,1.980108,1.980108,1.980108,1.980108,1.980108,1.980108,2.970162,1.980108,1.980108,1.980108,1.980108,1.980108,1.980108,1.980108,1.980108,1.980108,1.980108,1.980108,1.980108,1.980108,1.980108,1.980108,2.970162,1.980108,1.980108,1.980108,1.980108,1.980108,1.980108,1.980108,1.980108,1.980108,1.980108,1.980108,1.980108,1.980108,1.980108,1.980108,2.970162,1.980108,1.980108,1.980108,1.980108,1.980108,1.980108,1.980108,1.980108,1.980108,1.980108,1.980108,1.980108,1.980108,1.980108,1.980108,2.970162,1.980108,1.980108,1.980108,1.980108,1.980108,1.980108,1.980108,1.980108,1.980108,1.980108,1.980108,1.980108,1.980108,1.980108
1.980108,1.980108,2.970162,1.980108,1.980108,1.980108,1.980108,1.980108,1.980108,1.980108,1.980108,1.980108,1.980108,1.980108,1.980108,1.980108,1.980108,1.980108,2.970162,1.980108,1.980108,1.980108,1.980108,1.980108,1.980108,1.980108,1.980108,1.980108,1.980108,1.980108,1.980108,1.980108,1.980108,1.980108,2.970162,1.980108,1.980108,1.980108,1.980108,1.980108,1.980108,1.980108,1.980108,1.980108,1.980108,1.980108,1.980108,1.980108,1.980108,1.980108,2.970162,1.980108,1.980108,1.980108,1.980108,1.980108,1.980108,1.980108,1.980108,1.980108,1.980108,1.980108,1.980108,1.980108,1.980108,1.980108,2.970162,1.980108,1.980108,1.980108,1.980108,1.980108,1.980108,1.980108,1.980108,1.980108,1.980108,1.980108,1.980108,1.980108,1.980108,1.980108,2.970162,1.980108,1.980108,1.980108,1.980108,1.980108,1.980108,1.980108,1.980108,1.980108,1.980108,1.980108,1.980108,1.980108,1.980108,1.980108,2.970162,1.980108,1.980108,1.980108,1.980108,1.980108,1.980108,1.980108,1.980108,1.980108,1.980108,1.980108,1.980108,1.980108,1.980108,1.980108,2.970162,1.980108,1.980108,1.980108,1.980108,1.980108,1.980108,1.980108,1.980108,1.980108,1.980108,1.980108,1.980108,1.980108,1.980108,1.980108,2.970162,1.980108,1.980108,1.980108,1.980108,1.980108,1.980108,1.980108,1.980108,1.980108,1.980108,1.980108,1.980108,1.980108,1.980108,1.980108,2.970162,1.980108,1.980108,1.980108,1.980108,1.980108,1.980108,1.980108,1.980108,1.980108,1.980108,1.980108,1.980108,1.980108,1.980108,1.980108,2.970162,1.980108,1.980108,1.980108,1.980108,1.980108,1.980108,1.980108,1.980108,1.980108,1.980108,1.980108,1.980108,1.980108,1.980108,1.980108,2.970162,1.980108,1.980108,1.980108,1.980108,1.980108,1.980108,1.980108,1.980108,1.980108,1.980108,1.980108,1.980108,1.980108,2.970162,2.970162,-30.040645,2.970162,2.970162,2.970162,2.970162,2.970162,2.970162,2.970162,2.970162,2.970162,2.970162,2.970162,2.970162,2.970162,1.980108,1.980108,2.970162,1.980108,1.980108,1.980108,1.980108,1.980108,1.980108,1.980108,1.980108,1.980108,1.980108,1.980108,1.980108,1.980108,1.980108,1.980108,2.970162,1.980108,1.980108,1.980108,1.980108,1.980108,1.980108,1.980108,1.980108,1.980108,1.980108,1.980108,1.980108,1.980108,1.980108,1.980108,2.970162,1.980108,1.980108,1.980108,1.980108,1.980108,1.980108,1.980108,1.980108,1.980108,1.980108,1.980108,1.980108,1.980108,1.980108,1.980108,2.970162,1.980108,1.980108,1.980108,1.980108,1.980108,1.980108,1.980108,1.980108,1.980108,1.980108,1.980108,1.980108,1.980108,1.980108,1.980108,2.970162,1.980108,1.980108,1.980108,1.980108,1.980108,1.980108,1.980108,1.980108,1.980108,1.980108,1.980108,1.980108,1.980108,1.980108,1.980108,2.970162,1.980108,1.980108,1.980108,1.980108,1.980108,1.980108,1.980108,1.980108,1.980108,1.980108,1.980108,1.980108,1.980108,1.980108,1.980108,2.970162,1.980108,1.980108,1.980108,1.980108,1.980108,1.980108,1.980108,1.980108,1.980108,1.980108,1.980108,1.980108,1.980108
1.980108,1.980108,1.980108,2.970162,1.980108,1.980108,1.980108,1.980108,1.980108,1.980108,1.980108,1.980108,1.980108,1.980108,1.980108,1.980108,1.980108,1.980108,1.980108,2.970162,1.980108,1.980108,1.980108,1.980108,1.980108,1.980108,1.980108,1.980108,1.980108,1.980108,1.980108,1.980108,1.980108,1.980108,1.980108,2.970162,1.980108,1.980108,1.980108,1.980108,1.980108,1.980108,1.980108,1.980108,1.980108,1.980108,1.980108,1.980108,1.980108,1.980108,1.980108,2.970162,1.980108,1.980108,1.980108,1.980108,1.980108,1.980108,1.980108,1.980108,1.980108,1.980108,1.980108,1.980108,1.980108,1.980108,1.980108,2.970162,1.980108,1.980108,1.980108,1.980108,1.980108,1.980108,1.980108,1.980108,1.980108,1.980108,1.980108,1.980108,1.980108,1.980108,1.980108,2.970162,1.980108,1.980108,1.980108,1.980108,1.980108,1.980108,1.980108,1.980108,1.980108,1.980108,1.980108,1.980108,1.980108,1.980108,1.980108,2.970162,1.980108,1.980108,1.980108,1.980108,1.980108,1.980108,1.980108,1.980108,1.980108,1.980108,1.980108,1.980108,1.980108,1.980108,1.980108,2.970162,1.980108,1.980108,1.980108,1.980108,1.980108,1.980108,1.980108,1.980108,1.980108,1.980108,1.980108,1.980108,1.980108,1.980108,1.980108,2.970162,1.980108,1.980108,1.980108,1.980108,1.980108,1.980108,1.980108,1.980108,1.980108,1.980108,1.980108,1.980108,1.980108,1.980108,1.980108,2.970162,1.980108,1.980108,1.980108,1.980108,1.980108,1.980108,1.980108,1.980108,1.980108,1.980108,1.980108,1.980108,1.980108,1.980108,1.980108,2.970162,1.980108,1.980108,1.980108,1.980108,1.980108,1.980108,1.980108,1.980108,1.980108,1.980108,1.980108,1.980108,1.980108,1.980108,1.980108,2.970162,1.980108,1.980108,1.980108,1.980108,1.980108,1.980108,1.980108,1.980108,1.980108,1.980108,1.980108,1.980108,2.970162,2.970162,2.970162,-30.050825,2.970162,2.970162,2.970162,2.970162,2.970162,2.970162,2.970162,2.970162,2.970162,2.970162,2.970162,2.970162,1.980108,1.980108,1.980108,2.970162,1.980108,1.980108,1.980108,1.980108,1.980108,1.980108,1.980108,1.980108,1.980108,1.980108,1.980108,1.980108,1.980108,1.980108,1.980108,2.970162,1.980108,1.980108,1.980108,1.980108,1.980108,1.980108,1.980108,1.980108,1.980108,1.980108,1.980108,1.980108,1.980108,1.980108,1.980108,2.970162,1.980108,1.980108,1.980108,1.980108,1.980108,1.980108,1.980108,1.980108,1.980108,1.980108,1.980108,1.980108,1.980108,1.980108,1.980108,2.970162,1.980108,1.980108,1.980108,1.980108,1.980108,1.980108,1.980108,1.980108,1.980108,1.980108,1.980108,1.980108,1.980108,1.980108,1.980108,2.970162,1.980108,1.980108,1.980108,1.980108,1.980108,1.980108,1.980108,1.980108,1.980108,1.980108,1.980108,1.980108,1.980108,1.980108,1.980108,2.970162,1.980108,1.980108,1.980108,1.980108,1.980108,1.980108,1.980108,1.980108,1.980108,1.980108,1.980108,1.980108,1.980108,1.980108,1.980108,2.970162,1.980108,1.980108,1.980108,1.980108,1.980108,1.980108,1.980108,1.980108,1.980108,1.980108,1.980108,1.980108
1.980108,1.980108,1.980108,1.980108,2.970162,1.980108,1.980108,1.980108,1.980108,1.980108,1.980108,1.980108,1.980108,1.980108,1.980108,1.980108,1.980108,1.980108,1.980108,1.980108,2.970162,1.980108,1.980108,1.980108,1.980108,1.980108,1.980108,1.980108,1.980108,1.980108,1.980108,1.980108,1.980108,1.980108,1.980108,1.980108,2.970162,1.980108,1.980108,1.980108,1.980108,1.980108,1.980108,1.980108,1.980108,1.980108,1.980108,1.980108,1.980108,1.980108,1.980108,1.980108,2.970162,1.980108,1.980108,1.980108,1.980108,1.980108,1.980108,1.980108,1.980108,1.980108,1.980108,1.980108,1.980108,1.980108,1.980108,1.980108,2.970162,1.980108,1.980108,1.980108,1.980108,1.980108,1.980108,1.980108,1.980108,1.980108,1.980108,1.980108,1.980108,1.980108,1.980108,1.980108,2.970162,1.980108,1.980108,1.980108,1.980108,1.980108,1.980108,1.980108,1.980108,1.980108,1.980108,1.980108,1.980108,1.980108,1.980108,1.980108,2.970162,1.980108,1.980108,1.980108,1.980108,1.980108,1.980108,1.980108,1.980108,1.980108,1.980108,1.980108,1.980108,1.980108,1.980108,1.980108,2.970162,1.980108,1.980108,1.980108,1.980108,1.980108,1.980108,1.980108,1.980108,1.980108,1.980108,1.980108,1.980108,1.980108,1.980108,1.980108,2.970162,1.980108,1.980108,1.980108,1.980108,1.980108,1.980108,1.980108,1.980108,1.980108,1.980108,1.980108,1.980108,1.980108,1.980108,1.980108,2.970162,1.980108,1.980108,1.980108,1.980108,1.980108,1.980108,1.980108,1.980108,1.980108,1.980108,1.980108,1.980108,1.980108,1.980108,1.980108,2.970162,1.980108,1.980108,1.980108,1.980108,1.980108,1.980108,1.980108,1.980108,1.980108,1.980108,1.980108,1.980108,1.980108,1.980108,1.980108,2.970162,1.980108,1.980108,1.980108,1.980108,1.980108,1.980108,1.980108,1.980108,1.980108,1.980108,1.980108,2.970162,2.970162,2.970162,2.970162,-30.427571,2.970162,2.970162,2.970162,2.970162,2.970162,2.970162,2.970162,2.970162,2.970162,2.970162,2.970162,1.980108,1.980108,1.980108,1.980108,2.970162,1.980108,1.980108,1.980108,1.980108,1.980108,1.980108,1.980108,1.980108,1.980108,1.980108,1.980108,1.980108,1.980108,1.980108,1.980108,2.970162,1.980108,1.980108,1.980108,1.980108,1.980108,1.980108,1.980108,1.980108,1.980108,1.980108,1.980108,1.980108,1.980108,1.980108,1.980108,2.970162,1.980108,1.980108,1.980108,1.980108,1.980108,1.980108,1.980108,1.980108,1.980108,1.980108,1.980108,1.980108,1.980108,1.980108,1.980108,2.970162,1.980108,1.980108,1.980108,1.980108,1.980108,1.980108,1.980108,1.980108,1.980108,1.980108,1.980108,1.980108,1.980108,1.980108,1.980108,2.970162,1.980108,1.980108,1.980108,1.980108,1.980108,1.980108,1.980108,1.980108,1.980108,1.980108,1.980108,1.980108,1.980108,1.980108,1.980108,2.970162,1.980108,1.980108,1.980108,1.980108,1.980108,1.980108,1.980108,1.980108,1.980108,1.980108,1.980108,1.980108,1.980108,1.980108,1.980108,2.970162,1.980108,1.980108,1.980108,1.980108,1.980108,1.980108,1.980108,1.980108,1.980108,1.980108,1.980108
1.980108,1.980108,1.980108,1.980108,1.980108,2.970162,1.980108,1.980108,1.980108,1.980108,1.980108,1.980108,1.980108,1.980108,1.980108,1.980108,1.980108,1.980108,1.980108,1.980108,1.980108,2.970162,1.980108,1.980108,1.980108,1.980108,1.980108,1.980108,1.980108,1.980108,1.980108,1.980108,1.980108,1.980108,1.980108,1.980108,1.980108,2.970162,1.980108,1.980108,1.980108,1.980108,1.980108,1.980108,1.980108,1.980108,1.980108,1.980108,1.980108,1.980108,1.980108,1.980108,1.980108,2.970162,1.980108,1.980108,1.980108,1.980108,1.980108,1.980108,1.980108,1.980108,1.980108,1.980108,1.980108,1.980108,1.980108,1.980108,1.980108,2.970162,1.980108,1.980108,1.980108,1.980108,1.980108,1.980108,1.980108,1.980108,1.980108,1.980108,1.980108,1.980108,1.980108,1.980108,1.980108,2.970162,1.980108,1.980108,1.980108,1.980108,1.980108,1.980108,1.980108,1.980108,1.980108,1.980108,1.980108,1.980108,1.980108,1.980108,1.980108,2.970162,1.980108,1.980108,1.980108,1.980108,1.980108,1.980108,1.980108,1.980108,1.980108,1.980108,1.980108,1.980108,1.980108,1.980108,1.980108,2.970162,1.980108,1.980108,1.980108,1.980108,1.980108,1.980108,1.980108,1.980108,1.980108,1.980108,1.980108,1.980108,1.980108,1.980108,1.980108,2.970162,1.980108,1.980108,1.980108,1.980108,1.980108,1.980108,1.980108,1.980108,1.980108,1.980108,1.980108,1.980108,1.980108,1.980108,1.980108,2.970162,1.980108,1.980108,1.980108,1.980108,1.980108,1.980108,1.980108,1.980108,1.980108,1.980108,1.980108,1.980108,1.980108,1.980108,1.980108,2.970162,1.980108,1.980108,1.980108,1.980108,1.980108,1.980108,1.980108,1.980108,1.980108,1.980108,1.980108,1.980108,1.980108,1.980108,1.980108,2.970162,1.980108,1.980108,1.980108,1.980108,1.980108,1.980108,1.980108,1.980108,1.980108,1.980108,2.970162,2.970162,2.970162,2.970162,2.970162,-30.598726,2.970162,2.970162,2.970162,2.970162,2.970162,2.970162,2.970162,2.970162,2.970162,2.970162,1.980108,1.980108,1.980108,1.980108,1.980108,2.970162,1.980108,1.980108,1.980108,1.980108,1.980108,1.980108,1.980108,1.980108,1.980108,1.980108,1.980108,1.980108,1.980108,1.980108,1.980108,2.970162,1.980108,1.980108,1.980108,1.980108,1.980108,1.980108,1.980108,1.980108,1.980108,1.980108,1.980108,1.980108,1.980108,1.980108,1.980108,2.970162,1.980108,1.980108,1.980108,1.980108,1.980108,1.980108,1.980108,1.980108,1.980108,1.980108,1.980108,1.980108,1.980108,1.980108,1.980108,2.970162,1.980108,1.980108,1.980108,1.980108,1.980108,1.980108,1.980108,1.980108,1.980108,1.980108,1.980108,1.980108,1.980108,1.980108,1.980108,2.970162,1.980108,1.980108,1.980108,1.980108,1.980108,1.980108,1.980108,1.980108,1.980108,1.980108,1.980108,1.980108,1.980108,1.980108,1.980108,2.970162,1.980108,1.980108,1.980108,1.980108,1.980108,1.980108,1.980108,1.980108,1.980108,1.980108,1.980108,1.980108,1.980108,1.980108,1.980108,2.970162,1.980108,1.980108,1.980108,1.980108,1.980108,1.980108,1.980108,1.980108,1.980108,1.980108
1.980108,1.980108,1.980108,1.980108,1.980108,1.980108,2.970162,1.980108,1.980108,1.980108,1.980108,1.980108,1.980108,1.980108,1.980108,1.980108,1.980108,1.980108,1.980108,1.980108,1.980108,1.980108,2.970162,1.980108,1.980108,1.980108,1.980108,1.980108,1.980108,1.980108,1.980108,1.980108,1.980108,1.980108,1.980108,1.980108,1.980108,1.980108,2.970162,1.980108,1.980108,1.980108,1.980108,1.980108,1.980108,1.980108,1.980108,1.980108,1.980108,1.980108,1.980108,1.980108,1.980108,1.980108,2.970162,1.980108,1.980108,1.980108,1.980108,1.980108,1.980108,1.980108,1.980108,1.980108,1.980108,1.980108,1.980108,1.980108,1.980108,1.980108,2.970162,1.980108,1.980108,1.980108,1.980108,1.980108,1.980108,1.980108,1.980108,1.980108,1.980108,1.980108,1.980108,1.980108,1.980108,1.980108,2.970162,1.980108,1.980108,1.980108,1.980108,1.980108,1.980108,1.980108,1.980108,1.980108,1.980108,1.980108,1.980108,1.980108,1.980108,1.980108,2.970162,1.980108,1.980108,1.980108,1.980108,1.980108,1.980108,1.980108,1.980108,1.980108,1.980108,1.980108,1.980108,1.980108,1.980108,1.980108,2.970162,1.980108,1.980108,1.980108,1.980108,1.980108,1.980108,1.980108,1.980108,1.980108,1.980108,1.980108,1.980108,1.980108,1.980108,1.980108,2.970162,1.980108,1.980108,1.980108,1.980108,1.980108,1.980108,1.980108,1.980108,1.980108,1.980108,1.980108,1.980108,1.980108,1.980108,1.980108,2.970162,1.980108,1.980108,1.980108,1.980108,1.980108,1.980108,1.980108,1.980108,1.980108,1.980108,1.980108,1.980108,1.980108,1.980108,1.980108,2.970162,1.980108,1.980108,1.980108,1.980108,1.980108,1.980108,1.980108,1.980108,1.980108,1.980108,1.980108,1.980108,1.980108,1.980108,1.980108,2.970162,1.980108,1.980108,1.980108,1.980108,1.980108,1.980108,1.980108,1.980108,1.980108,2.970162,2.970162,2.970162,2.970162,2.970162,2.970162,-30.588702,2.970162,2.970162,2.970162,2.970162,2.970162,2.970162,2.970162,2.970162,2.970162,1.980108,1.980108,1.980108,1.980108,1.980108,1.980108,2.970162,1.980108,1.980108,1.980108,1.980108,1.980108,1.980108,1.980108,1.980108,1.980108,1.980108,1.980108,1.980108,1.980108,1.980108,1.980108,2.970162,1.980108,1.980108,1.980108,1.980108,1.980108,1.980108,1.980108,1.980108,1.980108,1.980108,1.980108,1.980108,1.980108,1.980108,1.980108,2.970162,1.980108,1.980108,1.980108,1.980108,1.980108,1.980108,1.980108,1.980108,1.980108,1.980108,1.980108,1.980108,1.980108,1.980108,1.980108,2.970162,1.980108,1.980108,1.980108,1.980108,1.980108,1.980108,1.980108,1.980108,1.980108,1.980108,1.980108,1.980108,1.980108,1.980108,1.980108,2.970162,1.980108,1.980108,1.980108,1.980108,1.980108,1.980108,1.980108,1.980108,1.980108,1.980108,1.980108,1.980108,1.980108,1.980108,1.980108,2.970162,1.980108,1.980108,1.980108,1.980108,1.980108,1.980108,1.980108,1.980108,1.980108,1.980108,1.980108,1.980108,1.980108,1.980108,1.980108,2.970162,1.980108,1.980108,1.980108,1.980108,1.980108,1.980108,1.980108,1.980108,1.980108
1.980108,1.980108,1.980108,1.980108,1.980108,1.980108,1.980108,2.970162,1.980108,1.980108,1.980108,1.980108,1.980108,1.980108,1.980108,1.980108,1.980108,1.980108,1.980108,1.980108,1.980108,1.980108,1.980108,2.970162,1.980108,1.980108,1.980108,1.980108,1.980108,1.980108,1.980108,1.980108,1.980108,1.980108,1.980108,1.980108,1.980108,1.980108,1.980108,2.970162,1.980108,1.980108,1.980108,1.980108,1.980108,1.980108,1.980108,1.980108,1.980108,1.980108,1.980108,1.980108,1.980108,1.980108,1.980108,2.970162,1.980108,1.980108,1.980108,1.980108,1.980108,1.980108,1.980108,1.980108,1.980108,1.980108,1.980108,1.980108,1.980108,1.980108,1.980108,2.970162,1.980108,1.980108,1.980108,1.980108,1.980108,1.980108,1.980108,1.980108,1.980108,1.980108,1.980108,1.980108,1.980108,1.980108,1.980108,2.970162,1.980108,1.980108,1.980108,1.980108,1.980108,1.980108,1.980108,1.980108,1.980108,1.980108,1.980108,1.980108,1.980108,1.980108,1.980108,2.970162,1.980108,1.980108,1.980108,1.980108,1.980108,1.980108,1.980108,1.980108,1.980108,1.980108,1.980108,1.980108,1.980108,1.980108,1.980108,2.970162,1.980108,1.980108,1.980108,1.980108,1.980108,1.980108,1.980108,1.980108,1.980108,1.980108,1.980108,1.980108,1.980108,1.980108,1.980108,2.970162,1.980108,1.980108,1.980108,1.980108,1.980108,1.980108,1.980108,1.980108,1.980108,1.980108,1.980108,1.980108,1.980108,1.980108,1.980108,2.970162,1.980108,1.980108,1.980108,1.980108,1.980108,1.980108,1.980108,1.980108,1.980108,1.980108,1.980108,1.980108,1.980108,1.980108,1.980108,2.970162,1.980108,1.980108,1.980108,1.980108,1.980108,1.980108,1.980108,1.980108,1.980108,1.980108,1.980108,1.980108,1.980108,1.980108,1.980108,2.970162,1.980108,1.980108,1.980108,1.980108,1.980108,1.980108,1.980108,1.980108,2.970162,2.970162,2.970162,2.970162,2.970162,2.970162,2.970162,-30.481491,2.970162,2.970162,2.970162,2.970162,2.970162,2.970162,2.970162,2.970162,1.980108,1.980108,1.980108,1.980108,1.980108,1.980108,1.980108,2.970162,1.980108,1.980108,1.980108,1.980108,1.980108,1.980108,1.980108,1.980108,1.980108,1.980108,1.980108,1.980108,1.980108,1.980108,1.980108,2.970162,1.980108,1.980108,1.980108,1.980108,1.980108,1.980108,1.980108,1.980108,1.980108,1.980108,1.980108,1.980108,1.980108,1.980108,1.980108,2.970162,1.980108,1.980108,1.980108,1.980108,1.980108,1.980108,1.980108,1.980108,1.980108,1.980108,1.980108,1.980108,1.980108,1.980108,1.980108,2.970162,1.980108,1.980108,1.980108,1.980108,1.980108,1.980108,1.980108,1.980108,1.980108,1.980108,1.980108,1.980108,1.980108,1.980108,1.980108,2.970162,1.980108,1.980108,1.980108,1.980108,1.980108,1.980108,1.980108,1.980108,1.980108,1.980108,1.980108,1.980108,1.980108,1.980108,1.980108,2.970162,1.980108,1.980108,1.980108,1.980108,1.980108,1.980108,1.980108,1.980108,1.980108,1.980108,1.980108,1.980108,1.980108,1.980108,1.980108,2.970162,1.980108,1.980108,1.980108,1.980108,1.980108,1.980108,1.980108,1.980108
1.980108,1.980108,1.980108,1.980108,1.980108,1.980108,1.980108,1.980108,2.970162,1.980108,1.980108,1.980108,1.980108,1.980108,1.980108,1.980108,1.980108,1.980108,1.980108,1.980108,1.980108,1.980108,1.980108,1.980108,2.970162,1.980108,1.980108,1.980108,1.980108,1.980108,1.980108,1.980108,1.980108,1.980108,1.980108,1.980108,1.980108,1.980108,1.980108,1.980108,2.970162,1.980108,1.980108,1.980108,1.980108,1.980108,1.980108,1.980108,1.980108,1.980108,1.980108,1.980108,1.980108,1.980108,1.980108,1.980108,2.970162,1.980108,1.980108,1.980108,1.980108,1.980108,1.980108,1.980108,1.980108,1.980108,1.980108,1.980108,1.980108,1.980108,1.980108,1.980108,2.970162,1.980108,1.980108,1.980108,1.980108,1.980108,1.980108,1.980108,1.980108,1.980108,1.980108,1.980108,1.980108,1.980108,1.980108,1.980108,2.970162,1.980108,1.980108,1.980108,1.980108,1.980108,1.980108,1.980108,1.980108,1.980108,1.980108,1.980108,1.980108,1.980108,1.980108,1.980108,2.970162,1.980108,1.980108,1.980108,1.980108,1.980108,1.980108,1.980108,1.980108,1.980108,1.980108,1.980108,1.980108,1.980108,1.980108,1.980108,2.970162,1.980108,1.980108,1.980108,1.980108,1.980108,1.980108,1.980108,1.980108,1.980108,1.980108,1.980108,1.980108,1.980108,1.980108,1.980108,2.970162,1.980108,1.980108,1.980108,1.980108,1.980108,1.980108,1.980108,1.980108,1.980108,1.980108,1.980108,1.980108,1.980108,1.980108,1.980108,2.970162,1.980108,1.980108,1.980108,1.980108,1.980108,1.980108,1.980108,1.980108,1.980108,1.980108,1.980108,1.980108,1.980108,1.980108,1.980108,2.970162,1.980108,1.980108,1.980108,1.980108,1.980108,1.980108,1.980108,1.980108,1.980108,1.980108,1.980108,1.980108,1.980108,1.980108,1.980108,2.970162,1.980108,1.980108,1.980108,1.980108,1.980108,1.980108,1.980108,2.970162,2.970162,2.970162,2.970162,2.970162,2.970162,2.970162,2.970162,-30.343647,2.970162,2.970162,2.970162,2.970162,2.970162,2.970162,2.970162,1.980108,1.980108,1.980108,1.980108,1.980108,1.980108,1.980108,1.980108,2.970162,1.980108,1.980108,1.980108,1.980108,1.980108,1.980108,1.980108,1.980108,1.980108,1.980108,1.980108,1.980108,1.980108,1.980108,1.980108,2.970162,1.980108,1.980108,1.980108,1.980108,1.980108,1.980108,1.980108,1.980108,1.980108,1.980108,1.980108,1.980108,1.980108,1.980108,1.980108,2.970162,1.980108,1.980108,1.980108,1.980108,1.980108,1.980108,1.980108,1.980108,1.980108,1.980108,1.980108,1.980108,1.980108,1.980108,1.980108,2.970162,1.980108,1.980108,1.980108,1.980108,1.980108,1.980108,1.980108,1.980108,1.980108,1.980108,1.980108,1.980108,1.980108,1.980108,1.980108,2.970162,1.980108,1.980108,1.980108,1.980108,1.980108,1.980108,1.980108,1.980108,1.980108,1.980108,1.980108,1.980108,1.980108,1.980108,1.980108,2.970162,1.980108,1.980108,1.980108,1.980108,1.980108,1.980108,1.980108,1.980108,1.980108,1.980108,1.980108,1.980108,1.980108,1.980108,1.980108,2.970162,1.980108,1.980108,1.980108,1.980108,1.980108,1.980108,1.980108
1.980108,1.980108,1.980108,1.980108,1.980108,1.980108,1.980108,1.980108,1.980108,2.970162,1.980108,1.980108,1.980108,1.980108,1.980108,1.980108,1.980108,1.980108,1.980108,1.980108,1.980108,1.980108,1.980108,1.980108,1.980108,2.970162,1.980108,1.980108,1.980108,1.980108,1.980108,1.980108,1.980108,1.980108,1.980108,1.980108,1.980108,1.980108,1.980108,1.980108,1.980108,2.970162,1.980108,1.980108,1.980108,1.980108,1.980108,1.980108,1.980108,1.980108,1.980108,1.980108,1.980108,1.980108,1.980108,1.980108,1.980108,2.970162,1.980108,1.980108,1.980108,1.980108,1.980108,1.980108,1.980108,1.980108,1.980108,1.980108,1.980108,1.980108,1.980108,1.980108,1.980108,2.970162,1.980108,1.980108,1.980108,1.980108,1.980108,1.980108,1.980108,1.980108,1.980108,1.980108,1.980108,1.980108,1.980108,1.980108,1.980108,2.970162,1.980108,1.980108,1.980108,1.980108,1.980108,1.980108,1.980108,1.980108,1.980108,1.980108,1.980108,1.980108,1.980108,1.980108,1.980108,2.970162,1.980108,1.980108,1.980108,1.980108,1.980108,1.980108,1.980108,1.980108,1.980108,1.980108,1.980108,1.980108,1.980108,1.980108,1.980108,2.970162,1.980108,1.980108,1.980108,1.980108,1.980108,1.980108,1.980108,1.980108,1.980108,1.980108,1.980108,1.980108,1.980108,1.980108,1.980108,2.970162,1.980108,1.980108,1.980108,1.980108,1.980108,1.980108,1.980108,1.980108,1.980108,1.980108,1.980108,1.980108,1.980108,1.980108,1.980108,2.970162,1.980108,1.980108,1.980108,1.980108,1.980108,1.980108,1.980108,1.980108,1.980108,1.980108,1.980108,1.980108,1.980108,1.980108,1.980108,2.970162,1.980108,1.980108,1.980108,1.980108,1.980108,1.980108,1.980108,1.980108,1.980108,1.980108,1.980108,1.980108,1.980108,1.980108,1.980108,2.970162,1.980108,1.980108,1.980108,1.980108,1.980108,1.980108,2.970162,2.970162,2.970162,2.970162,2.970162,2.970162,2.970162,2.970162,2.970162,-29.785755,2.970162,2.970162,2.970162,2.970162,2.970162,2.970162,1.980108,1.980108,1.980108,1.980108,1.980108,1.980108,1.980108,1.980108,1.980108,2.970162,1.980108,1.980108,1.980108,1.980108,1.980108,1.980108,1.980108,1.980108,1.980108,1.980108,1.980108,1.980108,1.980108,1.980108,1.980108,2.970162,1.980108,1.980108,1.980108,1.980108,1.980108,1.980108,1.980108,1.980108,1.980108,1.980108,1.980108,1.980108,1.980108,1.980108,1.980108,2.970162,1.980108,1.980108,1.980108,1.980108,1.980108,1.980108,1.980108,1.980108,1.980108,1.980108,1.980108,1.980108,1.980108,1.980108,1.980108,2.970162,1.980108,1.980108,1.980108,1.980108,1.980108,1.980108,1.980108,1.980108,1.980108,1.980108,1.980108,1.980108,1.980108,1.980108,1.980108,2.970162,1.980108,1.980108,1.980108,1.980108,1.980108,1.980108,1.980108,1.980108,1.980108,1.980108,1.980108,1.980108,1.980108,1.980108,1.980108,2.970162,1.980108,1.980108,1.980108,1.980108,1.980108,1.980108,1.980108,1.980108,1.980108,1.980108,1.980108,1.980108,1.980108,1.980108,1.980108,2.970162,1.980108,1.980108,1.980108,1.980108,1.980108,1.980108
1.980108,1.980108,1.980108,1.980108,1.980108,1.980108,1.980108,1.980108,1.980108,1.980108,2.970162,1.980108,1.980108,1.980108,1.980108,1.980108,1.980108,1.980108,1.980108,1.980108,1.980108,1.980108,1.980108,1.980108,1.980108,1.980108,2.970162,1.980108,1.980108,1.980108,1.980108,1.980108,1.980108,1.980108,1.980108,1.980108,1.980108,1.980108,1.980108,1.980108,1.980108,1.980108,2.970162,1.980108,1.980108,1.980108,1.980108,1.980108,1.980108,1.980108,1.980108,1.980108,1.980108,1.980108,1.980108,1.980108,1.980108,1.980108,2.970162,1.980108,1.980108,1.980108,1.980108,1.980108,1.980108,1.980108,1.980108,1.980108,1.980108,1.980108,1.980108,1.980108,1.980108,1.980108,2.970162,1.980108,1.980108,1.980108,1.980108,1.980108,1.980108,1.980108,1.980108,1.980108,1.980108,1.980108,1.980108,1.980108,1.980108,1.980108,2.970162,1.980108,1.980108,1.980108,1.980108,1.980108,1.980108,1.980108,1.980108,1.980108,1.980108,1.980108,1.980108,1.980108,1.980108,1.980108,2.970162,1.980108,1.980108,1.980108,1.980108,1.980108,1.980108,1.980108,1.980108,1.980108,1.980108,1.980108,1.980108,1.980108,1.980108,1.980108,2.970162,1.980108,1.980108,1.980108,1.980108,1.980108,1.980108,1.980108,1.980108,1.980108,1.980108,1.980108,1.980108,1.980108,1.980108,1.980108,2.970162,1.980108,1.980108,1.980108,1.980108,1.980108,1.980108,1.980108,1.980108,1.980108,1.980108,1.980108,1.980108,1.980108,1.980108,1.980108,2.970162,1.980108,1.980108,1.980108,1.980108,1.980108,1.980108,1.980108,1.980108,1.980108,1.980108,1.980108,1.980108,1.980108,1.980108,1.980108,2.970162,1.980108,1.980108,1.980108,1.980108,1.980108,1.980108,1.980108,1.980108,1.980108,1.980108,1.980108,1.980108,1.980108,1.980108,1.980108,2.970162,1.980108,1.980108,1.980108,1.980108,1.980108,2.970162,2.970162,2.970162,2.970162,2.970162,2.970162,2.970162,2.970162,2.970162,2.970162,-29.863244,2.970162,2.970162,2.970162,2.970162,2.970162,1.980108,1.980108,1.980108,1.980108,1.980108,1.980108,1.980108,1.980108,1.980108,1.980108,2.970162,1.980108,1.980108,1.980108,1.980108,1.980108,1.980108,1.980108,1.980108,1.980108,1.980108,1.980108,1.980108,1.980108,1.980108,1.980108,2.970162,1.980108,1.980108,1.980108,1.980108,1.980108,1.980108,1.980108,1.980108,1.980108,1.980108,1.980108,1.980108,1.980108,1.980108,1.980108,2.970162,1.980108,1.980108,1.980108,1.980108,1.980108,1.980108,1.980108,1.980108,1.980108,1.980108,1.980108,1.980108,1.980108,1.980108,1.980108,2.970162,1.980108,1.980108,1.980108,1.980108,1.980108,1.980108,1.980108,1.980108,1.980108,1.980108,1.980108,1.980108,1.980108,1.980108,1.980108,2.970162,1.980108,1.980108,1.980108,1.980108,1.980108,1.980108,1.980108,1.980108,1.980108,1.980108,1.980108,1.980108,1.980108,1.980108,1.980108,2.970162,1.980108,1.980108,1.980108,1.980108,1.980108,1.980108,1.980108,1.980108,1.980108,1.980108,1.980108,1.980108,1.980108,1.980108,1.980108,2.970162,1.980108,1.980108,1.980108,1.980108,1.980108
1.980108,1.980108,1.980108,1.980108,1.980108,1.980108,1.980108,1.980108,1.980108,1.980108,1.980108,2.970162,1.980108,1.980108,1.980108,1.980108,1.980108,1.980108,1.980108,1.980108,1.980108,1.980108,1.980108,1.980108,1.980108,1.980108,1.980108,2.970162,1.980108,1.980108,1.980108,1.980108,1.980108,1.980108,1.980108,1.980108,1.980108,1.980108,1.980108,1.980108,1.980108,1.980108,1.980108,2.970162,1.980108,1.980108,1.980108,1.980108,1.980108,1.980108,1.980108,1.980108,1.980108,1.980108,1.980108,1.980108,1.980108,1.980108,1.980108,2.970162,1.980108,1.980108,1.980108,1.980108,1.980108,1.980108,1.980108,1.980108,1.980108,1.980108,1.980108,1.980108,1.980108,1.980108,1.980108,2.970162,1.980108,1.980108,1.980108,1.980108,1.980108,1.980108,1.980108,1.980108,1.980108,1.980108,1.980108,1.980108,1.980108,1.980108,1.980108,2.970162,1.980108,1.980108,1.980108,1.980108,1.980108,1.980108,1.980108,1.980108,1.980108,1.980108,1.980108,1.980108,1.980108,1.980108,1.980108,2.970162,1.980108,1.980108,1.980108,1.980108,1.980108,1.980108,1.980108,1.980108,1.980108,1.980108,1.980108,1.980108,1.980108,1.980108,1.980108,2.970162,1.980108,1.980108,1.980108,1.980108,1.980108,1.980108,1.980108,1.980108,1.980108,1.980108,1.980108,1.980108,1.980108,1.980108,1.980108,2.970162,1.980108,1.980108,1.980108,1.980108,1.980108,1.980108,1.980108,1.980108,1.980108,1.980108,1.980108,1.980108,1.980108,1.980108,1.980108,2.970162,1.980108,1.980108,1.980108,1.980108,1.980108,1.980108,1.980108,1.980108,1.980108,1.980108,1.980108,1.980108,1.980108,1.980108,1.980108,2.970162,1.980108,1.980108,1.980108,1.980108,1.980108,1.980108,1.980108,1.980108,1.980108,1.980108,1.980108,1.980108,1.980108,1.980108,1.980108,2.970162,1.980108,1.980108,1.980108,1.980108,2.970162,2.970162,2.970162,2.970162,2.970162,2.970162,2.970162,2.970162,2.970162,2.970162,2.970162,-30.600170,2.970162,2.970162,2.970162,2.970162,1.980108,1.980108,1.980108,1.980108,1.980108,1.980108,1.980108,1.980108,1.980108,1.980108,1.980108,2.970162,1.980108,1.980108,1.980108,1.980108,1.980108,1.980108,1.980108,1.980108,1.980108,1.980108,1.980108,1.980108,1.980108,1.980108,1.980108,2.970162,1.980108,1.980108,1.980108,1.980108,1.980108,1.980108,1.980108,1.980108,1.980108,1.980108,1.980108,1.980108,1.980108,1.980108,1.980108,2.970162,1.980108,1.980108,1.980108,1.980108,1.980108,1.980108,1.980108,1.980108,1.980108,1.980108,1.980108,1.980108,1.980108,1.980108,1.980108,2.970162,1.980108,1.980108,1.980108,1.980108,1.980108,1.980108,1.980108,1.980108,1.980108,1.980108,1.980108,1.980108,1.980108,1.980108,1.980108,2.970162,1.980108,1.980108,1.980108,1.980108,1.980108,1.980108,1.980108,1.980108,1.980108,1.980108,1.980108,1.980108,1.980108,1.980108,1.980108,2.970162,1.980108,1.980108,1.980108,1.980108,1.980108,1.980108,1.980108,1.980108,1.980108,1.980108,1.980108,1.980108,1.980108,1.980108,1.980108,2.970162,1.980108,1.980108,1.980108,1.980108
1.980108,1.980108,1.980108,1.980108,1.980108,1.980108,1.980108,1.980108,1.980108,1.980108,1.980108,1.980108,2.970162,1.980108,1.980108,1.980108,1.980108,1.980108,1.980108,1.980108,1.980108,1.980108,1.980108,1.980108,1.980108,1.980108,1.980108,1.980108,2.970162,1.980108,1.980108,1.980108,1.980108,1.980108,1.980108,1.980108,1.980108,1.980108,1.980108,1.980108,1.980108,1.980108,1.980108,1.980108,2.970162,1.980108,1.980108,1.980108,1.980108,1.980108,1.980108,1.980108,1.980108,1.980108,1.980108,1.980108,1.980108,1.980108,1.980108,1.980108,2.970162,1.980108,1.980108,1.980108,1.980108,1.980108,1.980108,1.980108,1.980108,1.980108,1.980108,1.980108,1.980108,1.980108,1.980108,1.980108,2.970162,1.980108,1.980108,1.980108,1.980108,1.980108,1.980108,1.980108,1.980108,1.980108,1.980108,1.980108,1.980108,1.980108,1.980108,1.980108,2.970162,1.980108,1.980108,1.980108,1.980108,1.980108,1.980108,1.980108,1.980108,1.980108,1.980108,1.980108,1.980108,1.980108,1.980108,1.980108,2.970162,1.980108,1.980108,1.980108,1.980108,1.980108,1.980108,1.980108,1.980108,1.980108,1.980108,1.980108,1.980108,1.980108,1.980108,1.980108,2.970162,1.980108,1.980108,1.980108,1.980108,1.980108,1.980108,1.980108,1.980108,1.980108,1.980108,1.980108,1.980108,1.980108,1.980108,1.980108,2.970162,1.980108,1.980108,1.980108,1.980108,1.980108,1.980108,1.980108,1.980108,1.980108,1.980108,1.980108,1.980108,1.980108,1.980108,1.980108,2.970162,1.980108,1.980108,1.980108,1.980108,1.980108,1.980108,1.980108,1.980108,1.980108,1.980108,1.980108,1.980108,1.980108,1.980108,1.980108,2.970162,1.980108,1.980108,1.980108,1.980108,1.980108,1.980108,1.980108,1.980108,1.980108,1.980108,1.980108,1.980108,1.980108,1.980108,1.980108,2.970162,1.980108,1.980108,1.980108,2.970162,2.970162,2.970162,2.970162,2.970162,2.970162,2.970162,2.970162,2.970162,2.970162,2.970162,2.970162,-30.308045,2.970162,2.970162,2.970162,1.980108,1.980108,1.980108,1.980108,1.980108,1.980108,1.980108,1.980108,1.980108,1.980108,1.980108,1.980108,2.970162,1.980108,1.980108,1.980108,1.980108,1.980108,1.980108,1.980108,1.980108,1.980108,1.980108,1.980108,1.980108,1.980108,1.980108,1.980108,2.970162,1.980108,1.980108,1.980108,1.980108,1.980108,1.980108,1.980108,1.980108,1.980108,1.980108,1.980108,1.980108,1.980108,1.980108,1.980108,2.970162,1.980108,1.980108,1.980108,1.980108,1.980108,1.980108,1.980108,1.980108,1.980108,1.980108,1.980108,1.980108,1.980108,1.980108,1.980108,2.970162,1.980108,1.980108,1.980108,1.980108,1.980108,1.980108,1.980108,1.980108,1.980108,1.980108,1.980108,1.980108,1.980108,1.980108,1.980108,2.970162,1.980108,1.980108,1.980108,1.980108,1.980108,1.980108,1.980108,1.980108,1.980108,1.980108,1.980108,1.980108,1.980108,1.980108,1.980108,2.970162,1.980108,1.980108,1.980108,1.980108,1.980108,1.980108,1.980108,1.980108,1.980108,1.980108,1.980108,1.980108,1.980108,1.980108,1.980108,2.970162,1.980108,1.980108,1.980108
1.980108,1.980108,1.980108,1.980108,1.980108,1.980108,1.980108,1.980108,1.980108,1.980108,1.980108,1.980108,1.980108,2.970162,1.980108,1.980108,1.980108,1.980108,1.980108,1.980108,1.980108,1.980108,1.980108,1.980108,1.980108,1.980108,1.980108,1.980108,1.980108,2.970162,1.980108,1.980108,1.980108,1.980108,1.980108,1.980108,1.980108,1.980108,1.980108,1.980108,1.980108,1.980108,1.980108,1.980108,1.980108,2.970162,1.980108,1.980108,1.980108,1.980108,1.980108,1.980108,1.980108,1.980108,1.980108,1.980108,1.980108,1.980108,1.980108,1.980108,1.980108,2.970162,1.980108,1.980108,1.980108,1.980108,1.980108,1.980108,1.980108,1.980108,1.980108,1.980108,1.980108,1.980108,1.980108,1.980108,1.980108,2.970162,1.980108,1.980108,1.980108,1.980108,1.980108,1.980108,1.980108,1.980108,1.980108,1.980108,1.980108,1.980108,1.980108,1.980108,1.980108,2.970162,1.980108,1.980108,1.980108,1.980108,1.980108,1.980108,1.980108,1.980108,1.980108,1.980108,1.980108,1.980108,1.980108,1.980108,1.980108,2.970162,1.980108,1.980108,1.980108,1.980108,1.980108,1.980108,1.980108,1.980108,1.980108,1.980108,1.980108,1.980108,1.980108,1.980108,1.980108,2.970162,1.980108,1.980108,1.980108,1.980108,1.980108,1.980108,1.980108,1.980108,1.980108,1.980108,1.980108,1.980108,1.980108,1.980108,1.980108,2.970162,1.980108,1.980108,1.980108,1.980108,1.980108,1.980108,1.980108,1.980108,1.980108,1.980108,1.980108,1.980108,1.980108,1.980108,1.980108,2.970162,1.980108,1.980108,1.980108,1.980108,1.980108,1.980108,1.980108,1.980108,1.980108,1.980108,1.980108,1.980108,1.980108,1.980108,1.980108,2.970162,1.980108,1.980108,1.980108,1.980108,1.980108,1.980108,1.980108,1.980108,1.980108,1.980108,1.980108,1.980108,1.980108,1.980108,1.980108,2.970162,1.980108,1.980108,2.970162,2.970162,2.970162,2.970162,2.970162,2.970162,2.970162,2.970162,2.970162,2.970162,2.970162,2.970162,2.970162,-29.710813,2.970162,2.970162,1.980108,1.980108,1.980108,1.980108,1.980108,1.980108,1.980108,1.980108,1.980108,1.980108,1.980108,1.980108,1.980108,2.970162,1.980108,1.980108,1.980108,1.980108,1.980108,1.980108,1.980108,1.980108,1.980108,1.980108,1.980108,1.980108,1.980108,1.980108,1.980108,2.970162,1.980108,1.980108,1.980108,1.980108,1.980108,1.980108,1.980108,1.980108,1.980108,1.980108,1.980108,1.980108,1.980108,1.980108,1.980108,2.970162,1.980108,1.980108,1.980108,1.980108,1.980108,1.980108,1.980108,1.980108,1.980108,1.980108,1.980108,1.980108,1.980108,1.980108,1.980108,2.970162,1.980108,1.980108,1.980108,1.980108,1.980108,1.980108,1.980108,1.980108,1.980108,1.980108,1.980108,1.980108,1.980108,1.980108,1.980108,2.970162,1.980108,1.980108,1.980108,1.980108,1.980108,1.980108,1.980108,1.980108,1.980108,1.980108,1.980108,1.980108,1.980108,1.980108,1.980108,2.970162,1.980108,1.980108,1.980108,1.980108,1.980108,1.980108,1.980108,1.980108,1.980108,1.980108,1.980108,1.980108,1.980108,1.980108,1.980108,2.970162,1.980108,1.980108
1.980108,1.980108,1.980108,1.980108,1.980108,1.980108,1.980108,1.980108,1.980108,1.980108,1.980108,1.980108,1.980108,1.980108,2.970162,1.980108,1.980108,1.980108,1.980108,1.980108,1.980108,1.980108,1.980108,1.980108,1.980108,1.980108,1.980108,1.980108,1.980108,1.980108,2.970162,1.980108,1.980108,1.980108,1.980108,1.980108,1.980108,1.980108,1.980108,1.980108,1.980108,1.980108,1.980108,1.980108,1.980108,1.980108,2.970162,1.980108,1.980108,1.980108,1.980108,1.980108,1.980108,1.980108,1.980108,1.980108,1.980108,1.980108,1.980108,1.980108,1.980108,1.980108,2.970162,1.980108,1.980108,1.980108,1.980108,1.980108,1.980108,1.980108,1.980108,1.980108,1.980108,1.980108,1.980108,1.980108,1.980108,1.980108,2.970162,1.980108,1.980108,1.980108,1.980108,1.980108,1.980108,1.980108,1.980108,1.980108,1.980108,1.980108,1.980108,1.980108,1.980108,1.980108,2.970162,1.980108,1.980108,1.980108,1.980108,1.980108,1.980108,1.980108,1.980108,1.980108,1.980108,1.980108,1.980108,1.980108,1.980108,1.980108,2.970162,1.980108,1.980108,1.980108,1.980108,1.980108,1.980108,1.980108,1.980108,1.980108,1.980108,1.980108,1.980108,1.980108,1.980108,1.980108,2.970162,1.980108,1.980108,1.980108,1.980108,1.980108,1.980108,1.980108,1.980108,1.980108,1.980108,1.980108,1.980108,1.980108,1.980108,1.980108,2.970162,1.980108,1.980108,1.980108,1.980108,1.980108,1.980108,1.980108,1.980108,1.980108,1.980108,1.980108,1.980108,1.980108,1.980108,1.980108,2.970162,1.980108,1.980108,1.980108,1.980108,1.980108,1.980108,1.980108,1.980108,1.980108,1.980108,1.980108,1.980108,1.980108,1.980108,1.980108,2.970162,1.980108,1.980108,1.980108,1.980108,1.980108,1.980108,1.980108,1.980108,1.980108,1.980108,1.980108,1.980108,1.980108,1.980108,1.980108,2.970162,1.980108,2.970162,2.970162,2.970162,2.970162,2.970162,2.970162,2.970162,2.970162,2.970162,2.970162,2.970162,2.970162,2.970162,2.970162,-29.803087,2.970162,1.980108,1.980108,1.980108,1.980108,1.980108,1.980108,1.980108,1.980108,1.980108,1.980108,1.980108,1.980108,1.980108,1.980108,2.970162,1.980108,1.980108,1.980108,1.980108,1.980108,1.980108,1.980108,1.980108,1.980108,1.980108,1.980108,1.980108,1.980108,1.980108,1.980108,2.970162,1.980108,1.980108,1.980108,1.980108,1.980108,1.980108,1.980108,1.980108,1.980108,1.980108,1.980108,1.980108,1.980108,1.980108,1.980108,2.970162,1.980108,1.980108,1.980108,1.980108,1.980108,1.980108,1.980108,1.980108,1.980108,1.980108,1.980108,1.980108,1.980108,1.980108,1.980108,2.970162,1.980108,1.980108,1.980108,1.980108,1.980108,1.980108,1.980108,1.980108,1.980108,1.980108,1.980108,1.980108,1.980108,1.980108,1.980108,2.970162,1.980108,1.980108,1.980108,1.980108,1.980108,1.980108,1.980108,1.980108,1.980108,1.980108,1.980108,1.980108,1.980108,1.980108,1.980108,2.970162,1.980108,1.980108,1.980108,1.980108,1.980108,1.980108,1.980108,1.980108,1.980108,1.980108,1.980108,1.980108,1.980108,1.980108,1.980108,2.970162,1.980108
1.980108,1.980108,1.980108,1.980108,1.980108,1.980108,1.980108,1.980108,1.980108,1.980108,1.980108,1.980108,1.980108,1.980108,1.980108,2.970162,1.980108,1.980108,1.980108,1.980108,1.980108,1.980108,1.980108,1.980108,1.980108,1.980108,1.980108,1.980108,1.980108,1.980108,1.980108,2.970162,1.980108,1.980108,1.980108,1.980108,1.980108,1.980108,1.980108,1.980108,1.980108,1.980108,1.980108,1.980108,1.980108,1.980108,1.980108,2.970162,1.980108,1.980108,1.980108,1.980108,1.980108,1.980108,1.980108,1.980108,1.980108,1.980108,1.980108,1.980108,1.980108,1.980108,1.980108,2.970162,1.980108,1.980108,1.980108,1.980108,1.980108,1.980108,1.980108,1.980108,1.980108,1.980108,1.980108,1.980108,1.980108,1.980108,1.980108,2.970162,1.980108,1.980108,1.980108,1.980108,1.980108,1.980108,1.980108,1.980108,1.980108,1.980108,1.980108,1.980108,1.980108,1.980108,1.980108,2.970162,1.980108,1.980108,1.980108,1.980108,1.980108,1.980108,1.980108,1.980108,1.980108,1.980108,1.980108,1.980108,1.980108,1.980108,1.980108,2.970162,1.980108,1.980108,1.980108,1.980108,1.980108,1.980108,1.980108,1.980108,1.980108,1.980108,1.980108,1.980108,1.980108,1.980108,1.980108,2.970162,1.980108,1.980108,1.980108,1.980108,1.980108,1.980108,1.980108,1.980108,1.980108,1.980108,1.980108,1.980108,1.980108,1.980108,1.980108,2.970162,1.980108,1.980108,1.980108,1.980108,1.980108,1.980108,1.980108,1.980108,1.980108,1.980108,1.980108,1.980108,1.980108,1.980108,1.980108,2.970162,1.980108,1.980108,1.980108,1.980108,1.980108,1.980108,1.980108,1.980108,1.980108,1.980108,1.980108,1.980108,1.980108,1.980108,1.980108,2.970162,1.980108,1.980108,1.980108,1.980108,1.980108,1.980108,1.980108,1.980108,1.980108,1.980108,1.980108,1.980108,1.980108,1.980108,1.980108,2.970162,2.970162,2.970162,2.970162,2.970162,2.970162,2.970162,2.970162,2.970162,2.970162,2.970162,2.970162,2.970162,2.970162,2.970162,2.970162,-30.365117,1.980108,1.980108,1.980108,1.980108,1.980108,1.980108,1.980108,1.980108,1.980108,1.980108,1.980108,1.980108,1.980108,1.980108,1.980108,2.970162,1.980108,1.980108,1.980108,1.980108,1.980108,1.980108,1.980108,1.980108,1.980108,1.980108,1.980108,1.980108,1.980108,1.980108,1.980108,2.970162,1.980108,1.980108,1.980108,1.980108,1.980108,1.980108,1.980108,1.980108,1.980108,1.980108,1.980108,1.980108,1.980108,1.980108,1.980108,2.970162,1.980108,1.980108,1.980108,1.980108,1.980108,1.980108,1.980108,1.980108,1.980108,1.980108,1.980108,1.980108,1.980108,1.980108,1.980108,2.970162,1.980108,1.980108,1.980108,1.980108,1.980108,1.980108,1.980108,1.980108,1.980108,1.980108,1.980108,1.980108,1.980108,1.980108,1.980108,2.970162,1.980108,1.980108,1.980108,1.980108,1.980108,1.980108,1.980108,1.980108,1.980108,1.980108,1.980108,1.980108,1.980108,1.980108,1.980108,2.970162,1.980108,1.980108,1.980108,1.980108,1.980108,1.980108,1.980108,1.980108,1.980108,1.980108,1.980108,1.980108,1.980108,1.980108,1.980108,2.970162
2.970162,1.980108,1.980108,1.980108,1.980108,1.980108,1.980108,1.980108,1.980108,1.980108,1.980108,1.980108,1.980108,1.980108,1.980108,1.980108,2.970162,1.980108,1.980108,1.980108,1.980108,1.980108,1.980108,1.980108,1.980108,1.980108,1.980108,1.980108,1.980108,1.980108,1.980108,1.980108,2.970162,1.980108,1.980108,1.980108,1.980108,1.980108,1.980108,1.980108,1.980108,1.980108,1.980108,1.980108,1.980108,1.980108,1.980108,1.980108,2.970162,1.980108,1.980108,1.980108,1.980108,1.980108,1.980108,1.980108,1.980108,1.980108,1.980108,1.980108,1.980108,1.980108,1.980108,1.980108,2.970162,1.980108,1.980108,1.980108,1.980108,1.980108,1.980108,1.980108,1.980108,1.980108,1.980108,1.980108,1.980108,1.980108,1.980108,1.980108,2.970162,1.980108,1.980108,1.980108,1.980108,1.980108,1.980108,1.980108,1.980108,1.980108,1.980108,1.980108,1.980108,1.980108,1.980108,1.980108,2.970162,1.980108,1.980108,1.980108,1.980108,1.980108,1.980108,1.980108,1.980108,1.980108,1.980108,1.980108,1.980108,1.980108,1.980108,1.980108,2.970162,1.980108,1.980108,1.980108,1.980108,1.980108,1.980108,1.980108,1.980108,1.980108,1.980108,1.980108,1.980108,1.980108,1.980108,1.980108,2.970162,1.980108,1.980108,1.980108,1.980108,1.980108,1.980108,1.980108,1.980108,1.980108,1.980108,1.980108,1.980108,1.980108,1.980108,1.980108,2.970162,1.980108,1.980108,1.980108,1.980108,1.980108,1.980108,1.980108,1.980108,1.980108,1.980108,1.980108,1.980108,1.980108,1.980108,1.980108,2.970162,1.980108,1.980108,1.980108,1.980108,1.980108,1.980108,1.980108,1.980108,1.980108,1.980108,1.980108,1.980108,1.980108,1.980108,1.980108,2.970162,1.980108,1.980108,1.980108,1.980108,1.980108,1.980108,1.980108,1.980108,1.980108,1.980108,1.980108,1.980108,1.980108,1.980108,1.980108,2.970162,1.980108,1.980108,1.980108,1.980108,1.980108,1.980108,1.980108,1.980108,1.980108,1.980108,1.980108,1.980108,1.980108,1.980108,1.980108,-29.706677,2.970162,2.970162,2.970162,2.970162,2.970162,2.970162,2.970162,2.970162,2.970162,2.970162,2.970162,2.970162,2.970162,2.970162,2.970162,2.970162,1.980108,1.980108,1.980108,1.980108,1.980108,1.980108,1.980108,1.980108,1.980108,1.980108,1.980108,1.980108,1.980108,1.980108,1.980108,2.970162,1.980108,1.980108,1.980108,1.980108,1.980108,1.980108,1.980108,1.980108,1.980108,1.980108,1.980108,1.980108,1.980108,1.980108,1.980108,2.970162,1.980108,1.980108,1.980108,1.980108,1.980108,1.980108,1.980108,1.980108,1.980108,1.980108,1.980108,1.980108,1.980108,1.980108,1.980108,2.970162,1.980108,1.980108,1.980108,1.980108,1.980108,1.980108,1.980108,1.980108,1.980108,1.980108,1.980108,1.980108,1.980108,1.980108,1.980108,2.970162,1.980108,1.980108,1.980108,1.980108,1.980108,1.980108,1.980108,1.980108,1.980108,1.980108,1.980108,1.980108,1.980108,1.980108,1.980108,2.970162,1.980108,1.980108,1.980108,1.980108,1.980108,1.980108,1.980108,1.980108,1.980108,1.980108,1.980108,1.980108,1.980108,1.980108,1.980108
1.980108,2.970162,1.980108,1.980108,1.980108,1.980108,1.980108,1.980108,1.980108,1.980108,1.980108,1.980108,1.980108,1.980108,1.980108,1.980108,1.980108,2.970162,1.980108,1.980108,1.980108,1.980108,1.980108,1.980108,1.980108,1.980108,1.980108,1.980108,1.980108,1.980108,1.980108,1.980108,1.980108,2.970162,1.980108,1.980108,1.980108,1.980108,1.980108,1.980108,1.980108,1.980108,1.980108,1.980108,1.980108,1.980108,1.980108,1.980108,1.980108,2.970162,1.980108,1.980108,1.980108,1.980108,1.980108,1.980108,1.980108,1.980108,1.980108,1.980108,1.980108,1.980108,1.980108,1.980108,1.980108,2.970162,1.980108,1.980108,1.980108,1.980108,1.980108,1.980108,1.980108,1.980108,1.980108,1.980108,1.980108,1.980108,1.980108,1.980108,1.980108,2.970162,1.980108,1.980108,1.980108,1.980108,1.980108,1.980108,1.980108,1.980108,1.980108,1.980108,1.980108,1.980108,1.980108,1.980108,1.980108,2.970162,1.980108,1.980108,1.980108,1.980108,1.980108,1.980108,1.980108,1.980108,1.980108,1.980108,1.980108,1.980108,1.980108,1.980108,1.980108,2.970162,1.980108,1.980108,1.980108,1.980108,1.980108,1.980108,1.980108,1.980108,1.980108,1.980108,1.980108,1.980108,1.980108,1.980108,1.980108,2.970162,1.980108,1.980108,1.980108,1.980108,1.980108,1.980108,1.980108,1.980108,1.980108,1.980108,1.980108,1.980108,1.980108,1.980108,1.980108,2.970162,1.980108,1.980108,1.980108,1.980108,1.980108,1.980108,1.980108,1.980108,1.980108,1.980108,1.980108,1.980108,1.980108,1.980108,1.980108,2.970162,1.980108,1.980108,1.980108,1.980108,1.980108,1.980108,1.980108,1.980108,1.980108,1.980108,1.980108,1.980108,1.980108,1.980108,1.980108,2.970162,1.980108,1.980108,1.980108,1.980108,1.980108,1.980108,1.980108,1.980108,1.980108,1.980108,1.980108,1.980108,1.980108,1.980108,1.980108,2.970162,1.980108,1.980108,1.980108,1.980108,1.980108,1.980108,1.980108,1.980108,1.980108,1.980108,1.980108,1.980108,1.980108,1.980108,2.970162,-29.862424,2.970162,2.970162,2.970162,2.970162,2.970162,2.970162,2.970162,2.970162,2.970162,2.970162,2.970162,2.970162,2.970162,2.970162,1.980108,2.970162,1.980108,1.980108,1.980108,1.980108,1.980108,1.980108,1.980108,1.980108,1.980108,1.980108,1.980108,1.980108,1.980108,1.980108,1.980108,2.970162,1.980108,1.980108,1.980108,1.980108,1.980108,1.980108,1.980108,1.980108,1.980108,1.980108,1.980108,1.980108,1.980108,1.980108,1.980108,2.970162,1.980108,1.980108,1.980108,1.980108,1.980108,1.980108,1.980108,1.980108,1.980108,1.980108,1.980108,1.980108,1.980108,1.980108,1.980108,2.970162,1.980108,1.980108,1.980108,1.980108,1.980108,1.980108,1.980108,1.980108,1.980108,1.980108,1.980108,1.980108,1.980108,1.980108,1.980108,2.970162,1.980108,1.980108,1.980108,1.980108,1.980108,1.980108,1.980108,1.980108,1.980108,1.980108,1.980108,1.980108,1.980108,1.980108,1.980108,2.970162,1.980108,1.980108,1.980108,1.980108,1.980108,1.980108,1.980108,1.980108,1.980108,1.980108,1.980108,1.980108,1.980108,1.980108
1.980108,1.980108,2.970162,1.980108,1.980108,1.980108,1.980108,1.980108,1.980108,1.980108,1.980108,1.980108,1.980108,1.980108,1.980108,1.980108,1.980108,1.980108,2.970162,1.980108,1.980108,1.980108,1.980108,1.980108,1.980108,1.980108,1.980108,1.980108,1.980108,1.980108,1.980108,1.980108,1.980108,1.980108,2.970162,1.980108,1.980108,1.980108,1.980108,1.980108,1.980108,1.980108,1.980108,1.980108,1.980108,1.980108,1.980108,1.980108,1.980108,1.980108,2.970162,1.980108,1.980108,1.980108,1.980108,1.980108,1.980108,1.980108,1.980108,1.980108,1.980108,1.980108,1.980108,1.980108,1.980108,1.980108,2.970162,1.980108,1.980108,1.980108,1.980108,1.980108,1.980108,1.980108,1.980108,1.980108,1.980108,1.980108,1.980108,1.980108,1.980108,1.980108,2.970162,1.980108,1.980108,1.980108,1.980108,1.980108,1.980108,1.980108,1.980108,1.980108,1.980108,1.980108,1.980108,1.980108,1.980108,1.980108,2.970162,1.980108,1.980108,1.980108,1.980108,1.980108,1.980108,1.980108,1.980108,1.980108,1.980108,1.980108,1.980108,1.980108,1.980108,1.980108,2.970162,1.980108,1.980108,1.980108,1.980108,1.980108,1.980108,1.980108,1.980108,1.980108,1.980108,1.980108,1.980108,1.980108,1.980108,1.980108,2.970162,1.980108,1.980108,1.980108,1.980108,1.980108,1.980108,1.980108,1.980108,1.980108,1.980108,1.980108,1.980108,1.980108,1.980108,1.980108,2.970162,1.980108,1.980108,1.980108,1.980108,1.980108,1.980108,1.980108,1.980108,1.980108,1.980108,1.980108,1.980108,1.980108,1.980108,1.980108,2.970162,1.980108,1.980108,1.980108,1.980108,1.980108,1.980108,1.980108,1.980108,1.980108,1.980108,1.980108,1.980108,1.980108,1.980108,1.980108,2.970162,1.980108,1.980108,1.980108,1.980108,1.980108,1.980108,1.980108,1.980108,1.980108,1.980108,1.980108,1.980108,1.980108,1.980108,1.980108,2.970162,1.980108,1.980108,1.980108,1.980108,1.980108,1.980108,1.980108,1.980108,1.980108,1.980108,1.980108,1.980108,1.980108,2.970162,2.970162,-30.250349,2.970162,2.970162,2.970162,2.970162,2.970162,2.970162,2.970162,2.970162,2.970162,2.970162,2.970162,2.970162,2.970162,1.980108,1.980108,2.970162,1.980108,1.980108,1.980108,1.980108,1.980108,1.980108,1.980108,1.980108,1.980108,1.980108,1.980108,1.980108,1.980108,1.980108,1.980108,2.970162,1.980108,1.980108,1.980108,1.980108,1.980108,1.980108,1.980108,1.980108,1.980108,1.980108,1.980108,1.980108,1.980108,1.980108,1.980108,2.970162,1.980108,1.980108,1.980108,1.980108,1.980108,1.980108,1.980108,1.980108,1.980108,1.980108,1.980108,1.980108,1.980108,1.980108,1.980108,2.970162,1.980108,1.980108,1.980108,1.980108,1.980108,1.980108,1.980108,1.980108,1.980108,1.980108,1.980108,1.980108,1.980108,1.980108,1.980108,2.970162,1.980108,1.980108,1.980108,1.980108,1.980108,1.980108,1.980108,1.980108,1.980108,1.980108,1.980108,1.980108,1.980108,1.980108,1.980108,2.970162,1.980108,1.980108,1.980108,1.980108,1.980108,1.980108,1.980108,1.980108,1.980108,1.980108,1.980108,1.980108,1.980108
1.980108,1.980108,1.980108,2.970162,1.980108,1.980108,1.980108,1.980108,1.980108,1.980108,1.980108,1.980108,1.980108,1.980108,1.980108,1.980108,1.980108,1.980108,1.980108,2.970162,1.980108,1.980108,1.980108,1.980108,1.980108,1.980108,1.980108,1.980108,1.980108,1.980108,1.980108,1.980108,1.980108,1.980108,1.980108,2.970162,1.980108,1.980108,1.980108,1.980108,1.980108,1.980108,1.980108,1.980108,1.980108,1.980108,1.980108,1.980108,1.980108,1.980108,1.980108,2.970162,1.980108,1.980108,1.980108,1.980108,1.980108,1.980108,1.980108,1.980108,1.980108,1.980108,1.980108,1.980108,1.980108,1.980108,1.980108,2.970162,1.980108,1.980108,1.980108,1.980108,1.980108,1.980108,1.980108,1.980108,1.980108,1.980108,1.980108,1.980108,1.980108,1.980108,1.980108,2.970162,1.980108,1.980108,1.980108,1.980108,1.980108,1.980108,1.980108,1.980108,1.980108,1.980108,1.980108,1.980108,1.980108,1.980108,1.980108,2.970162,1.980108,1.980108,1.980108,1.980108,1.980108,1.980108,1.980108,1.980108,1.980108,1.980108,1.980108,1.980108,1.980108,1.980108,1.980108,2.970162,1.980108,1.980108,1.980108,1.980108,1.980108,1.980108,1.980108,1.980108,1.980108,1.980108,1.980108,1.980108,1.980108,1.980108,1.980108,2.970162,1.980108,1.980108,1.980108,1.980108,1.980108,1.980108,1.980108,1.980108,1.980108,1.980108,1.980108,1.980108,1.980108,1.980108,1.980108,2.970162,1.980108,1.980108,1.980108,1.980108,1.980108,1.980108,1.980108,1.980108,1.980108,1.980108,1.980108,1.980108,1.980108,1.980108,1.980108,2.970162,1.980108,1.980108,1.980108,1.980108,1.980108,1.980108,1.980108,1.980108,1.980108,1.980108,1.980108,1.980108,1.980108,1.980108,1.980108,2.970162,1.980108,1.980108,1.980108,1.980108,1.980108,1.980108,1.980108,1.980108,1.980108,1.980108,1.980108,1.980108,1.980108,1.980108,1.980108,2.970162,1.980108,1.980108,1.980108,1.980108,1.980108,1.980108,1.980108,1.980108,1.980108,1.980108,1.980108,1.980108,2.970162,2.970162,2.970162,-30.393511,2.970162,2.970162,2.970162,2.970162,2.970162,2.970162,2.970162,2.970162,2.970162,2.970162,2.970162,2.970162,1.980108,1.980108,1.980108,2.970162,1.980108,1.980108,1.980108,1.980108,1.980108,1.980108,1.980108,1.980108,1.980108,1.980108,1.980108,1.980108,1.980108,1.980108,1.980108,2.970162,1.980108,1.980108,1.980108,1.980108,1.980108,1.980108,1.980108,1.980108,1.980108,1.980108,1.980108,1.980108,1.980108,1.980108,1.980108,2.970162,1.980108,1.980108,1.980108,1.980108,1.980108,1.980108,1.980108,1.980108,1.980108,1.980108,1.980108,1.980108,1.980108,1.980108,1.980108,2.970162,1.980108,1.980108,1.980108,1.980108,1.980108,1.980108,1.980108,1.980108,1.980108,1.980108,1.980108,1.980108,1.980108,1.980108,1.980108,2.970162,1.980108,1.980108,1.980108,1.980108,1.980108,1.980108,1.980108,1.980108,1.980108,1.980108,1.980108,1.980108,1.980108,1.980108,1.980108,2.970162,1.980108,1.980108,1.980108,1.980108,1.980108,1.980108,1.980108,1.980108,1.980108,1.980108,1.980108,1.980108
1.980108,1.980108,1.980108,1.980108,2.970162,1.980108,1.980108,1.980108,1.980108,1.980108,1.980108,1.980108,1.980108,1.980108,1.980108,1.980108,1.980108,1.980108,1.980108,1.980108,2.970162,1.980108,1.980108,1.980108,1.980108,1.980108,1.980108,1.980108,1.980108,1.980108,1.980108,1.980108,1.980108,1.980108,1.980108,1.980108,2.970162,1.980108,1.980108,1.980108,1.980108,1.980108,1.980108,1.980108,1.980108,1.980108,1.980108,1.980108,1.980108,1.980108,1.980108,1.980108,2.970162,1.980108,1.980108,1.980108,1.980108,1.980108,1.980108,1.980108,1.980108,1.980108,1.980108,1.980108,1.980108,1.980108,1.980108,1.980108,2.970162,1.980108,1.980108,1.980108,1.980108,1.980108,1.980108,1.980108,1.980108,1.980108,1.980108,1.980108,1.980108,1.980108,1.980108,1.980108,2.970162,1.980108,1.980108,1.980108,1.980108,1.980108,1.980108,1.980108,1.980108,1.980108,1.980108,1.980108,1.980108,1.980108,1.980108,1.980108,2.970162,1.980108,1.980108,1.980108,1.980108,1.980108,1.980108,1.980108,1.980108,1.980108,1.980108,1.980108,1.980108,1.980108,1.980108,1.980108,2.970162,1.980108,1.980108,1.980108,1.980108,1.980108,1.980108,1.980108,1.980108,1.980108,1.980108,1.980108,1.980108,1.980108,1.980108,1.980108,2.970162,1.980108,1.980108,1.980108,1.980108,1.980108,1.980108,1.980108,1.980108,1.980108,1.980108,1.980108,1.980108,1.980108,1.980108,1.980108,2.970162,1.980108,1.980108,1.980108,1.980108,1.980108,1.980108,1.980108,1.980108,1.980108,1.980108,1.980108,1.980108,1.980108,1.980108,1.980108,2.970162,1.980108,1.980108,1.980108,1.980108,1.980108,1.980108,1.980108,1.980108,1.980108,1.980108,1.980108,1.980108,1.980108,1.980108,1.980108,2.970162,1.980108,1.980108,1.980108,1.980108,1.980108,1.980108,1.980108,1.980108,1.980108,1.980108,1.980108,1.980108,1.980108,1.980108,1.980108,2.970162,1.980108,1.980108,1.980108,1.980108,1.980108,1.980108,1.980108,1.980108,1.980108,1.980108,1.980108,2.970162,2.970162,2.970162,2.970162,-30.353577,2.970162,2.970162,2.970162,2.970162,2.970162,2.970162,2.970162,2.970162,2.970162,2.970162,2.970162,1.980108,1.980108,1.980108,1.980108,2.970162,1.980108,1.980108,1.980108,1.980108,1.980108,1.980108,1.980108,1.980108,1.980108,1.980108,1.980108,1.980108,1.980108,1.980108,1.980108,2.970162,1.980108,1.980108,1.980108,1.980108,1.980108,1.980108,1.980108,1.980108,1.980108,1.980108,1.980108,1.980108,1.980108,1.980108,1.980108,2.970162,1.980108,1.980108,1.980108,1.980108,1.980108,1.980108,1.980108,1.980108,1.980108,1.980108,1.980108,1.980108,1.980108,1.980108,1.980108,2.970162,1.980108,1.980108,1.980108,1.980108,1.980108,1.980108,1.980108,1.980108,1.980108,1.980108,1.980108,1.980108,1.980108,1.980108,1.980108,2.970162,1.980108,1.980108,1.980108,1.980108,1.980108,1.980108,1.980108,1.980108,1.980108,1.980108,1.980108,1.980108,1.980108,1.980108,1.980108,2.970162,1.980108,1.980108,1.980108,1.980108,1.980108,1.980108,1.980108,1.980108,1.980108,1.980108,1.980108
1.980108,1.980108,1.980108,1.980108,1.980108,2.970162,1.980108,1.980108,1.980108,1.980108,1.980108,1.980108,1.980108,1.980108,1.980108,1.980108,1.980108,1.980108,1.980108,1.980108,1.980108,2.970162,1.980108,1.980108,1.980108,1.980108,1.980108,1.980108,1.980108,1.980108,1.980108,1.980108,1.980108,1.980108,1.980108,1.980108,1.980108,2.970162,1.980108,1.980108,1.980108,1.980108,1.980108,1.980108,1.980108,1.980108,1.980108,1.980108,1.980108,1.980108,1.980108,1.980108,1.980108,2.970162,1.980108,1.980108,1.980108,1.980108,1.980108,1.980108,1.980108,1.980108,1.980108,1.980108,1.980108,1.980108,1.980108,1.980108,1.980108,2.970162,1.980108,1.980108,1.980108,1.980108,1.980108,1.980108,1.980108,1.980108,1.980108,1.980108,1.980108,1.980108,1.980108,1.980108,1.980108,2.970162,1.980108,1.980108,1.980108,1.980108,1.980108,1.980108,1.980108,1.980108,1.980108,1.980108,1.980108,1.980108,1.980108,1.980108,1.980108,2.970162,1.980108,1.980108,1.980108,1.980108,1.980108,1.980108,1.980108,1.980108,1.980108,1.980108,1.980108,1.980108,1.980108,1.980108,1.980108,2.970162,1.980108,1.980108,1.980108,1.980108,1.980108,1.980108,1.980108,1.980108,1.980108,1.980108,1.980108,1.980108,1.980108,1.980108,1.980108,2.970162,1.980108,1.980108,1.980108,1.980108,1.980108,1.980108,1.980108,1.980108,1.980108,1.980108,1.980108,1.980108,1.980108,1.980108,1.980108,2.970162,1.980108,1.980108,1.980108,1.980108,1.980108,1.980108,1.980108,1.980108,1.980108,1.980108,1.980108,1.980108,1.980108,1.980108,1.980108,2.970162,1.980108,1.980108,1.980108,1.980108,1.980108,1.980108,1.980108,1.980108,1.980108,1.980108,1.980108,1.980108,1.980108,1.980108,1.980108,2.970162,1.980108,1.980108,1.980108,1.980108,1.980108,1.980108,1.980108,1.980108,1.980108,1.980108,1.980108,1.980108,1.980108,1.980108,1.980108,2.970162,1.980108,1.980108,1.980108,1.980108,1.980108,1.980108,1.980108,1.980108,1.980108,1.980108,2.970162,2.970162,2.970162,2.970162,2.970162,-29.925885,2.970162,2.970162,2.970162,2.970162,2.970162,2.970162,2.970162,2.970162,2.970162,2.970162,1.980108,1.980108,1.980108,1.980108,1.980108,2.970162,1.980108,1.980108,1.980108,1.980108,1.980108,1.980108,1.980108,1.980108,1.980108,1.980108,1.980108,1.980108,1.980108,1.980108,1.980108,2.970162,1.980108,1.980108,1.980108,1.980108,1.980108,1.980108,1.980108,1.980108,1.980108,1.980108,1.980108,1.980108,1.980108,1.980108,1.980108,2.970162,1.980108,1.980108,1.980108,1.980108,1.980108,1.980108,1.980108,1.980108,1.980108,1.980108,1.980108,1.980108,1.980108,1.980108,1.980108,2.970162,1.980108,1.980108,1.980108,1.980108,1.980108,1.980108,1.980108,1.980108,1.980108,1.980108,1.980108,1.980108,1.980108,1.980108,1.980108,2.970162,1.980108,1.980108,1.980108,1.980108,1.980108,1.980108,1.980108,1.980108,1.980108,1.980108,1.980108,1.980108,1.980108,1.980108,1.980108,2.970162,1.980108,1.980108,1.980108,1.980108,1.980108,1.980108,1.980108,1.980108,1.980108,1.980108
1.980108,1.980108,1.980108,1.980108,1.980108,1.980108,2.970162,1.980108,1.980108,1.980108,1.980108,1.980108,1.980108,1.980108,1.980108,1.980108,1.980108,1.980108,1.980108,1.980108,1.980108,1.980108,2.970162,1.980108,1.980108,1.980108,1.980108,1.980108,1.980108,1.980108,1.980108,1.980108,1.980108,1.980108,1.980108,1.980108,1.980108,1.980108,2.970162,1.980108,1.980108,1.980108,1.980108,1.980108,1.980108,1.980108,1.980108,1.980108,1.980108,1.980108,1.980108,1.980108,1.980108,1.980108,2.970162,1.980108,1.980108,1.980108,1.980108,1.980108,1.980108,1.980108,1.980108,1.980108,1.980108,1.980108,1.980108,1.980108,1.980108,1.980108,2.970162,1.980108,1.980108,1.980108,1.980108,1.980108,1.980108,1.980108,1.980108,1.980108,1.980108,1.980108,1.980108,1.980108,1.980108,1.980108,2.970162,1.980108,1.980108,1.980108,1.980108,1.980108,1.980108,1.980108,1.980108,1.980108,1.980108,1.980108,1.980108,1.980108,1.980108,1.980108,2.970162,1.980108,1.980108,1.980108,1.980108,1.980108,1.980108,1.980108,1.980108,1.980108,1.980108,1.980108,1.980108,1.980108,1.980108,1.980108,2.970162,1.980108,1.980108,1.980108,1.980108,1.980108,1.980108,1.980108,1.980108,1.980108,1.980108,1.980108,1.980108,1.980108,1.980108,1.980108,2.970162,1.980108,1.980108,1.980108,1.980108,1.980108,1.980108,1.980108,1.980108,1.980108,1.980108,1.980108,1.980108,1.980108,1.980108,1.980108,2.970162,1.980108,1.980108,1.980108,1.980108,1.980108,1.980108,1.980108,1.980108,1.980108,1.980108,1.980108,1.980108,1.980108,1.980108,1.980108,2.970162,1.980108,1.980108,1.980108,1.980108,1.980108,1.980108,1.980108,1.980108,1.980108,1.980108,1.980108,1.980108,1.980108,1.980108,1.980108,2.970162,1.980108,1.980108,1.980108,1.980108,1.980108,1.980108,1.980108,1.980108,1.980108,1.980108,1.980108,1.980108,1.980108,1.980108,1.980108,2.970162,1.980108,1.980108,1.980108,1.980108,1.980108,1.980108,1.980108,1.980108,1.980108,2.970162,2.970162,2.970162,2.970162,2.970162,2.970162,-30.413795,2.970162,2.970162,2.970162,2.970162,2.970162,2.970162,2.970162,2.970162,2.970162,1.980108,1.980108,1.980108,1.980108,1.980108,1.980108,2.970162,1.980108,1.980108,1.980108,1.980108,1.980108,1.980108,1.980108,1.980108,1.980108,1.980108,1.980108,1.980108,1.980108,1.980108,1.980108,2.970162,1.980108,1.980108,1.980108,1.980108,1.980108,1.980108,1.980108,1.980108,1.980108,1.980108,1.980108,1.980108,1.980108,1.980108,1.980108,2.970162,1.980108,1.980108,1.980108,1.980108,1.980108,1.980108,1.980108,1.980108,1.980108,1.980108,1.980108,1.980108,1.980108,1.980108,1.980108,2.970162,1.980108,1.980108,1.980108,1.980108,1.980108,1.980108,1.980108,1.980108,1.980108,1.980108,1.980108,1.980108,1.980108,1.980108,1.980108,2.970162,1.980108,1.980108,1.980108,1.980108,1.980108,1.980108,1.980108,1.980108,1.980108,1.980108,1.980108,1.980108,1.980108,1.980108,1.980108,2.970162,1.980108,1.980108,1.980108,1.980108,1.980108,1.980108,1.980108,1.980108,1.980108
1.980108,1.980108,1.980108,1.980108,1.980108,1.980108,1.980108,2.970162,1.980108,1.980108,1.980108,1.980108,1.980108,1.980108,1.980108,1.980108,1.980108,1.980108,1.980108,1.980108,1.980108,1.980108,1.980108,2.970162,1.980108,1.980108,1.980108,1.980108,1.980108,1.980108,1.980108,1.980108,1.980108,1.980108,1.980108,1.980108,1.980108,1.980108,1.980108,2.970162,1.980108,1.980108,1.980108,1.980108,1.980108,1.980108,1.980108,1.980108,1.980108,1.980108,1.980108,1.980108,1.980108,1.980108,1.980108,2.970162,1.980108,1.980108,1.980108,1.980108,1.980108,1.980108,1.980108,1.980108,1.980108,1.980108,1.980108,1.980108,1.980108,1.980108,1.980108,2.970162,1.980108,1.980108,1.980108,1.980108,1.980108,1.980108,1.980108,1.980108,1.980108,1.980108,1.980108,1.980108,1.980108,1.980108,1.980108,2.970162,1.980108,1.980108,1.980108,1.980108,1.980108,1.980108,1.980108,1.980108,1.980108,1.980108,1.980108,1.980108,1.980108,1.980108,1.980108,2.970162,1.980108,1.980108,1.980108,1.980108,1.980108,1.980108,1.980108,1.980108,1.980108,1.980108,1.980108,1.980108,1.980108,1.980108,1.980108,2.970162,1.980108,1.980108,1.980108,1.980108,1.980108,1.980108,1.980108,1.980108,1.980108,1.980108,1.980108,1.980108,1.980108,1.980108,1.980108,2.970162,1.980108,1.980108,1.980108,1.980108,1.980108,1.980108,1.980108,1.980108,1.980108,1.980108,1.980108,1.980108,1.980108,1.980108,1.980108,2.970162,1.980108,1.980108,1.980108,1.980108,1.980108,1.980108,1.980108,1.980108,1.980108,1.980108,1.980108,1.980108,1.980108,1.980108,1.980108,2.970162,1.980108,1.980108,1.980108,1.980108,1.980108,1.980108,1.980108,1.980108,1.980108,1.980108,1.980108,1.980108,1.980108,1.980108,1.980108,2.970162,1.980108,1.980108,1.980108,1.980108,1.980108,1.980108,1.980108,1.980108,1.980108,1.980108,1.980108,1.980108,1.980108,1.980108,1.980108,2.970162,1.980108,1.980108,1.980108,1.980108,1.980108,1.980108,1.980108,1.980108,2.970162,2.970162,2.970162,2.970162,2.970162,2.970162,2.970162,-29.938865,2.970162,2.970162,2.970162,2.970162,2.970162,2.970162,2.970162,2.970162,1.980108,1.980108,1.980108,1.980108,1.980108,1.980108,1.980108,2.970162,1.980108,1.980108,1.980108,1.980108,1.980108,1.980108,1.980108,1.980108,1.980108,1.980108,1.980108,1.980108,1.980108,1.980108,1.980108,2.970162,1.980108,1.980108,1.980108,1.980108,1.980108,1.980108,1.980108,1.980108,1.980108,1.980108,1.980108,1.980108,1.980108,1.980108,1.980108,2.970162,1.980108,1.980108,1.980108,1.980108,1.980108,1.980108,1.980108,1.980108,1.980108,1.980108,1.980108,1.980108,1.980108,1.980108,1.980108,2.970162,1.980108,1.980108,1.980108,1.980108,1.980108,1.980108,1.980108,1.980108,1.980108,1.980108,1.980108,1.980108,1.980108,1.980108,1.980108,2.970162,1.980108,1.980108,1.980108,1.980108,1.980108,1.980108,1.980108,1.980108,1.980108,1.980108,1.980108,1.980108,1.980108,1.980108,1.980108,2.970162,1.980108,1.980108,1.980108,1.980108,1.980108,1.980108,1.980108,1.980108
1.980108,1.980108,1.980108,1.980108,1.980108,1.980108,1.980108,1.980108,2.970162,1.980108,1.980108,1.980108,1.980108,1.980108,1.980108,1.980108,1.980108,1.980108,1.980108,1.980108,1.980108,1.980108,1.980108,1.980108,2.970162,1.980108,1.980108,1.980108,1.980108,1.980108,1.980108,1.980108,1.980108,1.980108,1.980108,1.980108,1.980108,1.980108,1.980108,1.980108,2.970162,1.980108,1.980108,1.980108,1.980108,1.980108,1.980108,1.980108,1.980108,1.980108,1.980108,1.980108,1.980108,1.980108,1.980108,1.980108,2.970162,1.980108,1.980108,1.980108,1.980108,1.980108,1.980108,1.980108,1.980108,1.980108,1.980108,1.980108,1.980108,1.980108,1.980108,1.980108,2.970162,1.980108,1.980108,1.980108,1.980108,1.980108,1.980108,1.980108,1.980108,1.980108,1.980108,1.980108,1.980108,1.980108,1.980108,1.980108,2.970162,1.980108,1.980108,1.980108,1.980108,1.980108,1.980108,1.980108,1.980108,1.980108,1.980108,1.980108,1.980108,1.980108,1.980108,1.980108,2.970162,1.980108,1.980108,1.980108,1.980108,1.980108,1.980108,1.980108,1.980108,1.980108,1.980108,1.980108,1.980108,1.980108,1.980108,1.980108,2.970162,1.980108,1.980108,1.980108,1.980108,1.980108,1.980108,1.980108,1.980108,1.980108,1.980108,1.980108,1.980108,1.980108,1.980108,1.980108,2.970162,1.980108,1.980108,1.980108,1.980108,1.980108,1.980108,1.980108,1.980108,1.980108,1.980108,1.980108,1.980108,1.980108,1.980108,1.980108,2.970162,1.980108,1.980108,1.980108,1.980108,1.980108,1.980108,1.980108,1.980108,1.980108,1.980108,1.980108,1.980108,1.980108,1.980108,1.980108,2.970162,1.980108,1.980108,1.980108,1.980108,1.980108,1.980108,1.980108,1.980108,1.980108,1.980108,1.980108,1.980108,1.980108,1.980108,1.980108,2.970162,1.980108,1.980108,1.980108,1.980108,1.980108,1.980108,1.980108,1.980108,1.980108,1.980108,1.980108,1.980108,1.980108,1.980108,1.980108,2.970162,1.980108,1.980108,1.980108,1.980108,1.980108,1.980108,1.980108,2.970162,2.970162,2.970162,2.970162,2.970162,2.970162,2.970162,2.970162,-30.027015,2.970162,2.970162,2.970162,2.970162,2.970162,2.970162,2.970162,1.980108,1.980108,1.980108,1.980108,1.980108,1.980108,1.980108,1.980108,2.970162,1.980108,1.980108,1.980108,1.980108,1.980108,1.980108,1.980108,1.980108,1.980108,1.980108,1.980108,1.980108,1.980108,1.980108,1.980108,2.970162,1.980108,1.980108,1.980108,1.980108,1.980108,1.980108,1.980108,1.980108,1.980108,1.980108,1.980108,1.980108,1.980108,1.980108,1.980108,2.970162,1.980108,1.980108,1.980108,1.980108,1.980108,1.980108,1.980108,1.980108,1.980108,1.980108,1.980108,1.980108,1.980108,1.980108,1.980108,2.970162,1.980108,1.980108,1.980108,1.980108,1.980108,1.980108,1.980108,1.980108,1.980108,1.980108,1.980108,1.980108,1.980108,1.980108,1.980108,2.970162,1.980108,1.980108,1.980108,1.980108,1.980108,1.980108,1.980108,1.980108,1.980108,1.980108,1.980108,1.980108,1.980108,1.980108,1.980108,2.970162,1.980108,1.980108,1.980108,1.980108,1.980108,1.980108,1.980108
1.980108,1.980108,1.980108,1.980108,1.980108,1.980108,1.980108,1.980108,1.980108,2.970162,1.980108,1.980108,1.980108,1.980108,1.980108,1.980108,1.980108,1.980108,1.980108,1.980108,1.980108,1.980108,1.980108,1.980108,1.980108,2.970162,1.980108,1.980108,1.980108,1.980108,1.980108,1.980108,1.980108,1.980108,1.980108,1.980108,1.980108,1.980108,1.980108,1.980108,1.980108,2.970162,1.980108,1.980108,1.980108,1.980108,1.980108,1.980108,1.980108,1.980108,1.980108,1.980108,1.980108,1.980108,1.980108,1.980108,1.980108,2.970162,1.980108,1.980108,1.980108,1.980108,1.980108,1.980108,1.980108,1.980108,1.980108,1.980108,1.980108,1.980108,1.980108,1.980108,1.980108,2.970162,1.980108,1.980108,1.980108,1.980108,1.980108,1.980108,1.980108,1.980108,1.980108,1.980108,1.980108,1.980108,1.980108,1.980108,1.980108,2.970162,1.980108,1.980108,1.980108,1.980108,1.980108,1.980108,1.980108,1.980108,1.980108,1.980108,1.980108,1.980108,1.980108,1.980108,1.980108,2.970162,1.980108,1.980108,1.980108,1.980108,1.980108,1.980108,1.980108,1.980108,1.980108,1.980108,1.980108,1.980108,1.980108,1.980108,1.980108,2.970162,1.980108,1.980108,1.980108,1.980108,1.980108,1.980108,1.980108,1.980108,1.980108,1.980108,1.980108,1.980108,1.980108,1.980108,1.980108,2.970162,1.980108,1.980108,1.980108,1.980108,1.980108,1.980108,1.980108,1.980108,1.980108,1.980108,1.980108,1.980108,1.980108,1.980108,1.980108,2.970162,1.980108,1.980108,1.980108,1.980108,1.980108,1.980108,1.980108,1.980108,1.980108,1.980108,1.980108,1.980108,1.980108,1.980108,1.980108,2.970162,1.980108,1.980108,1.980108,1.980108,1.980108,1.980108,1.980108,1.980108,1.980108,1.980108,1.980108,1.980108,1.980108,1.980108,1.980108,2.970162,1.980108,1.980108,1.980108,1.980108,1.980108,1.980108,1.980108,1.980108,1.980108,1.980108,1.980108,1.980108,1.980108,1.980108,1.980108,2.970162,1.980108,1.980108,1.980108,1.980108,1.980108,1.980108,2.970162,2.970162,2.970162,2.970162,2.970162,2.970162,2.970162,2.970162,2.970162,-30.448107,2.970162,2.970162,2.970162,2.970162,2.970162,2.970162,1.980108,1.980108,1.980108,1.980108,1.980108,1.980108,1.980108,1.980108,1.980108,2.970162,1.980108,1.980108,1.980108,1.980108,1.980108,1.980108,1.980108,1.980108,1.980108,1.980108,1.980108,1.980108,1.980108,1.980108,1.980108,2.970162,1.980108,1.980108,1.980108,1.980108,1.980108,1.980108,1.980108,1.980108,1.980108,1.980108,1.980108,1.980108,1.980108,1.980108,1.980108,2.970162,1.980108,1.980108,1.980108,1.980108,1.980108,1.980108,1.980108,1.980108,1.980108,1.980108,1.980108,1.980108,1.980108,1.980108,1.980108,2.970162,1.980108,1.980108,1.980108,1.980108,1.980108,1.980108,1.980108,1.980108,1.980108,1.980108,1.980108,1.980108,1.980108,1.980108,1.980108,2.970162,1.980108,1.980108,1.980108,1.980108,1.980108,1.980108,1.980108,1.980108,1.980108,1.980108,1.980108,1.980108,1.980108,1.980108,1.980108,2.970162,1.980108,1.980108,1.980108,1.980108,1.980108,1.980108
1.980108,1.980108,1.980108,1.980108,1.980108,1.980108,1.980108,1.980108,1.980108,1.980108,2.970162,1.980108,1.980108,1.980108,1.980108,1.980108,1.980108,1.980108,1.980108,1.980108,1.980108,1.980108,1.980108,1.980108,1.980108,1.980108,2.970162,1.980108,1.980108,1.980108,1.980108,1.980108,1.980108,1.980108,1.980108,1.980108,1.980108,1.980108,1.980108,1.980108,1.980108,1.980108,2.970162,1.980108,1.980108,1.980108,1.980108,1.980108,1.980108,1.980108,1.980108,1.980108,1.980108,1.980108,1.980108,1.980108,1.980108,1.980108,2.970162,1.980108,1.980108,1.980108,1.980108,1.980108,1.980108,1.980108,1.980108,1.980108,1.980108,1.980108,1.980108,1.980108,1.980108,1.980108,2.970162,1.980108,1.980108,1.980108,1.980108,1.980108,1.980108,1.980108,1.980108,1.980108,1.980108,1.980108,1.980108,1.980108,1.980108,1.980108,2.970162,1.980108,1.980108,1.980108,1.980108,1.980108,1.980108,1.980108,1.980108,1.980108,1.980108,1.980108,1.980108,1.980108,1.980108,1.980108,2.970162,1.980108,1.980108,1.980108,1.980108,1.980108,1.980108,1.980108,1.980108,1.980108,1.980108,1.980108,1.980108,1.980108,1.980108,1.980108,2.970162,1.980108,1.980108,1.980108,1.980108,1.980108,1.980108,1.980108,1.980108,1.980108,1.980108,1.980108,1.980108,1.980108,1.980108,1.980108,2.970162,1.980108,1.980108,1.980108,1.980108,1.980108,1.980108,1.980108,1.980108,1.980108,1.980108,1.980108,1.980108,1.980108,1.980108,1.980108,2.970162,1.980108,1.980108,1.980108,1.980108,1.980108,1.980108,1.980108,1.980108,1.980108,1.980108,1.980108,1.980108,1.980108,1.980108,1.980108,2.970162,1.980108,1.980108,1.980108,1.980108,1.980108,1.980108,1.980108,1.980108,1.980108,1.980108,1.980108,1.980108,1.980108,1.980108,1.980108,2.970162,1.980108,1.980108,1.980108,1.980108,1.980108,1.980108,1.980108,1.980108,1.980108,1.980108,1.980108,1.980108,1.980108,1.980108,1.980108,2.970162,1.980108,1.980108,1.980108,1.980108,1.980108,2.970162,2.970162,2.970162,2.970162,2.970162,2.970162,2.970162,2.970162,2.970162,2.970162,-30.351248,2.970162,2.970162,2.970162,2.970162,2.970162,1.980108,1.980108,1.980108,1.980108,1.980108,1.980108,1.980108,1.980108,1.980108,1.980108,2.970162,1.980108,1.980108,1.980108,1.980108,1.980108,1.980108,1.980108,1.980108,1.980108,1.980108,1.980108,1.980108,1.980108,1.980108,1.980108,2.970162,1.980108,1.980108,1.980108,1.980108,1.980108,1.980108,1.980108,1.980108,1.980108,1.980108,1.980108,1.980108,1.980108,1.980108,1.980108,2.970162,1.980108,1.980108,1.980108,1.980108,1.980108,1.980108,1.980108,1.980108,1.980108,1.980108,1.980108,1.980108,1.980108,1.980108,1.980108,2.970162,1.980108,1.980108,1.980108,1.980108,1.980108,1.980108,1.980108,1.980108,1.980108,1.980108,1.980108,1.980108,1.980108,1.980108,1.980108,2.970162,1.980108,1.980108,1.980108,1.980108,1.980108,1.980108,1.980108,1.980108,1.980108,1.980108,1.980108,1.980108,1.980108,1.980108,1.980108,2.970162,1.980108,1.980108,1.980108,1.980108,1.980108
1.980108,1.980108,1.980108,1.980108,1.980108,1.980108,1.980108,1.980108,1.980108,1.980108,1.980108,2.970162,1.980108,1.980108,1.980108,1.980108,1.980108,1.980108,1.980108,1.980108,1.980108,1.980108,1.980108,1.980108,1.980108,1.980108,1.980108,2.970162,1.980108,1.980108,1.980108,1.980108,1.980108,1.980108,1.980108,1.980108,1.980108,1.980108,1.980108,1.980108,1.980108,1.980108,1.980108,2.970162,1.980108,1.980108,1.980108,1.980108,1.980108,1.980108,1.980108,1.980108,1.980108,1.980108,1.980108,1.980108,1.980108,1.980108,1.980108,2.970162,1.980108,1.980108,1.980108,1.980108,1.980108,1.980108,1.980108,1.980108,1.980108,1.980108,1.980108,1.980108,1.980108,1.980108,1.980108,2.970162,1.980108,1.980108,1.980108,1.980108,1.980108,1.980108,1.980108,1.980108,1.980108,1.980108,1.980108,1.980108,1.980108,1.980108,1.980108,2.970162,1.980108,1.980108,1.980108,1.980108,1.980108,1.980108,1.980108,1.980108,1.980108,1.980108,1.980108,1.980108,1.980108,1.980108,1.980108,2.970162,1.980108,1.980108,1.980108,1.980108,1.980108,1.980108,1.980108,1.980108,1.980108,1.980108,1.980108,1.980108,1.980108,1.980108,1.980108,2.970162,1.980108,1.980108,1.980108,1.980108,1.980108,1.980108,1.980108,1.980108,1.980108,1.980108,1.980108,1.980108,1.980108,1.980108,1.980108,2.970162,1.980108,1.980108,1.980108,1.980108,1.980108,1.980108,1.980108,1.980108,1.980108,1.980108,1.980108,1.980108,1.980108,1.980108,1.980108,2.970162,1.980108,1.980108,1.980108,1.980108,1.980108,1.980108,1.980108,1.980108,1.980108,1.980108,1.980108,1.980108,1.980108,1.980108,1.980108,2.970162,1.980108,1.980108,1.980108,1.980108,1.980108,1.980108,1.980108,1.980108,1.980108,1.980108,1.980108,1.980108,1.980108,1.980108,1.980108,2.970162,1.980108,1.980108,1.980108,1.980108,1.980108,1.980108,1.980108,1.980108,1.980108,1.980108,1.980108,1.980108,1.980108,1.980108,1.980108,2.970162,1.980108,1.980108,1.980108,1.980108,2.970162,2.970162,2.970162,2.970162,2.970162,2.970162,2.970162,2.970162,2.970162,2.970162,2.970162,-30.550839,2.970162,2.970162,2.970162,2.970162,1.980108,1.980108,1.980108,1.980108,1.980108,1.980108,1.980108,1.980108,1.980108,1.980108,1.980108,2.970162,1.980108,1.980108,1.980108,1.980108,1.980108,1.980108,1.980108,1.980108,1.980108,1.980108,1.980108,1.980108,1.980108,1.980108,1.980108,2.970162,1.980108,1.980108,1.980108,1.980108,1.980108,1.980108,1.980108,1.980108,1.980108,1.980108,1.980108,1.980108,1.980108,1.980108,1.980108,2.970162,1.980108,1.980108,1.980108,1.980108,1.980108,1.980108,1.980108,1.980108,1.980108,1.980108,1.980108,1.980108,1.980108,1.980108,1.980108,2.970162,1.980108,1.980108,1.980108,1.980108,1.980108,1.980108,1.980108,1.980108,1.980108,1.980108,1.980108,1.980108,1.980108,1.980108,1.980108,2.970162,1.980108,1.980108,1.980108,1.980108,1.980108,1.980108,1.980108,1.980108,1.980108,1.980108,1.980108,1.980108,1.980108,1.980108,1.980108,2.970162,1.980108,1.980108,1.980108,1.980108
1.980108,1.980108,1.980108,1.980108,1.980108,1.980108,1.980108,1.980108,1.980108,1.980108,1.980108,1.980108,2.970162,1.980108,1.980108,1.980108,1.980108,1.980108,1.980108,1.980108,1.980108,1.980108,1.980108,1.980108,1.980108,1.980108,1.980108,1.980108,2.970162,1.980108,1.980108,1.980108,1.980108,1.980108,1.980108,1.980108,1.980108,1.980108,1.980108,1.980108,1.980108,1.980108,1.980108,1.980108,2.970162,1.980108,1.980108,1.980108,1.980108,1.980108,1.980108,1.980108,1.980108,1.980108,1.980108,1.980108,1.980108,1.980108,1.980108,1.980108,2.970162,1.980108,1.980108,1.980108,1.980108,1.980108,1.980108,1.980108,1.980108,1.980108,1.980108,1.980108,1.980108,1.980108,1.980108,1.980108,2.970162,1.980108,1.980108,1.980108,1.980108,1.980108,1.980108,1.980108,1.980108,1.980108,1.980108,1.980108,1.980108,1.980108,1.980108,1.980108,2.970162,1.980108,1.980108,1.980108,1.980108,1.980108,1.980108,1.980108,1.980108,1.980108,1.980108,1.980108,1.980108,1.980108,1.980108,1.980108,2.970162,1.980108,1.980108,1.980108,1.980108,1.980108,1.980108,1.980108,1.980108,1.980108,1.980108,1.980108,1.980108,1.980108,1.980108,1.980108,2.970162,1.980108,1.980108,1.980108,1.980108,1.980108,1.980108,1.980108,1.980108,1.980108,1.980108,1.980108,1.980108,1.980108,1.980108,1.980108,2.970162,1.980108,1.980108,1.980108,1.980108,1.980108,1.980108,1.980108,1.980108,1.980108,1.980108,1.980108,1.980108,1.980108,1.980108,1.980108,2.970162,1.980108,1.980108,1.980108,1.980108,1.980108,1.980108,1.980108,1.980108,1.980108,1.980108,1.980108,1.980108,1.980108,1.980108,1.980108,2.970162,1.980108,1.980108,1.980108,1.980108,1.980108,1.980108,1.980108,1.980108,1.980108,1.980108,1.980108,1.980108,1.980108,1.980108,1.980108,2.970162,1.980108,1.980108,1.980108,1.980108,1.980108,1.980108,1.980108,1.980108,1.980108,1.980108,1.980108,1.980108,1.980108,1.980108,1.980108,2.970162,1.980108,1.980108,1.980108,2.970162,2.970162,2.970162,2.970162,2.970162,2.970162,2.970162,2.970162,2.970162,2.970162,2.970162,2.970162,-30.359228,2.970162,2.970162,2.970162,1.980108,1.980108,1.980108,1.980108,1.980108,1.980108,1.980108,1.980108,1.980108,1.980108,1.980108,1.980108,2.970162,1.980108,1.980108,1.980108,1.980108,1.980108,1.980108,1.980108,1.980108,1.980108,1.980108,1.980108,1.980108,1.980108,1.980108,1.980108,2.970162,1.980108,1.980108,1.980108,1.980108,1.980108,1.980108,1.980108,1.980108,1.980108,1.980108,1.980108,1.980108,1.980108,1.980108,1.980108,2.970162,1.980108,1.980108,1.980108,1.980108,1.980108,1.980108,1.980108,1.980108,1.980108,1.980108,1.980108,1.980108,1.980108,1.980108,1.980108,2.970162,1.980108,1.980108,1.980108,1.980108,1.980108,1.980108,1.980108,1.980108,1.980108,1.980108,1.980108,1.980108,1.980108,1.980108,1.980108,2.970162,1.980108,1.980108,1.980108,1.980108,1.980108,1.980108,1.980108,1.980108,1.980108,1.980108,1.980108,1.980108,1.980108,1.980108,1.980108,2.970162,1.980108,1.980108,1.980108
1.980108,1.980108,1.980108,1.980108,1.980108,1.980108,1.980108,1.980108,1.980108,1.980108,1.980108,1.980108,1.980108,2.970162,1.980108,1.980108,1.980108,1.980108,1.980108,1.980108,1.980108,1.980108,1.980108,1.980108,1.980108,1.980108,1.980108,1.980108,1.980108,2.970162,1.980108,1.980108,1.980108,1.980108,1.980108,1.980108,1.980108,1.980108,1.980108,1.980108,1.980108,1.980108,1.980108,1.980108,1.980108,2.970162,1.980108,1.980108,1.980108,1.980108,1.980108,1.980108,1.980108,1.980108,1.980108,1.980108,1.980108,1.980108,1.980108,1.980108,1.980108,2.970162,1.980108,1.980108,1.980108,1.980108,1.980108,1.980108,1.980108,1.980108,1.980108,1.980108,1.980108,1.980108,1.980108,1.980108,1.980108,2.970162,1.980108,1.980108,1.980108,1.980108,1.980108,1.980108,1.980108,1.980108,1.980108,1.980108,1.980108,1.980108,1.980108,1.980108,1.980108,2.970162,1.980108,1.980108,1.980108,1.980108,1.980108,1.980108,1.980108,1.980108,1.980108,1.980108,1.980108,1.980108,1.980108,1.980108,1.980108,2.970162,1.980108,1.980108,1.980108,1.980108,1.980108,1.980108,1.980108,1.980108,1.980108,1.980108,1.980108,1.980108,1.980108,1.980108,1.980108,2.970162,1.980108,1.980108,1.980108,1.980108,1.980108,1.980108,1.980108,1.980108,1.980108,1.980108,1.980108,1.980108,1.980108,1.980108,1.980108,2.970162,1.980108,1.980108,1.980108,1.980108,1.980108,1.980108,1.980108,1.980108,1.980108,1.980108,1.980108,1.980108,1.980108,1.980108,1.980108,2.970162,1.980108,1.980108,1.980108,1.980108,1.980108,1.980108,1.980108,1.980108,1.980108,1.980108,1.980108,1.980108,1.980108,1.980108,1.980108,2.970162,1.980108,1.980108,1.980108,1.980108,1.980108,1.980108,1.980108,1.980108,1.980108,1.980108,1.980108,1.980108,1.980108,1.980108,1.980108,2.970162,1.980108,1.980108,1.980108,1.980108,1.980108,1.980108,1.980108,1.980108,1.980108,1.980108,1.980108,1.980108,1.980108,1.980108,1.980108,2.970162,1.980108,1.980108,2.970162,2.970162,2.970162,2.970162,2.970162,2.970162,2.970162,2.970162,2.970162,2.970162,2.970162,2.970162,2.970162,-30.269924,2.970162,2.970162,1.980108,1.980108,1.980108,1.980108,1.980108,1.980108,1.980108,1.980108,1.980108,1.980108,1.980108,1.980108,1.980108,2.970162,1.980108,1.980108,1.980108,1.980108,1.980108,1.980108,1.980108,1.980108,1.980108,1.980108,1.980108,1.980108,1.980108,1.980108,1.980108,2.970162,1.980108,1.980108,1.980108,1.980108,1.980108,1.980108,1.980108,1.980108,1.980108,1.980108,1.980108,1.980108,1.980108,1.980108,1.980108,2.970162,1.980108,1.980108,1.980108,1.980108,1.980108,1.980108,1.980108,1.980108,1.980108,1.980108,1.980108,1.980108,1.980108,1.980108,1.980108,2.970162,1.980108,1.980108,1.980108,1.980108,1.980108,1.980108,1.980108,1.980108,1.980108,1.980108,1.980108,1.980108,1.980108,1.980108,1.980108,2.970162,1.980108,1.980108,1.980108,1.980108,1.980108,1.980108,1.980108,1.980108,1.980108,1.980108,1.980108,1.980108,1.980108,1.980108,1.980108,2.970162,1.980108,1.980108
1.980108,1.980108,1.980108,1.980108,1.980108,1.980108,1.980108,1.980108,1.980108,1.980108,1.980108,1.980108,1.980108,1.980108,2.970162,1.980108,1.980108,1.980108,1.980108,1.980108,1.980108,1.980108,1.980108,1.980108,1.980108,1.980108,1.980108,1.980108,1.980108,1.980108,2.970162,1.980108,1.980108,1.980108,1.980108,1.980108,1.980108,1.980108,1.980108,1.980108,1.980108,1.980108,1.980108,1.980108,1.980108,1.980108,2.970162,1.980108,1.980108,1.980108,1.980108,1.980108,1.980108,1.980108,1.980108,1.980108,1.980108,1.980108,1.980108,1.980108,1.980108,1.980108,2.970162,1.980108,1.980108,1.980108,1.980108,1.980108,1.980108,1.980108,1.980108,1.980108,1.980108,1.980108,1.980108,1.980108,1.980108,1.980108,2.970162,1.980108,1.980108,1.980108,1.980108,1.980108,1.980108,1.980108,1.980108,1.980108,1.980108,1.980108,1.980108,1.980108,1.980108,1.980108,2.970162,1.980108,1.980108,1.980108,1.980108,1.980108,1.980108,1.980108,1.980108,1.980108,1.980108,1.980108,1.980108,1.980108,1.980108,1.980108,2.970162,1.980108,1.980108,1.980108,1.980108,1.980108,1.980108,1.980108,1.980108,1.980108,1.980108,1.980108,1.980108,1.980108,1.980108,1.980108,2.970162,1.980108,1.980108,1.980108,1.980108,1.980108,1.980108,1.980108,1.980108,1.980108,1.980108,1.980108,1.980108,1.980108,1.980108,1.980108,2.970162,1.980108,1.980108,1.980108,1.980108,1.980108,1.980108,1.980108,1.980108,1.980108,1.980108,1.980108,1.980108,1.980108,1.980108,1.980108,2.970162,1.980108,1.980108,1.980108,1.980108,1.980108,1.980108,1.980108,1.980108,1.980108,1.980108,1.980108,1.980108,1.980108,1.980108,1.980108,2.970162,1.980108,1.980108,1.980108,1.980108,1.980108,1.980108,1.980108,1.980108,1.980108,1.980108,1.980108,1.980108,1.980108,1.980108,1.980108,2.970162,1.980108,1.980108,1.980108,1.980108,1.980108,1.980108,1.980108,1.980108,1.980108,1.980108,1.980108,1.980108,1.980108,1.980108,1.980108,2.970162,1.980108,2.970162,2.970162,2.970162,2.970162,2.970162,2.970162,2.970162,2.970162,2.970162,2.970162,2.970162,2.970162,2.970162,2.970162,-29.795290,2.970162,1.980108,1.980108,1.980108,1.980108,1.980108,1.980108,1.980108,1.980108,1.980108,1.980108,1.980108,1.980108,1.980108,1.980108,2.970162,1.980108,1.980108,1.980108,1.980108,1.980108,1.980108,1.980108,1.980108,1.980108,1.980108,1.980108,1.980108,1.980108,1.980108,1.980108,2.970162,1.980108,1.980108,1.980108,1.980108,1.980108,1.980108,1.980108,1.980108,1.980108,1.980108,1.980108,1.980108,1.980108,1.980108,1.980108,2.970162,1.980108,1.980108,1.980108,1.980108,1.980108,1.980108,1.980108,1.980108,1.980108,1.980108,1.980108,1.980108,1.980108,1.980108,1.980108,2.970162,1.980108,1.980108,1.980108,1.980108,1.980108,1.980108,1.980108,1.980108,1.980108,1.980108,1.980108,1.980108,1.980108,1.980108,1.980108,2.970162,1.980108,1.980108,1.980108,1.980108,1.980108,1.980108,1.980108,1.980108,1.980108,1.980108,1.980108,1.980108,1.980108,1.980108,1.980108,2.970162,1.980108
1.980108,1.980108,1.980108,1.980108,1.980108,1.980108,1.980108,1.980108,1.980108,1.980108,1.980108,1.980108,1.980108,1.980108,1.980108,2.970162,1.980108,1.980108,1.980108,1.980108,1.980108,1.980108,1.980108,1.980108,1.980108,1.980108,1.980108,1.980108,1.980108,1.980108,1.980108,2.970162,1.980108,1.980108,1.980108,1.980108,1.980108,1.980108,1.980108,1.980108,1.980108,1.980108,1.980108,1.980108,1.980108,1.980108,1.980108,2.970162,1.980108,1.980108,1.980108,1.980108,1.980108,1.980108,1.980108,1.980108,1.980108,1.980108,1.980108,1.980108,1.980108,1.980108,1.980108,2.970162,1.980108,1.980108,1.980108,1.980108,1.980108,1.980108,1.980108,1.980108,1.980108,1.980108,1.980108,1.980108,1.980108,1.980108,1.980108,2.970162,1.980108,1.980108,1.980108,1.980108,1.980108,1.980108,1.980108,1.980108,1.980108,1.980108,1.980108,1.980108,1.980108,1.980108,1.980108,2.970162,1.980108,1.980108,1.980108,1.980108,1.980108,1.980108,1.980108,1.980108,1.980108,1.980108,1.980108,1.980108,1.980108,1.980108,1.980108,2.970162,1.980108,1.980108,1.980108,1.980108,1.980108,1.980108,1.980108,1.980108,1.980108,1.980108,1.980108,1.980108,1.980108,1.980108,1.980108,2.970162,1.980108,1.980108,1.980108,1.980108,1.980108,1.980108,1.980108,1.980108,1.980108,1.980108,1.980108,1.980108,1.980108,1.980108,1.980108,2.970162,1.980108,1.980108,1.980108,1.980108,1.980108,1.980108,1.980108,1.980108,1.980108,1.980108,1.980108,1.980108,1.980108,1.980108,1.980108,2.970162,1.980108,1.980108,1.980108,1.980108,1.980108,1.980108,1.980108,1.980108,1.980108,1.980108,1.980108,1.980108,1.980108,1.980108,1.980108,2.970162,1.980108,1.980108,1.980108,1.980108,1.980108,1.980108,1.980108,1.980108,1.980108,1.980108,1.980108,1.980108,1.980108,1.980108,1.980108,2.970162,1.980108,1.980108,1.980108,1.980108,1.980108,1.980108,1.980108,1.980108,1.980108,1.980108,1.980108,1.980108,1.980108,1.980108,1.980108,2.970162,2.970162,2.970162,2.970162,2.970162,2.970162,2.970162,2.970162,2.970162,2.970162,2.970162,2.970162,2.970162,2.970162,2.970162,2.970162,-30.069331,1.980108,1.980108,1.980108,1.980108,1.980108,1.980108,1.980108,1.980108,1.980108,1.980108,1.980108,1.980108,1.980108,1.980108,1.980108,2.970162,1.980108,1.980108,1.980108,1.980108,1.980108,1.980108,1.980108,1.980108,1.980108,1.980108,1.980108,1.980108,1.980108,1.980108,1.980108,2.970162,1.980108,1.980108,1.980108,1.980108,1.980108,1.980108,1.980108,1.980108,1.980108,1.980108,1.980108,1.980108,1.980108,1.980108,1.980108,2.970162,1.980108,1.980108,1.980108,1.980108,1.980108,1.980108,1.980108,1.980108,1.980108,1.980108,1.980108,1.980108,1.980108,1.980108,1.980108,2.970162,1.980108,1.980108,1.980108,1.980108,1.980108,1.980108,1.980108,1.980108,1.980108,1.980108,1.980108,1.980108,1.980108,1.980108,1.980108,2.970162,1.980108,1.980108,1.980108,1.980108,1.980108,1.980108,1.980108,1.980108,1.980108,1.980108,1.980108,1.980108,1.980108,1.980108,1.980108,2.970162
2.970162,1.980108,1.980108,1.980108,1.980108,1.980108,1.980108,1.980108,1.980108,1.980108,1.980108,1.980108,1.980108,1.980108,1.980108,1.980108,2.970162,1.980108,1.980108,1.980108,1.980108,1.980108,1.980108,1.980108,1.980108,1.980108,1.980108,1.980108,1.980108,1.980108,1.980108,1.980108,2.970162,1.980108,1.980108,1.980108,1.980108,1.980108,1.980108,1.980108,1.980108,1.980108,1.980108,1.980108,1.980108,1.980108,1.980108,1.980108,2.970162,1.980108,1.980108,1.980108,1.980108,1.980108,1.980108,1.980108,1.980108,1.980108,1.980108,1.980108,1.980108,1.980108,1.980108,1.980108,2.970162,1.980108,1.980108,1.980108,1.980108,1.980108,1.980108,1.980108,1.980108,1.980108,1.980108,1.980108,1.980108,1.980108,1.980108,1.980108,2.970162,1.980108,1.980108,1.980108,1.980108,1.980108,1.980108,1.980108,1.980108,1.980108,1.980108,1.980108,1.980108,1.980108,1.980108,1.980108,2.970162,1.980108,1.980108,1.980108,1.980108,1.980108,1.980108,1.980108,1.980108,1.980108,1.980108,1.980108,1.980108,1.980108,1.980108,1.980108,2.970162,1.980108,1.980108,1.980108,1.980108,1.980108,1.980108,1.980108,1.980108,1.980108,1.980108,1.980108,1.980108,1.980108,1.980108,1.980108,2.970162,1.980108,1.980108,1.980108,1.980108,1.980108,1.980108,1.980108,1.980108,1.980108,1.980108,1.980108,1.980108,1.980108,1.980108,1.980108,2.970162,1.980108,1.980108,1.980108,1.980108,1.980108,1.980108,1.980108,1.980108,1.980108,1.980108,1.980108,1.980108,1.980108,1.980108,1.980108,2.970162,1.980108,1.980108,1.980108,1.980108,1.980108,1.980108,1.980108,1.980108,1.980108,1.980108,1.980108,1.980108,1.980108,1.980108,1.980108,2.970162,1.980108,1.980108,1.980108,1.980108,1.980108,1.980108,1.980108,1.980108,1.980108,1.980108,1.980108,1.980108,1.980108,1.980108,1.980108,2.970162,1.980108,1.980108,1.980108,1.980108,1.980108,1.980108,1.980108,1.980108,1.980108,1.980108,1.980108,1.980108,1.980108,1.980108,1.980108,2.970162,1.980108,1.980108,1.980108,1.980108,1.980108,1.980108,1.980108,1.980108,1.980108,1.980108,1.980108,1.980108,1.980108,1.980108,1.980108,-29.966818,2.970162,2.970162,2.970162,2.970162,2.970162,2.970162,2.970162,2.970162,2.970162,2.970162,2.970162,2.970162,2.970162,2.970162,2.970162,2.970162,1.980108,1.980108,1.980108,1.980108,1.980108,1.980108,1.980108,1.980108,1.980108,1.980108,1.980108,1.980108,1.980108,1.980108,1.980108,2.970162,1.980108,1.980108,1.980108,1.980108,1.980108,1.980108,1.980108,1.980108,1.980108,1.980108,1.980108,1.980108,1.980108,1.980108,1.980108,2.970162,1.980108,1.980108,1.980108,1.980108,1.980108,1.980108,1.980108,1.980108,1.980108,1.980108,1.980108,1.980108,1.980108,1.980108,1.980108,2.970162,1.980108,1.980108,1.980108,1.980108,1.980108,1.980108,1.980108,1.980108,1.980108,1.980108,1.980108,1.980108,1.980108,1.980108,1.980108,2.970162,1.980108,1.980108,1.980108,1.980108,1.980108,1.980108,1.980108,1.980108,1.980108,1.980108,1.980108,1.980108,1.980108,1.980108,1.980108
1.980108,2.970162,1.980108,1.980108,1.980108,1.980108,1.980108,1.980108,1.980108,1.980108,1.980108,1.980108,1.980108,1.980108,1.980108,1.980108,1.980108,2.970162,1.980108,1.980108,1.980108,1.980108,1.980108,1.980108,1.980108,1.980108,1.980108,1.980108,1.980108,1.980108,1.980108,1.980108,1.980108,2.970162,1.980108,1.980108,1.980108,1.980108,1.980108,1.980108,1.980108,1.980108,1.980108,1.980108,1.980108,1.980108,1.980108,1.980108,1.980108,2.970162,1.980108,1.980108,1.980108,1.980108,1.980108,1.980108,1.980108,1.980108,1.980108,1.980108,1.980108,1.980108,1.980108,1.980108,1.980108,2.970162,1.980108,1.980108,1.980108,1.980108,1.980108,1.980108,1.980108,1.980108,1.980108,1.980108,1.980108,1.980108,1.980108,1.980108,1.980108,2.970162,1.980108,1.980108,1.980108,1.980108,1.980108,1.980108,1.980108,1.980108,1.980108,1.980108,1.980108,1.980108,1.980108,1.980108,1.980108,2.970162,1.980108,1.980108,1.980108,1.980108,1.980108,1.980108,1.980108,1.980108,1.980108,1.980108,1.980108,1.980108,1.980108,1.980108,1.980108,2.970162,1.980108,1.980108,1.980108,1.980108,1.980108,1.980108,1.980108,1.980108,1.980108,1.980108,1.980108,1.980108,1.980108,1.980108,1.980108,2.970162,1.980108,1.980108,1.980108,1.980108,1.980108,1.980108,1.980108,1.980108,1.980108,1.980108,1.980108,1.980108,1.980108,1.980108,1.980108,2.970162,1.980108,1.980108,1.980108,1.980108,1.980108,1.980108,1.980108,1.980108,1.980108,1.980108,1.980108,1.980108,1.980108,1.980108,1.980108,2.970162,1.980108,1.980108,1.980108,1.980108,1.980108,1.980108,1.980108,1.980108,1.980108,1.980108,1.980108,1.980108,1.980108,1.980108,1.980108,2.970162,1.980108,1.980108,1.980108,1.980108,1.980108,1.980108,1.980108,1.980108,1.980108,1.980108,1.980108,1.980108,1.980108,1.980108,1.980108,2.970162,1.980108,1.980108,1.980108,1.980108,1.980108,1.980108,1.980108,1.980108,1.980108,1.980108,1.980108,1.980108,1.980108,1.980108,1.980108,2.970162,1.980108,1.980108,1.980108,1.980108,1.980108,1.980108,1.980108,1.980108,1.980108,1.980108,1.980108,1.980108,1.980108,1.980108,2.970162,-29.945605,2.970162,2.970162,2.970162,2.970162,2.970162,2.970162,2.970162,2.970162,2.970162,2.970162,2.970162,2.970162,2.970162,2.970162,1.980108,2.970162,1.980108,1.980108,1.980108,1.980108,1.980108,1.980108,1.980108,1.980108,1.980108,1.980108,1.980108,1.980108,1.980108,1.980108,1.980108,2.970162,1.980108,1.980108,1.980108,1.980108,1.980108,1.980108,1.980108,1.980108,1.980108,1.980108,1.980108,1.980108,1.980108,1.980108,1.980108,2.970162,1.980108,1.980108,1.980108,1.980108,1.980108,1.980108,1.980108,1.980108,1.980108,1.980108,1.980108,1.980108,1.980108,1.980108,1.980108,2.970162,1.980108,1.980108,1.980108,1.980108,1.980108,1.980108,1.980108,1.980108,1.980108,1.980108,1.980108,1.980108,1.980108,1.980108,1.980108,2.970162,1.980108,1.980108,1.980108,1.980108,1.980108,1.980108,1.980108,1.980108,1.980108,1.980108,1.980108,1.980108,1.980108,1.980108
1.980108,1.980108,2.970162,1.980108,1.980108,1.980108,1.980108,1.980108,1.980108,1.980108,1.980108,1.980108,1.980108,1.980108,1.980108,1.980108,1.980108,1.980108,2.970162,1.980108,1.980108,1.980108,1.980108,1.980108,1.980108,1.980108,1.980108,1.980108,1.980108,1.980108,1.980108,1.980108,1.980108,1.980108,2.970162,1.980108,1.980108,1.980108,1.980108,1.980108,1.980108,1.980108,1.980108,1.980108,1.980108,1.980108,1.980108,1.980108,1.980108,1.980108,2.970162,1.980108,1.980108,1.980108,1.980108,1.980108,1.980108,1.980108,1.980108,1.980108,1.980108,1.980108,1.980108,1.980108,1.980108,1.980108,2.970162,1.980108,1.980108,1.980108,1.980108,1.980108,1.980108,1.980108,1.980108,1.980108,1.980108,1.980108,1.980108,1.980108,1.980108,1.980108,2.970162,1.980108,1.980108,1.980108,1.980108,1.980108,1.980108,1.980108,1.980108,1.980108,1.980108,1.980108,1.980108,1.980108,1.980108,1.980108,2.970162,1.980108,1.980108,1.980108,1.980108,1.980108,1.980108,1.980108,1.980108,1.980108,1.980108,1.980108,1.980108,1.980108,1.980108,1.980108,2.970162,1.980108,1.980108,1.980108,1.980108,1.980108,1.980108,1.980108,1.980108,1.980108,1.980108,1.980108,1.980108,1.980108,1.980108,1.980108,2.970162,1.980108,1.980108,1.980108,1.980108,1.980108,1.980108,1.980108,1.980108,1.980108,1.980108,1.980108,1.980108,1.980108,1.980108,1.980108,2.970162,1.980108,1.980108,1.980108,1.980108,1.980108,1.980108,1.980108,1.980108,1.980108,1.980108,1.980108,1.980108,1.980108,1.980108,1.980108,2.970162,1.980108,1.980108,1.980108,1.980108,1.980108,1.980108,1.980108,1.980108,1.980108,1.980108,1.980108,1.980108,1.980108,1.980108,1.980108,2.970162,1.980108,1.980108,1.980108,1.980108,1.980108,1.980108,1.980108,1.980108,1.980108,1.980108,1.980108,1.980108,1.980108,1.980108,1.980108,2.970162,1.980108,1.980108,1.980108,1.980108,1.980108,1.980108,1.980108,1.980108,1.980108,1.980108,1.980108,1.980108,1.980108,1.980108,1.980108,2.970162,1.980108,1.980108,1.980108,1.980108,1.980108,1.980108,1.980108,1.980108,1.980108,1.980108,1.980108,1.980108,1.980108,2.970162,2.970162,-30.674626,2.970162,2.970162,2.970162,2.970162,2.970162,2.970162,2.970162,2.970162,2.970162,2.970162,2.970162,2.970162,2.970162,1.980108,1.980108,2.970162,1.980108,1.980108,1.980108,1.980108,1.980108,1.980108,1.980108,1.980108,1.980108,1.980108,1.980108,1.980108,1.980108,1.980108,1.980108,2.970162,1.980108,1.980108,1.980108,1.980108,1.980108,1.980108,1.980108,1.980108,1.980108,1.980108,1.980108,1.980108,1.980108,1.980108,1.980108,2.970162,1.980108,1.980108,1.980108,1.980108,1.980108,1.980108,1.980108,1.980108,1.980108,1.980108,1.980108,1.980108,1.980108,1.980108,1.980108,2.970162,1.980108,1.980108,1.980108,1.980108,1.980108,1.980108,1.980108,1.980108,1.980108,1.980108,1.980108,1.980108,1.980108,1.980108,1.980108,2.970162,1.980108,1.980108,1.980108,1.980108,1.980108,1.980108,1.980108,1.980108,1.980108,1.980108,1.980108,1.980108,1.980108
1.980108,1.980108,1.980108,2.970162,1.980108,1.980108,1.980108,1.980108,1.980108,1.980108,1.980108,1.980108,1.980108,1.980108,1.980108,1.980108,1.980108,1.980108,1.980108,2.970162,1.980108,1.980108,1.980108,1.980108,1.980108,1.980108,1.980108,1.980108,1.980108,1.980108,1.980108,1.980108,1.980108,1.980108,1.980108,2.970162,1.980108,1.980108,1.980108,1.980108,1.980108,1.980108,1.980108,1.980108,1.980108,1.980108,1.980108,1.980108,1.980108,1.980108,1.980108,2.970162,1.980108,1.980108,1.980108,1.980108,1.980108,1.980108,1.980108,1.980108,1.980108,1.980108,1.980108,1.980108,1.980108,1.980108,1.980108,2.970162,1.980108,1.980108,1.980108,1.980108,1.980108,1.980108,1.980108,1.980108,1.980108,1.980108,1.980108,1.980108,1.980108,1.980108,1.980108,2.970162,1.980108,1.980108,1.980108,1.980108,1.980108,1.980108,1.980108,1.980108,1.980108,1.980108,1.980108,1.980108,1.980108,1.980108,1.980108,2.970162,1.980108,1.980108,1.980108,1.980108,1.980108,1.980108,1.980108,1.980108,1.980108,1.980108,1.980108,1.980108,1.980108,1.980108,1.980108,2.970162,1.980108,1.980108,1.980108,1.980108,1.980108,1.980108,1.980108,1.980108,1.980108,1.980108,1.980108,1.980108,1.980108,1.980108,1.980108,2.970162,1.980108,1.980108,1.980108,1.980108,1.980108,1.980108,1.980108,1.980108,1.980108,1.980108,1.980108,1.980108,1.980108,1.980108,1.980108,2.970162,1.980108,1.980108,1.980108,1.980108,1.980108,1.980108,1.980108,1.980108,1.980108,1.980108,1.980108,1.980108,1.980108,1.980108,1.980108,2.970162,1.980108,1.980108,1.980108,1.980108,1.980108,1.980108,1.980108,1.980108,1.980108,1.980108,1.980108,1.980108,1.980108,1.980108,1.980108,2.970162,1.980108,1.980108,1.980108,1.980108,1.980108,1.980108,1.980108,1.980108,1.980108,1.980108,1.980108,1.980108,1.980108,1.980108,1.980108,2.970162,1.980108,1.980108,1.980108,1.980108,1.980108,1.980108,1.980108,1.980108,1.980108,1.980108,1.980108,1.980108,1.980108,1.980108,1.980108,2.970162,1.980108,1.980108,1.980108,1.980108,1.980108,1.980108,1.980108,1.980108,1.980108,1.980108,1.980108,1.980108,2.970162,2.970162,2.970162,-30.094713,2.970162,2.970162,2.970162,2.970162,2.970162,2.970162,2.970162,2.970162,2.970162,2.970162,2.970162,2.970162,1.980108,1.980108,1.980108,2.970162,1.980108,1.980108,1.980108,1.980108,1.980108,1.980108,1.980108,1.980108,1.980108,1.980108,1.980108,1.980108,1.980108,1.980108,1.980108,2.970162,1.980108,1.980108,1.980108,1.980108,1.980108,1.980108,1.980108,1.980108,1.980108,1.980108,1.980108,1.980108,1.980108,1.980108,1.980108,2.970162,1.980108,1.980108,1.980108,1.980108,1.980108,1.980108,1.980108,1.980108,1.980108,1.980108,1.980108,1.980108,1.980108,1.980108,1.980108,2.970162,1.980108,1.980108,1.980108,1.980108,1.980108,1.980108,1.980108,1.980108,1.980108,1.980108,1.980108,1.980108,1.980108,1.980108,1.980108,2.970162,1.980108,1.980108,1.980108,1.980108,1.980108,1.980108,1.980108,1.980108,1.980108,1.980108,1.980108,1.980108
1.980108,1.980108,1.980108,1.980108,2.970162,1.980108,1.980108,1.980108,1.980108,1.980108,1.980108,1.980108,1.980108,1.980108,1.980108,1.980108,1.980108,1.980108,1.980108,1.980108,2.970162,1.980108,1.980108,1.980108,1.980108,1.980108,1.980108,1.980108,1.980108,1.980108,1.980108,1.980108,1.980108,1.980108,1.980108,1.980108,2.970162,1.980108,1.980108,1.980108,1.980108,1.980108,1.980108,1.980108,1.980108,1.980108,1.980108,1.980108,1.980108,1.980108,1.980108,1.980108,2.970162,1.980108,1.980108,1.980108,1.980108,1.980108,1.980108,1.980108,1.980108,1.980108,1.980108,1.980108,1.980108,1.980108,1.980108,1.980108,2.970162,1.980108,1.980108,1.980108,1.980108,1.980108,1.980108,1.980108,1.980108,1.980108,1.980108,1.980108,1.980108,1.980108,1.980108,1.980108,2.970162,1.980108,1.980108,1.980108,1.980108,1.980108,1.980108,1.980108,1.980108,1.980108,1.980108,1.980108,1.980108,1.980108,1.980108,1.980108,2.970162,1.980108,1.980108,1.980108,1.980108,1.980108,1.980108,1.980108,1.980108,1.980108,1.980108,1.980108,1.980108,1.980108,1.980108,1.980108,2.970162,1.980108,1.980108,1.980108,1.980108,1.980108,1.980108,1.980108,1.980108,1.980108,1.980108,1.980108,1.980108,1.980108,1.980108,1.980108,2.970162,1.980108,1.980108,1.980108,1.980108,1.980108,1.980108,1.980108,1.980108,1.980108,1.980108,1.980108,1.980108,1.980108,1.980108,1.980108,2.970162,1.980108,1.980108,1.980108,1.980108,1.980108,1.980108,1.980108,1.980108,1.980108,1.980108,1.980108,1.980108,1.980108,1.980108,1.980108,2.970162,1.980108,1.980108,1.980108,1.980108,1.980108,1.980108,1.980108,1.980108,1.980108,1.980108,1.980108,1.980108,1.980108,1.980108,1.980108,2.970162,1.980108,1.980108,1.980108,1.980108,1.980108,1.980108,1.980108,1.980108,1.980108,1.980108,1.980108,1.980108,1.980108,1.980108,1.980108,2.970162,1.980108,1.980108,1.980108,1.980108,1.980108,1.980108,1.980108,1.980108,1.980108,1.980108,1.980108,1.980108,1.980108,1.980108,1.980108,2.970162,1.980108,1.980108,1.980108,1.980108,1.980108,1.980108,1.980108,1.980108,1.980108,1.980108,1.980108,2.970162,2.970162,2.970162,2.970162,-30.593662,2.970162,2.970162,2.970162,2.970162,2.970162,2.970162,2.970162,2.970162,2.970162,2.970162,2.970162,1.980108,1.980108,1.980108,1.980108,2.970162,1.980108,1.980108,1.980108,1.980108,1.980108,1.980108,1.980108,1.980108,1.980108,1.980108,1.980108,1.980108,1.980108,1.980108,1.980108,2.970162,1.980108,1.980108,1.980108,1.980108,1.980108,1.980108,1.980108,1.980108,1.980108,1.980108,1.980108,1.980108,1.980108,1.980108,1.980108,2.970162,1.980108,1.980108,1.980108,1.980108,1.980108,1.980108,1.980108,1.980108,1.980108,1.980108,1.980108,1.980108,1.980108,1.980108,1.980108,2.970162,1.980108,1.980108,1.980108,1.980108,1.980108,1.980108,1.980108,1.980108,1.980108,1.980108,1.980108,1.980108,1.980108,1.980108,1.980108,2.970162,1.980108,1.980108,1.980108,1.980108,1.980108,1.980108,1.980108,1.980108,1.980108,1.980108,1.980108
1.980108,1.980108,1.980108,1.980108,1.980108,2.970162,1.980108,1.980108,1.980108,1.980108,1.980108,1.980108,1.980108,1.980108,1.980108,1.980108,1.980108,1.980108,1.980108,1.980108,1.980108,2.970162,1.980108,1.980108,1.980108,1.980108,1.980108,1.980108,1.980108,1.980108,1.980108,1.980108,1.980108,1.980108,1.980108,1.980108,1.980108,2.970162,1.980108,1.980108,1.980108,1.980108,1.980108,1.980108,1.980108,1.980108,1.980108,1.980108,1.980108,1.980108,1.980108,1.980108,1.980108,2.970162,1.980108,1.980108,1.980108,1.980108,1.980108,1.980108,1.980108,1.980108,1.980108,1.980108,1.980108,1.980108,1.980108,1.980108,1.980108,2.970162,1.980108,1.980108,1.980108,1.980108,1.980108,1.980108,1.980108,1.980108,1.980108,1.980108,1.980108,1.980108,1.980108,1.980108,1.980108,2.970162,1.980108,1.980108,1.980108,1.980108,1.980108,1.980108,1.980108,1.980108,1.980108,1.980108,1.980108,1.980108,1.980108,1.980108,1.980108,2.970162,1.980108,1.980108,1.980108,1.980108,1.980108,1.980108,1.980108,1.980108,1.980108,1.980108,1.980108,1.980108,1.980108,1.980108,1.980108,2.970162,1.980108,1.980108,1.980108,1.980108,1.980108,1.980108,1.980108,1.980108,1.980108,1.980108,1.980108,1.980108,1.980108,1.980108,1.980108,2.970162,1.980108,1.980108,1.980108,1.980108,1.980108,1.980108,1.980108,1.980108,1.980108,1.980108,1.980108,1.980108,1.980108,1.980108,1.980108,2.970162,1.980108,1.980108,1.980108,1.980108,1.980108,1.980108,1.980108,1.980108,1.980108,1.980108,1.980108,1.980108,1.980108,1.980108,1.980108,2.970162,1.980108,1.980108,1.980108,1.980108,1.980108,1.980108,1.980108,1.980108,1.980108,1.980108,1.980108,1.980108,1.980108,1.980108,1.980108,2.970162,1.980108,1.980108,1.980108,1.980108,1.980108,1.980108,1.980108,1.980108,1.980108,1.980108,1.980108,1.980108,1.980108,1.980108,1.980108,2.970162,1.980108,1.980108,1.980108,1.980108,1.980108,1.980108,1.980108,1.980108,1.980108,1.980108,1.980108,1.980108,1.980108,1.980108,1.980108,2.970162,1.980108,1.980108,1.980108,1.980108,1.980108,1.980108,1.980108,1.980108,1.980108,1.980108,2.970162,2.970162,2.970162,2.970162,2.970162,-30.332754,2.970162,2.970162,2.970162,2.970162,2.970162,2.970162,2.970162,2.970162,2.970162,2.970162,1.980108,1.980108,1.980108,1.980108,1.980108,2.970162,1.980108,1.980108,1.980108,1.980108,1.980108,1.980108,1.980108,1.980108,1.980108,1.980108,1.980108,1.980108,1.980108,1.980108,1.980108,2.970162,1.980108,1.980108,1.980108,1.980108,1.980108,1.980108,1.980108,1.980108,1.980108,1.980108,1.980108,1.980108,1.980108,1.980108,1.980108,2.970162,1.980108,1.980108,1.980108,1.980108,1.980108,1.980108,1.980108,1.980108,1.980108,1.980108,1.980108,1.980108,1.980108,1.980108,1.980108,2.970162,1.980108,1.980108,1.980108,1.980108,1.980108,1.980108,1.980108,1.980108,1.980108,1.980108,1.980108,1.980108,1.980108,1.980108,1.980108,2.970162,1.980108,1.980108,1.980108,1.980108,1.980108,1.980108,1.980108,1.980108,1.980108,1.980108
1.980108,1.980108,1.980108,1.980108,1.980108,1.980108,2.970162,1.980108,1.980108,1.980108,1.980108,1.980108,1.980108,1.980108,1.980108,1.980108,1.980108,1.980108,1.980108,1.980108,1.980108,1.980108,2.970162,1.980108,1.980108,1.980108,1.980108,1.980108,1.980108,1.980108,1.980108,1.980108,1.980108,1.980108,1.980108,1.980108,1.980108,1.980108,2.970162,1.980108,1.980108,1.980108,1.980108,1.980108,1.980108,1.980108,1.980108,1.980108,1.980108,1.980108,1.980108,1.980108,1.980108,1.980108,2.970162,1.980108,1.980108,1.980108,1.980108,1.980108,1.980108,1.980108,1.980108,1.980108,1.980108,1.980108,1.980108,1.980108,1.980108,1.980108,2.970162,1.980108,1.980108,1.980108,1.980108,1.980108,1.980108,1.980108,1.980108,1.980108,1.980108,1.980108,1.980108,1.980108,1.980108,1.980108,2.970162,1.980108,1.980108,1.980108,1.980108,1.980108,1.980108,1.980108,1.980108,1.980108,1.980108,1.980108,1.980108,1.980108,1.980108,1.980108,2.970162,1.980108,1.980108,1.980108,1.980108,1.980108,1.980108,1.980108,1.980108,1.980108,1.980108,1.980108,1.980108,1.980108,1.980108,1.980108,2.970162,1.980108,1.980108,1.980108,1.980108,1.980108,1.980108,1.980108,1.980108,1.980108,1.980108,1.980108,1.980108,1.980108,1.980108,1.980108,2.970162,1.980108,1.980108,1.980108,1.980108,1.980108,1.980108,1.980108,1.980108,1.980108,1.980108,1.980108,1.980108,1.980108,1.980108,1.980108,2.970162,1.980108,1.980108,1.980108,1.980108,1.980108,1.980108,1.980108,1.980108,1.980108,1.980108,1.980108,1.980108,1.980108,1.980108,1.980108,2.970162,1.980108,1.980108,1.980108,1.980108,1.980108,1.980108,1.980108,1.980108,1.980108,1.980108,1.980108,1.980108,1.980108,1.980108,1.980108,2.970162,1.980108,1.980108,1.980108,1.980108,1.980108,1.980108,1.980108,1.980108,1.980108,1.980108,1.980108,1.980108,1.980108,1.980108,1.980108,2.970162,1.980108,1.980108,1.980108,1.980108,1.980108,1.980108,1.980108,1.980108,1.980108,1.980108,1.980108,1.980108,1.980108,1.980108,1.980108,2.970162,1.980108,1.980108,1.980108,1.980108,1.980108,1.980108,1.980108,1.980108,1.980108,2.970162,2.970162,2.970162,2.970162,2.970162,2.970162,-30.496427,2.970162,2.970162,2.970162,2.970162,2.970162,2.970162,2.970162,2.970162,2.970162,1.980108,1.980108,1.980108,1.980108,1.980108,1.980108,2.970162,1.980108,1.980108,1.980108,1.980108,1.980108,1.980108,1.980108,1.980108,1.980108,1.980108,1.980108,1.980108,1.980108,1.980108,1.980108,2.970162,1.980108,1.980108,1.980108,1.980108,1.980108,1.980108,1.980108,1.980108,1.980108,1.980108,1.980108,1.980108,1.980108,1.980108,1.980108,2.970162,1.980108,1.980108,1.980108,1.980108,1.980108,1.980108,1.980108,1.980108,1.980108,1.980108,1.980108,1.980108,1.980108,1.980108,1.980108,2.970162,1.980108,1.980108,1.980108,1.980108,1.980108,1.980108,1.980108,1.980108,1.980108,1.980108,1.980108,1.980108,1.980108,1.980108,1.980108,2.970162,1.980108,1.980108,1.980108,1.980108,1.980108,1.980108,1.980108,1.980108,1.980108
1.980108,1.980108,1.980108,1.980108,1.980108,1.980108,1.980108,2.970162,1.980108,1.980108,1.980108,1.980108,1.980108,1.980108,1.980108,1.980108,1.980108,1.980108,1.980108,1.980108,1.980108,1.980108,1.980108,2.970162,1.980108,1.980108,1.980108,1.980108,1.980108,1.980108,1.980108,1.980108,1.980108,1.980108,1.980108,1.980108,1.980108,1.980108,1.980108,2.970162,1.980108,1.980108,1.980108,1.980108,1.980108,1.980108,1.980108,1.980108,1.980108,1.980108,1.980108,1.980108,1.980108,1.980108,1.980108,2.970162,1.980108,1.980108,1.980108,1.980108,1.980108,1.980108,1.980108,1.980108,1.980108,1.980108,1.980108,1.980108,1.980108,1.980108,1.980108,2.970162,1.980108,1.980108,1.980108,1.980108,1.980108,1.980108,1.980108,1.980108,1.980108,1.980108,1.980108,1.980108,1.980108,1.980108,1.980108,2.970162,1.980108,1.980108,1.980108,1.980108,1.980108,1.980108,1.980108,1.980108,1.980108,1.980108,1.980108,1.980108,1.980108,1.980108,1.980108,2.970162,1.980108,1.980108,1.980108,1.980108,1.980108,1.980108,1.980108,1.980108,1.980108,1.980108,1.980108,1.980108,1.980108,1.980108,1.980108,2.970162,1.980108,1.980108,1.980108,1.980108,1.980108,1.980108,1.980108,1.980108,1.980108,1.980108,1.980108,1.980108,1.980108,1.980108,1.980108,2.970162,1.980108,1.980108,1.980108,1.980108,1.980108,1.980108,1.980108,1.980108,1.980108,1.980108,1.980108,1.980108,1.980108,1.980108,1.980108,2.970162,1.980108,1.980108,1.980108,1.980108,1.980108,1.980108,1.980108,1.980108,1.980108,1.980108,1.980108,1.980108,1.980108,1.980108,1.980108,2.970162,1.980108,1.980108,1.980108,1.980108,1.980108,1.980108,1.980108,1.980108,1.980108,1.980108,1.980108,1.980108,1.980108,1.980108,1.980108,2.970162,1.980108,1.980108,1.980108,1.980108,1.980108,1.980108,1.980108,1.980108,1.980108,1.980108,1.980108,1.980108,1.980108,1.980108,1.980108,2.970162,1.980108,1.980108,1.980108,1.980108,1.980108,1.980108,1.980108,1.980108,1.980108,1.980108,1.980108,1.980108,1.980108,1.980108,1.980108,2.970162,1.980108,1.980108,1.980108,1.980108,1.980108,1.980108,1.980108,1.980108,2.970162,2.970162,2.970162,2.970162,2.970162,2.970162,2.970162,-30.204253,2.970162,2.970162,2.970162,2.970162,2.970162,2.970162,2.970162,2.970162,1.980108,1.980108,1.980108,1.980108,1.980108,1.980108,1.980108,2.970162,1.980108,1.980108,1.980108,1.980108,1.980108,1.980108,1.980108,1.980108,1.980108,1.980108,1.980108,1.980108,1.980108,1.980108,1.980108,2.970162,1.980108,1.980108,1.980108,1.980108,1.980108,1.980108,1.980108,1.980108,1.980108,1.980108,1.980108,1.980108,1.980108,1.980108,1.980108,2.970162,1.980108,1.980108,1.980108,1.980108,1.980108,1.980108,1.980108,1.980108,1.980108,1.980108,1.980108,1.980108,1.980108,1.980108,1.980108,2.970162,1.980108,1.980108,1.980108,1.980108,1.980108,1.980108,1.980108,1.980108,1.980108,1.980108,1.980108,1.980108,1.980108,1.980108,1.980108,2.970162,1.980108,1.980108,1.980108,1.980108,1.980108,1.980108,1.980108,1.980108
1.980108,1.980108,1.980108,1.980108,1.980108,1.980108,1.980108,1.980108,2.970162,1.980108,1.980108,1.980108,1.980108,1.980108,1.980108,1.980108,1.980108,1.980108,1.980108,1.980108,1.980108,1.980108,1.980108,1.980108,2.970162,1.980108,1.980108,1.980108,1.980108,1.980108,1.980108,1.980108,1.980108,1.980108,1.980108,1.980108,1.980108,1.980108,1.980108,1.980108,2.970162,1.980108,1.980108,1.980108,1.980108,1.980108,1.980108,1.980108,1.980108,1.980108,1.980108,1.980108,1.980108,1.980108,1.980108,1.980108,2.970162,1.980108,1.980108,1.980108,1.980108,1.980108,1.980108,1.980108,1.980108,1.980108,1.980108,1.980108,1.980108,1.980108,1.980108,1.980108,2.970162,1.980108,1.980108,1.980108,1.980108,1.980108,1.980108,1.980108,1.980108,1.980108,1.980108,1.980108,1.980108,1.980108,1.980108,1.980108,2.970162,1.980108,1.980108,1.980108,1.980108,1.980108,1.980108,1.980108,1.980108,1.980108,1.980108,1.980108,1.980108,1.980108,1.980108,1.980108,2.970162,1.980108,1.980108,1.980108,1.980108,1.980108,1.980108,1.980108,1.980108,1.980108,1.980108,1.980108,1.980108,1.980108,1.980108,1.980108,2.970162,1.980108,1.980108,1.980108,1.980108,1.980108,1.980108,1.980108,1.980108,1.980108,1.980108,1.980108,1.980108,1.980108,1.980108,1.980108,2.970162,1.980108,1.980108,1.980108,1.980108,1.980108,1.980108,1.980108,1.980108,1.980108,1.980108,1.980108,1.980108,1.980108,1.980108,1.980108,2.970162,1.980108,1.980108,1.980108,1.980108,1.980108,1.980108,1.980108,1.980108,1.980108,1.980108,1.980108,1.980108,1.980108,1.980108,1.980108,2.970162,1.980108,1.980108,1.980108,1.980108,1.980108,1.980108,1.980108,1.980108,1.980108,1.980108,1.980108,1.980108,1.980108,1.980108,1.980108,2.970162,1.980108,1.980108,1.980108,1.980108,1.980108,1.980108,1.980108,1.980108,1.980108,1.980108,1.980108,1.980108,1.980108,1.980108,1.980108,2.970162,1.980108,1.980108,1.980108,1.980108,1.980108,1.980108,1.980108,1.980108,1.980108,1.980108,1.980108,1.980108,1.980108,1.980108,1.980108,2.970162,1.980108,1.980108,1.980108,1.980108,1.980108,1.980108,1.980108,2.970162,2.970162,2.970162,2.970162,2.970162,2.970162,2.970162,2.970162,-30.278519,2.970162,2.970162,2.970162,2.970162,2.970162,2.970162,2.970162,1.980108,1.980108,1.980108,1.980108,1.980108,1.980108,1.980108,1.980108,2.970162,1.980108,1.980108,1.980108,1.980108,1.980108,1.980108,1.980108,1.980108,1.980108,1.980108,1.980108,1.980108,1.980108,1.980108,1.980108,2.970162,1.980108,1.980108,1.980108,1.980108,1.980108,1.980108,1.980108,1.980108,1.980108,1.980108,1.980108,1.980108,1.980108,1.980108,1.980108,2.970162,1.980108,1.980108,1.980108,1.980108,1.980108,1.980108,1.980108,1.980108,1.980108,1.980108,1.980108,1.980108,1.980108,1.980108,1.980108,2.970162,1.980108,1.980108,1.980108,1.980108,1.980108,1.980108,1.980108,1.980108,1.980108,1.980108,1.980108,1.980108,1.980108,1.980108,1.980108,2.970162,1.980108,1.980108,1.980108,1.980108,1.980108,1.980108,1.980108
1.980108,1.980108,1.980108,1.980108,1.980108,1.980108,1.980108,1.980108,1.980108,2.970162,1.980108,1.980108,1.980108,1.980108,1.980108,1.980108,1.980108,1.980108,1.980108,1.980108,1.980108,1.980108,1.980108,1.980108,1.980108,2.970162,1.980108,1.980108,1.980108,1.980108,1.980108,1.980108,1.980108,1.980108,1.980108,1.980108,1.980108,1.980108,1.980108,1.980108,1.980108,2.970162,1.980108,1.980108,1.980108,1.980108,1.980108,1.980108,1.980108,1.980108,1.980108,1.980108,1.980108,1.980108,1.980108,1.980108,1.980108,2.970162,1.980108,1.980108,1.980108,1.980108,1.980108,1.980108,1.980108,1.980108,1.980108,1.980108,1.980108,1.980108,1.980108,1.980108,1.980108,2.970162,1.980108,1.980108,1.980108,1.980108,1.980108,1.980108,1.980108,1.980108,1.980108,1.980108,1.980108,1.980108,1.980108,1.980108,1.980108,2.970162,1.980108,1.980108,1.980108,1.980108,1.980108,1.980108,1.980108,1.980108,1.980108,1.980108,1.980108,1.980108,1.980108,1.980108,1.980108,2.970162,1.980108,1.980108,1.980108,1.980108,1.980108,1.980108,1.980108,1.980108,1.980108,1.980108,1.980108,1.980108,1.980108,1.980108,1.980108,2.970162,1.980108,1.980108,1.980108,1.980108,1.980108,1.980108,1.980108,1.980108,1.980108,1.980108,1.980108,1.980108,1.980108,1.980108,1.980108,2.970162,1.980108,1.980108,1.980108,1.980108,1.980108,1.980108,1.980108,1.980108,1.980108,1.980108,1.980108,1.980108,1.980108,1.980108,1.980108,2.970162,1.980108,1.980108,1.980108,1.980108,1.980108,1.980108,1.980108,1.980108,1.980108,1.980108,1.980108,1.980108,1.980108,1.980108,1.980108,2.970162,1.980108,1.980108,1.980108,1.980108,1.980108,1.980108,1.980108,1.980108,1.980108,1.980108,1.980108,1.980108,1.980108,1.980108,1.980108,2.970162,1.980108,1.980108,1.980108,1.980108,1.980108,1.980108,1.980108,1.980108,1.980108,1.980108,1.980108,1.980108,1.980108,1.980108,1.980108,2.970162,1.980108,1.980108,1.980108,1.980108,1.980108,1.980108,1.980108,1.980108,1.980108,1.980108,1.980108,1.980108,1.980108,1.980108,1.980108,2.970162,1.980108,1.980108,1.980108,1.980108,1.980108,1.980108,2.970162,2.970162,2.970162,2.970162,2.970162,2.970162,2.970162,2.970162,2.970162,-30.194133,2.970162,2.970162,2.970162,2.970162,2.970162,2.970162,1.980108,1.980108,1.980108,1.980108,1.980108,1.980108,1.980108,1.980108,1.980108,2.970162,1.980108,1.980108,1.980108,1.980108,1.980108,1.980108,1.980108,1.980108,1.980108,1.980108,1.980108,1.980108,1.980108,1.980108,1.980108,2.970162,1.980108,1.980108,1.980108,1.980108,1.980108,1.980108,1.980108,1.980108,1.980108,1.980108,1.980108,1.980108,1.980108,1.980108,1.980108,2.970162,1.980108,1.980108,1.980108,1.980108,1.980108,1.980108,1.980108,1.980108,1.980108,1.980108,1.980108,1.980108,1.980108,1.980108,1.980108,2.970162,1.980108,1.980108,1.980108,1.980108,1.980108,1.980108,1.980108,1.980108,1.980108,1.980108,1.980108,1.980108,1.980108,1.980108,1.980108,2.970162,1.980108,1.980108,1.980108,1.980108,1.980108,1.980108
1.980108,1.980108,1.980108,1.980108,1.980108,1.980108,1.980108,1.980108,1.980108,1.980108,2.970162,1.980108,1.980108,1.980108,1.980108,1.980108,1.980108,1.980108,1.980108,1.980108,1.980108,1.980108,1.980108,1.980108,1.980108,1.980108,2.970162,1.980108,1.980108,1.980108,1.980108,1.980108,1.980108,1.980108,1.980108,1.980108,1.980108,1.980108,1.980108,1.980108,1.980108,1.980108,2.970162,1.980108,1.980108,1.980108,1.980108,1.980108,1.980108,1.980108,1.980108,1.980108,1.980108,1.980108,1.980108,1.980108,1.980108,1.980108,2.970162,1.980108,1.980108,1.980108,1.980108,1.980108,1.980108,1.980108,1.980108,1.980108,1.980108,1.980108,1.980108,1.980108,1.980108,1.980108,2.970162,1.980108,1.980108,1.980108,1.980108,1.980108,1.980108,1.980108,1.980108,1.980108,1.980108,1.980108,1.980108,1.980108,1.980108,1.980108,2.970162,1.980108,1.980108,1.980108,1.980108,1.980108,1.980108,1.980108,1.980108,1.980108,1.980108,1.980108,1.980108,1.980108,1.980108,1.980108,2.970162,1.980108,1.980108,1.980108,1.980108,1.980108,1.980108,1.980108,1.980108,1.980108,1.980108,1.980108,1.980108,1.980108,1.980108,1.980108,2.970162,1.980108,1.980108,1.980108,1.980108,1.980108,1.980108,1.980108,1.980108,1.980108,1.980108,1.980108,1.980108,1.980108,1.980108,1.980108,2.970162,1.980108,1.980108,1.980108,1.980108,1.980108,1.980108,1.980108,1.980108,1.980108,1.980108,1.980108,1.980108,1.980108,1.980108,1.980108,2.970162,1.980108,1.980108,1.980108,1.980108,1.980108,1.980108,1.980108,1.980108,1.980108,1.980108,1.980108,1.980108,1.980108,1.980108,1.980108,2.970162,1.980108,1.980108,1.980108,1.980108,1.980108,1.980108,1.980108,1.980108,1.980108,1.980108,1.980108,1.980108,1.980108,1.980108,1.980108,2.970162,1.980108,1.980108,1.980108,1.980108,1.980108,1.980108,1.980108,1.980108,1.980108,1.980108,1.980108,1.980108,1.980108,1.980108,1.980108,2.970162,1.980108,1.980108,1.980108,1.980108,1.980108,1.980108,1.980108,1.980108,1.980108,1.980108,1.980108,1.980108,1.980108,1.980108,1.980108,2.970162,1.980108,1.980108,1.980108,1.980108,1.980108,2.970162,2.970162,2.970162,2.970162,2.970162,2.970162,2.970162,2.970162,2.970162,2.970162,-29.896858,2.970162,2.970162,2.970162,2.970162,2.970162,1.980108,1.980108,1.980108,1.980108,1.980108,1.980108,1.980108,1.980108,1.980108,1.980108,2.970162,1.980108,1.980108,1.980108,1.980108,1.980108,1.980108,1.980108,1.980108,1.980108,1.980108,1.980108,1.980108,1.980108,1.980108,1.980108,2.970162,1.980108,1.980108,1.980108,1.980108,1.980108,1.980108,1.980108,1.980108,1.980108,1.980108,1.980108,1.980108,1.980108,1.980108,1.980108,2.970162,1.980108,1.980108,1.980108,1.980108,1.980108,1.980108,1.980108,1.980108,1.980108,1.980108,1.980108,1.980108,1.980108,1.980108,1.980108,2.970162,1.980108,1.980108,1.980108,1.980108,1.980108,1.980108,1.980108,1.980108,1.980108,1.980108,1.980108,1.980108,1.980108,1.980108,1.980108,2.970162,1.980108,1.980108,1.980108,1.980108,1.980108
1.980108,1.980108,1.980108,1.980108,1.980108,1.980108,1.980108,1.980108,1.980108,1.980108,1.980108,2.970162,1.980108,1.980108,1.980108,1.980108,1.980108,1.980108,1.980108,1.980108,1.980108,1.980108,1.980108,1.980108,1.980108,1.980108,1.980108,2.970162,1.980108,1.980108,1.980108,1.980108,1.980108,1.980108,1.980108,1.980108,1.980108,1.980108,1.980108,1.980108,1.980108,1.980108,1.980108,2.970162,1.980108,1.980108,1.980108,1.980108,1.980108,1.980108,1.980108,1.980108,1.980108,1.980108,1.980108,1.980108,1.980108,1.980108,1.980108,2.970162,1.980108,1.980108,1.980108,1.980108,1.980108,1.980108,1.980108,1.980108,1.980108,1.980108,1.980108,1.980108,1.980108,1.980108,1.980108,2.970162,1.980108,1.980108,1.980108,1.980108,1.980108,1.980108,1.980108,1.980108,1.980108,1.980108,1.980108,1.980108,1.980108,1.980108,1.980108,2.970162,1.980108,1.980108,1.980108,1.980108,1.980108,1.980108,1.980108,1.980108,1.980108,1.980108,1.980108,1.980108,1.980108,1.980108,1.980108,2.970162,1.980108,1.980108,1.980108,1.980108,1.980108,1.980108,1.980108,1.980108,1.980108,1.980108,1.980108,1.980108,1.980108,1.980108,1.980108,2.970162,1.980108,1.980108,1.980108,1.980108,1.980108,1.980108,1.980108,1.980108,1.980108,1.980108,1.980108,1.980108,1.980108,1.980108,1.980108,2.970162,1.980108,1.980108,1.980108,1.980108,1.980108,1.980108,1.980108,1.980108,1.980108,1.980108,1.980108,1.980108,1.980108,1.980108,1.980108,2.970162,1.980108,1.980108,1.980108,1.980108,1.980108,1.980108,1.980108,1.980108,1.980108,1.980108,1.980108,1.980108,1.980108,1.980108,1.980108,2.970162,1.980108,1.980108,1.980108,1.980108,1.980108,1.980108,1.980108,1.980108,1.980108,1.980108,1.980108,1.980108,1.980108,1.980108,1.980108,2.970162,1.980108,1.980108,1.980108,1.980108,1.980108,1.980108,1.980108,1.980108,1.980108,1.980108,1.980108,1.980108,1.980108,1.980108,1.980108,2.970162,1.980108,1.980108,1.980108,1.980108,1.980108,1.980108,1.980108,1.980108,1.980108,1.980108,1.980108,1.980108,1.980108,1.980108,1.980108,2.970162,1.980108,1.980108,1.980108,1.980108,2.970162,2.970162,2.970162,2.970162,2.970162,2.970162,2.970162,2.970162,2.970162,2.970162,2.970162,-30.424068,2.970162,2.970162,2.970162,2.970162,1.980108,1.980108,1.980108,1.980108,1.980108,1.980108,1.980108,1.980108,1.980108,1.980108,1.980108,2.970162,1.980108,1.980108,1.980108,1.980108,1.980108,1.980108,1.980108,1.980108,1.980108,1.980108,1.980108,1.980108,1.980108,1.980108,1.980108,2.970162,1.980108,1.980108,1.980108,1.980108,1.980108,1.980108,1.980108,1.980108,1.980108,1.980108,1.980108,1.980108,1.980108,1.980108,1.980108,2.970162,1.980108,1.980108,1.980108,1.980108,1.980108,1.980108,1.980108,1.980108,1.980108,1.980108,1.980108,1.980108,1.980108,1.980108,1.980108,2.970162,1.980108,1.980108,1.980108,1.980108,1.980108,1.980108,1.980108,1.980108,1.980108,1.980108,1.980108,1.980108,1.980108,1.980108,1.980108,2.970162,1.980108,1.980108,1.980108,1.980108
1.980108,1.980108,1.980108,1.980108,1.980108,1.980108,1.980108,1.980108,1.980108,1.980108,1.980108,1.980108,2.970162,1.980108,1.980108,1.980108,1.980108,1.980108,1.980108,1.980108,1.980108,1.980108,1.980108,1.980108,1.980108,1.980108,1.980108,1.980108,2.970162,1.980108,1.980108,1.980108,1.980108,1.980108,1.980108,1.980108,1.980108,1.980108,1.980108,1.980108,1.980108,1.980108,1.980108,1.980108,2.970162,1.980108,1.980108,1.980108,1.980108,1.980108,1.980108,1.980108,1.980108,1.980108,1.980108,1.980108,1.980108,1.980108,1.980108,1.980108,2.970162,1.980108,1.980108,1.980108,1.980108,1.980108,1.980108,1.980108,1.980108,1.980108,1.980108,1.980108,1.980108,1.980108,1.980108,1.980108,2.970162,1.980108,1.980108,1.980108,1.980108,1.980108,1.980108,1.980108,1.980108,1.980108,1.980108,1.980108,1.980108,1.980108,1.980108,1.980108,2.970162,1.980108,1.980108,1.980108,1.980108,1.980108,1.980108,1.980108,1.980108,1.980108,1.980108,1.980108,1.980108,1.980108,1.980108,1.980108,2.970162,1.980108,1.980108,1.980108,1.980108,1.980108,1.980108,1.980108,1.980108,1.980108,1.980108,1.980108,1.980108,1.980108,1.980108,1.980108,2.970162,1.980108,1.980108,1.980108,1.980108,1.980108,1.980108,1.980108,1.980108,1.980108,1.980108,1.980108,1.980108,1.980108,1.980108,1.980108,2.970162,1.980108,1.980108,1.980108,1.980108,1.980108,1.980108,1.980108,1.980108,1.980108,1.980108,1.980108,1.980108,1.980108,1.980108,1.980108,2.970162,1.980108,1.980108,1.980108,1.980108,1.980108,1.980108,1.980108,1.980108,1.980108,1.980108,1.980108,1.980108,1.980108,1.980108,1.980108,2.970162,1.980108,1.980108,1.980108,1.980108,1.980108,1.980108,1.980108,1.980108,1.980108,1.980108,1.980108,1.980108,1.980108,1.980108,1.980108,2.970162,1.980108,1.980108,1.980108,1.980108,1.980108,1.980108,1.980108,1.980108,1.980108,1.980108,1.980108,1.980108,1.980108,1.980108,1.980108,2.970162,1.980108,1.980108,1.980108,1.980108,1.980108,1.980108,1.980108,1.980108,1.980108,1.980108,1.980108,1.980108,1.980108,1.980108,1.980108,2.970162,1.980108,1.980108,1.980108,2.970162,2.970162,2.970162,2.970162,2.970162,2.970162,2.970162,2.970162,2.970162,2.970162,2.970162,2.970162,-29.982388,2.970162,2.970162,2.970162,1.980108,1.980108,1.980108,1.980108,1.980108,1.980108,1.980108,1.980108,1.980108,1.980108,1.980108,1.980108,2.970162,1.980108,1.980108,1.980108,1.980108,1.980108,1.980108,1.980108,1.980108,1.980108,1.980108,1.980108,1.980108,1.980108,1.980108,1.980108,2.970162,1.980108,1.980108,1.980108,1.980108,1.980108,1.980108,1.980108,1.980108,1.980108,1.980108,1.980108,1.980108,1.980108,1.980108,1.980108,2.970162,1.980108,1.980108,1.980108,1.980108,1.980108,1.980108,1.980108,1.980108,1.980108,1.980108,1.980108,1.980108,1.980108,1.980108,1.980108,2.970162,1.980108,1.980108,1.980108,1.980108,1.980108,1.980108,1.980108,1.980108,1.980108,1.980108,1.980108,1.980108,1.980108,1.980108,1.980108,2.970162,1.980108,1.980108,1.980108
1.980108,1.980108,1.980108,1.980108,1.980108,1.980108,1.980108,1.980108,1.980108,1.980108,1.980108,1.980108,1.980108,2.970162,1.980108,1.980108,1.980108,1.980108,1.980108,1.980108,1.980108,1.980108,1.980108,1.980108,1.980108,1.980108,1.980108,1.980108,1.980108,2.970162,1.980108,1.980108,1.980108,1.980108,1.980108,1.980108,1.980108,1.980108,1.980108,1.980108,1.980108,1.980108,1.980108,1.980108,1.980108,2.970162,1.980108,1.980108,1.980108,1.980108,1.980108,1.980108,1.980108,1.980108,1.980108,1.980108,1.980108,1.980108,1.980108,1.980108,1.980108,2.970162,1.980108,1.980108,1.980108,1.980108,1.980108,1.980108,1.980108,1.980108,1.980108,1.980108,1.980108,1.980108,1.980108,1.980108,1.980108,2.970162,1.980108,1.980108,1.980108,1.980108,1.980108,1.980108,1.980108,1.980108,1.980108,1.980108,1.980108,1.980108,1.980108,1.980108,1.980108,2.970162,1.980108,1.980108,1.980108,1.980108,1.980108,1.980108,1.980108,1.980108,1.980108,1.980108,1.980108,1.980108,1.980108,1.980108,1.980108,2.970162,1.980108,1.980108,1.980108,1.980108,1.980108,1.980108,1.980108,1.980108,1.980108,1.980108,1.980108,1.980108,1.980108,1.980108,1.980108,2.970162,1.980108,1.980108,1.980108,1.980108,1.980108,1.980108,1.980108,1.980108,1.980108,1.980108,1.980108,1.980108,1.980108,1.980108,1.980108,2.970162,1.980108,1.980108,1.980108,1.980108,1.980108,1.980108,1.980108,1.980108,1.980108,1.980108,1.980108,1.980108,1.980108,1.980108,1.980108,2.970162,1.980108,1.980108,1.980108,1.980108,1.980108,1.980108,1.980108,1.980108,1.980108,1.980108,1.980108,1.980108,1.980108,1.980108,1.980108,2.970162,1.980108,1.980108,1.980108,1.980108,1.980108,1.980108,1.980108,1.980108,1.980108,1.980108,1.980108,1.980108,1.980108,1.980108,1.980108,2.970162,1.980108,1.980108,1.980108,1.980108,1.980108,1.980108,1.980108,1.980108,1.980108,1.980108,1.980108,1.980108,1.980108,1.980108,1.980108,2.970162,1.980108,1.980108,1.980108,1.980108,1.980108,1.980108,1.980108,1.980108,1.980108,1.980108,1.980108,1.980108,1.980108,1.980108,1.980108,2.970162,1.980108,1.980108,2.970162,2.970162,2.970162,2.970162,2.970162,2.970162,2.970162,2.970162,2.970162,2.970162,2.970162,2.970162,2.970162,-29.725931,2.970162,2.970162,1.980108,1.980108,1.980108,1.980108,1.980108,1.980108,1.980108,1.980108,1.980108,1.980108,1.980108,1.980108,1.980108,2.970162,1.980108,1.980108,1.980108,1.980108,1.980108,1.980108,1.980108,1.980108,1.980108,1.980108,1.980108,1.980108,1.980108,1.980108,1.980108,2.970162,1.980108,1.980108,1.980108,1.980108,1.980108,1.980108,1.980108,1.980108,1.980108,1.980108,1.980108,1.980108,1.980108,1.980108,1.980108,2.970162,1.980108,1.980108,1.980108,1.980108,1.980108,1.980108,1.980108,1.980108,1.980108,1.980108,1.980108,1.980108,1.980108,1.980108,1.980108,2.970162,1.980108,1.980108,1.980108,1.980108,1.980108,1.980108,1.980108,1.980108,1.980108,1.980108,1.980108,1.980108,1.980108,1.980108,1.980108,2.970162,1.980108,1.980108
1.980108,1.980108,1.980108,1.980108,1.980108,1.980108,1.980108,1.980108,1.980108,1.980108,1.980108,1.980108,1.980108,1.980108,2.970162,1.980108,1.980108,1.980108,1.980108,1.980108,1.980108,1.980108,1.980108,1.980108,1.980108,1.980108,1.980108,1.980108,1.980108,1.980108,2.970162,1.980108,1.980108,1.980108,1.980108,1.980108,1.980108,1.980108,1.980108,1.980108,1.980108,1.980108,1.980108,1.980108,1.980108,1.980108,2.970162,1.980108,1.980108,1.980108,1.980108,1.980108,1.980108,1.980108,1.980108,1.980108,1.980108,1.980108,1.980108,1.980108,1.980108,1.980108,2.970162,1.980108,1.980108,1.980108,1.980108,1.980108,1.980108,1.980108,1.980108,1.980108,1.980108,1.980108,1.980108,1.980108,1.980108,1.980108,2.970162,1.980108,1.980108,1.980108,1.980108,1.980108,1.980108,1.980108,1.980108,1.980108,1.980108,1.980108,1.980108,1.980108,1.980108,1.980108,2.970162,1.980108,1.980108,1.980108,1.980108,1.980108,1.980108,1.980108,1.980108,1.980108,1.980108,1.980108,1.980108,1.980108,1.980108,1.980108,2.970162,1.980108,1.980108,1.980108,1.980108,1.980108,1.980108,1.980108,1.980108,1.980108,1.980108,1.980108,1.980108,1.980108,1.980108,1.980108,2.970162,1.980108,1.980108,1.980108,1.980108,1.980108,1.980108,1.980108,1.980108,1.980108,1.980108,1.980108,1.980108,1.980108,1.980108,1.980108,2.970162,1.980108,1.980108,1.980108,1.980108,1.980108,1.980108,1.980108,1.980108,1.980108,1.980108,1.980108,1.980108,1.980108,1.980108,1.980108,2.970162,1.980108,1.980108,1.980108,1.980108,1.980108,1.980108,1.980108,1.980108,1.980108,1.980108,1.980108,1.980108,1.980108,1.980108,1.980108,2.970162,1.980108,1.980108,1.980108,1.980108,1.980108,1.980108,1.980108,1.980108,1.980108,1.980108,1.980108,1.980108,1.980108,1.980108,1.980108,2.970162,1.980108,1.980108,1.980108,1.980108,1.980108,1.980108,1.980108,1.980108,1.980108,1.980108,1.980108,1.980108,1.980108,1.980108,1.980108,2.970162,1.980108,1.980108,1.980108,1.980108,1.980108,1.980108,1.980108,1.980108,1.980108,1.980108,1.980108,1.980108,1.980108,1.980108,1.980108,2.970162,1.980108,2.970162,2.970162,2.970162,2.970162,2.970162,2.970162,2.970162,2.970162,2.970162,2.970162,2.970162,2.970162,2.970162,2.970162,-30.347088,2.970162,1.980108,1.980108,1.980108,1.980108,1.980108,1.980108,1.980108,1.980108,1.980108,1.980108,1.980108,1.980108,1.980108,1.980108,2.970162,1.980108,1.980108,1.980108,1.980108,1.980108,1.980108,1.980108,1.980108,1.980108,1.980108,1.980108,1.980108,1.980108,1.980108,1.980108,2.970162,1.980108,1.980108,1.980108,1.980108,1.980108,1.980108,1.980108,1.980108,1.980108,1.980108,1.980108,1.980108,1.980108,1.980108,1.980108,2.970162,1.980108,1.980108,1.980108,1.980108,1.980108,1.980108,1.980108,1.980108,1.980108,1.980108,1.980108,1.980108,1.980108,1.980108,1.980108,2.970162,1.980108,1.980108,1.980108,1.980108,1.980108,1.980108,1.980108,1.980108,1.980108,1.980108,1.980108,1.980108,1.980108,1.980108,1.980108,2.970162,1.980108
1.980108,1.980108,1.980108,1.980108,1.980108,1.980108,1.980108,1.980108,1.980108,1.980108,1.980108,1.980108,1.980108,1.980108,1.980108,2.970162,1.980108,1.980108,1.980108,1.980108,1.980108,1.980108,1.980108,1.980108,1.980108,1.980108,1.980108,1.980108,1.980108,1.980108,1.980108,2.970162,1.980108,1.980108,1.980108,1.980108,1.980108,1.980108,1.980108,1.980108,1.980108,1.980108,1.980108,1.980108,1.980108,1.980108,1.980108,2.970162,1.980108,1.980108,1.980108,1.980108,1.980108,1.980108,1.980108,1.980108,1.980108,1.980108,1.980108,1.980108,1.980108,1.980108,1.980108,2.970162,1.980108,1.980108,1.980108,1.980108,1.980108,1.980108,1.980108,1.980108,1.980108,1.980108,1.980108,1.980108,1.980108,1.980108,1.980108,2.970162,1.980108,1.980108,1.980108,1.980108,1.980108,1.980108,1.980108,1.980108,1.980108,1.980108,1.980108,1.980108,1.980108,1.980108,1.980108,2.970162,1.980108,1.980108,1.980108,1.980108,1.980108,1.980108,1.980108,1.980108,1.980108,1.980108,1.980108,1.980108,1.980108,1.980108,1.980108,2.970162,1.980108,1.980108,1.980108,1.980108,1.980108,1.980108,1.980108,1.980108,1.980108,1.980108,1.980108,1.980108,1.980108,1.980108,1.980108,2.970162,1.980108,1.980108,1.980108,1.980108,1.980108,1.980108,1.980108,1.980108,1.980108,1.980108,1.980108,1.980108,1.980108,1.980108,1.980108,2.970162,1.980108,1.980108,1.980108,1.980108,1.980108,1.980108,1.980108,1.980108,1.980108,1.980108,1.980108,1.980108,1.980108,1.980108,1.980108,2.970162,1.980108,1.980108,1.980108,1.980108,1.980108,1.980108,1.980108,1.980108,1.980108,1.980108,1.980108,1.980108,1.980108,1.980108,1.980108,2.970162,1.980108,1.980108,1.980108,1.980108,1.980108,1.980108,1.980108,1.980108,1.980108,1.980108,1.980108,1.980108,1.980108,1.980108,1.980108,2.970162,1.980108,1.980108,1.980108,1.980108,1.980108,1.980108,1.980108,1.980108,1.980108,1.980108,1.980108,1.980108,1.980108,1.980108,1.980108,2.970162,1.980108,1.980108,1.980108,1.980108,1.980108,1.980108,1.980108,1.980108,1.980108,1.980108,1.980108,1.980108,1.980108,1.980108,1.980108,2.970162,2.970162,2.970162,2.970162,2.970162,2.970162,2.970162,2.970162,2.970162,2.970162,2.970162,2.970162,2.970162,2.970162,2.970162,2.970162,-29.878726,1.980108,1.980108,1.980108,1.980108,1.980108,1.980108,1.980108,1.980108,1.980108,1.980108,1.980108,1.980108,1.980108,1.980108,1.980108,2.970162,1.980108,1.980108,1.980108,1.980108,1.980108,1.980108,1.980108,1.980108,1.980108,1.980108,1.980108,1.980108,1.980108,1.980108,1.980108,2.970162,1.980108,1.980108,1.980108,1.980108,1.980108,1.980108,1.980108,1.980108,1.980108,1.980108,1.980108,1.980108,1.980108,1.980108,1.980108,2.970162,1.980108,1.980108,1.980108,1.980108,1.980108,1.980108,1.980108,1.980108,1.980108,1.980108,1.980108,1.980108,1.980108,1.980108,1.980108,2.970162,1.980108,1.980108,1.980108,1.980108,1.980108,1.980108,1.980108,1.980108,1.980108,1.980108,1.980108,1.980108,1.980108,1.980108,1.980108,2.970162
2.970162,1.980108,1.980108,1.980108,1.980108,1.980108,1.980108,1.980108,1.980108,1.980108,1.980108,1.980108,1.980108,1.980108,1.980108,1.980108,2.970162,1.980108,1.980108,1.980108,1.980108,1.980108,1.980108,1.980108,1.980108,1.980108,1.980108,1.980108,1.980108,1.980108,1.980108,1.980108,2.970162,1.980108,1.980108,1.980108,1.980108,1.980108,1.980108,1.980108,1.980108,1.980108,1.980108,1.980108,1.980108,1.980108,1.980108,1.980108,2.970162,1.980108,1.980108,1.980108,1.980108,1.980108,1.980108,1.980108,1.980108,1.980108,1.980108,1.980108,1.980108,1.980108,1.980108,1.980108,2.970162,1.980108,1.980108,1.980108,1.980108,1.980108,1.980108,1.980108,1.980108,1.980108,1.980108,1.980108,1.980108,1.980108,1.980108,1.980108,2.970162,1.980108,1.980108,1.980108,1.980108,1.980108,1.980108,1.980108,1.980108,1.980108,1.980108,1.980108,1.980108,1.980108,1.980108,1.980108,2.970162,1.980108,1.980108,1.980108,1.980108,1.980108,1.980108,1.980108,1.980108,1.980108,1.980108,1.980108,1.980108,1.980108,1.980108,1.980108,2.970162,1.980108,1.980108,1.980108,1.980108,1.980108,1.980108,1.980108,1.980108,1.980108,1.980108,1.980108,1.980108,1.980108,1.980108,1.980108,2.970162,1.980108,1.980108,1.980108,1.980108,1.980108,1.980108,1.980108,1.980108,1.980108,1.980108,1.980108,1.980108,1.980108,1.980108,1.980108,2.970162,1.980108,1.980108,1.980108,1.980108,1.980108,1.980108,1.980108,1.980108,1.980108,1.980108,1.980108,1.980108,1.980108,1.980108,1.980108,2.970162,1.980108,1.980108,1.980108,1.980108,1.980108,1.980108,1.980108,1.980108,1.980108,1.980108,1.980108,1.980108,1.980108,1.980108,1.980108,2.970162,1.980108,1.980108,1.980108,1.980108,1.980108,1.980108,1.980108,1.980108,1.980108,1.980108,1.980108,1.980108,1.980108,1.980108,1.980108,2.970162,1.980108,1.980108,1.980108,1.980108,1.980108,1.980108,1.980108,1.980108,1.980108,1.980108,1.980108,1.980108,1.980108,1.980108,1.980108,2.970162,1.980108,1.980108,1.980108,1.980108,1.980108,1.980108,1.980108,1.980108,1.980108,1.980108,1.980108,1.980108,1.980108,1.980108,1.980108,2.970162,1.980108,1.980108,1.980108,1.980108,1.980108,1.980108,1.980108,1.980108,1.980108,1.980108,1.980108,1.980108,1.980108,1.980108,1.980108,-30.642074,2.970162,2.970162,2.970162,2.970162,2.970162,2.970162,2.970162,2.970162,2.970162,2.970162,2.970162,2.970162,2.970162,2.970162,2.970162,2.970162,1.980108,1.980108,1.980108,1.980108,1.980108,1.980108,1.980108,1.980108,1.980108,1.980108,1.980108,1.980108,1.980108,1.980108,1.980108,2.970162,1.980108,1.980108,1.980108,1.980108,1.980108,1.980108,1.980108,1.980108,1.980108,1.980108,1.980108,1.980108,1.980108,1.980108,1.980108,2.970162,1.980108,1.980108,1.980108,1.980108,1.980108,1.980108,1.980108,1.980108,1.980108,1.980108,1.980108,1.980108,1.980108,1.980108,1.980108,2.970162,1.980108,1.980108,1.980108,1.980108,1.980108,1.980108,1.980108,1.980108,1.980108,1.980108,1.980108,1.980108,1.980108,1.980108,1.980108
1.980108,2.970162,1.980108,1.980108,1.980108,1.980108,1.980108,1.980108,1.980108,1.980108,1.980108,1.980108,1.980108,1.980108,1.980108,1.980108,1.980108,2.970162,1.980108,1.980108,1.980108,1.980108,1.980108,1.980108,1.980108,1.980108,1.980108,1.980108,1.980108,1.980108,1.980108,1.980108,1.980108,2.970162,1.980108,1.980108,1.980108,1.980108,1.980108,1.980108,1.980108,1.980108,1.980108,1.980108,1.980108,1.980108,1.980108,1.980108,1.980108,2.970162,1.980108,1.980108,1.980108,1.980108,1.980108,1.980108,1.980108,1.980108,1.980108,1.980108,1.980108,1.980108,1.980108,1.980108,1.980108,2.970162,1.980108,1.980108,1.980108,1.980108,1.980108,1.980108,1.980108,1.980108,1.980108,1.980108,1.980108,1.980108,1.980108,1.980108,1.980108,2.970162,1.980108,1.980108,1.980108,1.980108,1.980108,1.980108,1.980108,1.980108,1.980108,1.980108,1.980108,1.980108,1.980108,1.980108,1.980108,2.970162,1.980108,1.980108,1.980108,1.980108,1.980108,1.980108,1.980108,1.980108,1.980108,1.980108,1.980108,1.980108,1.980108,1.980108,1.980108,2.970162,1.980108,1.980108,1.980108,1.980108,1.980108,1.980108,1.980108,1.980108,1.980108,1.980108,1.980108,1.980108,1.980108,1.980108,1.980108,2.970162,1.980108,1.980108,1.980108,1.980108,1.980108,1.980108,1.980108,1.980108,1.980108,1.980108,1.980108,1.980108,1.980108,1.980108,1.980108,2.970162,1.980108,1.980108,1.980108,1.980108,1.980108,1.980108,1.980108,1.980108,1.980108,1.980108,1.980108,1.980108,1.980108,1.980108,1.980108,2.970162,1.980108,1.980108,1.980108,1.980108,1.980108,1.980108,1.980108,1.980108,1.980108,1.980108,1.980108,1.980108,1.980108,1.980108,1.980108,2.970162,1.980108,1.980108,1.980108,1.980108,1.980108,1.980108,1.980108,1.980108,1.980108,1.980108,1.980108,1.980108,1.980108,1.980108,1.980108,2.970162,1.980108,1.980108,1.980108,1.980108,1.980108,1.980108,1.980108,1.980108,1.980108,1.980108,1.980108,1.980108,1.980108,1.980108,1.980108,2.970162,1.980108,1.980108,1.980108,1.980108,1.980108,1.980108,1.980108,1.980108,1.980108,1.980108,1.980108,1.980108,1.980108,1.980108,1.980108,2.970162,1.980108,1.980108,1.980108,1.980108,1.980108,1.980108,1.980108,1.980108,1.980108,1.980108,1.980108,1.980108,1.980108,1.980108,2.970162,-30.655544,2.970162,2.970162,2.970162,2.970162,2.970162,2.970162,2.970162,2.970162,2.970162,2.970162,2.970162,2.970162,2.970162,2.970162,1.980108,2.970162,1.980108,1.980108,1.980108,1.980108,1.980108,1.980108,1.980108,1.980108,1.980108,1.980108,1.980108,1.980108,1.980108,1.980108,1.980108,2.970162,1.980108,1.980108,1.980108,1.980108,1.980108,1.980108,1.980108,1.980108,1.980108,1.980108,1.980108,1.980108,1.980108,1.980108,1.980108,2.970162,1.980108,1.980108,1.980108,1.980108,1.980108,1.980108,1.980108,1.980108,1.980108,1.980108,1.980108,1.980108,1.980108,1.980108,1.980108,2.970162,1.980108,1.980108,1.980108,1.980108,1.980108,1.980108,1.980108,1.980108,1.980108,1.980108,1.980108,1.980108,1.980108,1.980108
1.980108,1.980108,2.970162,1.980108,1.980108,1.980108,1.980108,1.980108,1.980108,1.980108,1.980108,1.980108,1.980108,1.980108,1.980108,1.980108,1.980108,1.980108,2.970162,1.980108,1.980108,1.980108,1.980108,1.980108,1.980108,1.980108,1.980108,1.980108,1.980108,1.980108,1.980108,1.980108,1.980108,1.980108,2.970162,1.980108,1.980108,1.980108,1.980108,1.980108,1.980108,1.980108,1.980108,1.980108,1.980108,1.980108,1.980108,1.980108,1.980108,1.980108,2.970162,1.980108,1.980108,1.980108,1.980108,1.980108,1.980108,1.980108,1.980108,1.980108,1.980108,1.980108,1.980108,1.980108,1.980108,1.980108,2.970162,1.980108,1.980108,1.980108,1.980108,1.980108,1.980108,1.980108,1.980108,1.980108,1.980108,1.980108,1.980108,1.980108,1.980108,1.980108,2.970162,1.980108,1.980108,1.980108,1.980108,1.980108,1.980108,1.980108,1.980108,1.980108,1.980108,1.980108,1.980108,1.980108,1.980108,1.980108,2.970162,1.980108,1.980108,1.980108,1.980108,1.980108,1.980108,1.980108,1.980108,1.980108,1.980108,1.980108,1.980108,1.980108,1.980108,1.980108,2.970162,1.980108,1.980108,1.980108,1.980108,1.980108,1.980108,1.980108,1.980108,1.980108,1.980108,1.980108,1.980108,1.980108,1.980108,1.980108,2.970162,1.980108,1.980108,1.980108,1.980108,1.980108,1.980108,1.980108,1.980108,1.980108,1.980108,1.980108,1.980108,1.980108,1.980108,1.980108,2.970162,1.980108,1.980108,1.980108,1.980108,1.980108,1.980108,1.980108,1.980108,1.980108,1.980108,1.980108,1.980108,1.980108,1.980108,1.980108,2.970162,1.980108,1.980108,1.980108,1.980108,1.980108,1.980108,1.980108,1.980108,1.980108,1.980108,1.980108,1.980108,1.980108,1.980108,1.980108,2.970162,1.980108,1.980108,1.980108,1.980108,1.980108,1.980108,1.980108,1.980108,1.980108,1.980108,1.980108,1.980108,1.980108,1.980108,1.980108,2.970162,1.980108,1.980108,1.980108,1.980108,1.980108,1.980108,1.980108,1.980108,1.980108,1.980108,1.980108,1.980108,1.980108,1.980108,1.980108,2.970162,1.980108,1.980108,1.980108,1.980108,1.980108,1.980108,1.980108,1.980108,1.980108,1.980108,1.980108,1.980108,1.980108,1.980108,1.980108,2.970162,1.980108,1.980108,1.980108,1.980108,1.980108,1.980108,1.980108,1.980108,1.980108,1.980108,1.980108,1.980108,1.980108,2.970162,2.970162,-30.616480,2.970162,2.970162,2.970162,2.970162,2.970162,2.970162,2.970162,2.970162,2.970162,2.970162,2.970162,2.970162,2.970162,1.980108,1.980108,2.970162,1.980108,1.980108,1.980108,1.980108,1.980108,1.980108,1.980108,1.980108,1.980108,1.980108,1.980108,1.980108,1.980108,1.980108,1.980108,2.970162,1.980108,1.980108,1.980108,1.980108,1.980108,1.980108,1.980108,1.980108,1.980108,1.980108,1.980108,1.980108,1.980108,1.980108,1.980108,2.970162,1.980108,1.980108,1.980108,1.980108,1.980108,1.980108,1.980108,1.980108,1.980108,1.980108,1.980108,1.980108,1.980108,1.980108,1.980108,2.970162,1.980108,1.980108,1.980108,1.980108,1.980108,1.980108,1.980108,1.980108,1.980108,1.980108,1.980108,1.980108,1.980108
1.980108,1.980108,1.980108,2.970162,1.980108,1.980108,1.980108,1.980108,1.980108,1.980108,1.980108,1.980108,1.980108,1.980108,1.980108,1.980108,1.980108,1.980108,1.980108,2.970162,1.980108,1.980108,1.980108,1.980108,1.980108,1.980108,1.980108,1.980108,1.980108,1.980108,1.980108,1.980108,1.980108,1.980108,1.980108,2.970162,1.980108,1.980108,1.980108,1.980108,1.980108,1.980108,1.980108,1.980108,1.980108,1.980108,1.980108,1.980108,1.980108,1.980108,1.980108,2.970162,1.980108,1.980108,1.980108,1.980108,1.980108,1.980108,1.980108,1.980108,1.980108,1.980108,1.980108,1.980108,1.980108,1.980108,1.980108,2.970162,1.980108,1.980108,1.980108,1.980108,1.980108,1.980108,1.980108,1.980108,1.980108,1.980108,1.980108,1.980108,1.980108,1.980108,1.980108,2.970162,1.980108,1.980108,1.980108,1.980108,1.980108,1.980108,1.980108,1.980108,1.980108,1.980108,1.980108,1.980108,1.980108,1.980108,1.980108,2.970162,1.980108,1.980108,1.980108,1.980108,1.980108,1.980108,1.980108,1.980108,1.980108,1.980108,1.980108,1.980108,1.980108,1.980108,1.980108,2.970162,1.980108,1.980108,1.980108,1.980108,1.980108,1.980108,1.980108,1.980108,1.980108,1.980108,1.980108,1.980108,1.980108,1.980108,1.980108,2.970162,1.980108,1.980108,1.980108,1.980108,1.980108,1.980108,1.980108,1.980108,1.980108,1.980108,1.980108,1.980108,1.980108,1.980108,1.980108,2.970162,1.980108,1.980108,1.980108,1.980108,1.980108,1.980108,1.980108,1.980108,1.980108,1.980108,1.980108,1.980108,1.980108,1.980108,1.980108,2.970162,1.980108,1.980108,1.980108,1.980108,1.980108,1.980108,1.980108,1.980108,1.980108,1.980108,1.980108,1.980108,1.980108,1.980108,1.980108,2.970162,1.980108,1.980108,1.980108,1.980108,1.980108,1.980108,1.980108,1.980108,1.980108,1.980108,1.980108,1.980108,1.980108,1.980108,1.980108,2.970162,1.980108,1.980108,1.980108,1.980108,1.980108,1.980108,1.980108,1.980108,1.980108,1.980108,1.980108,1.980108,1.980108,1.980108,1.980108,2.970162,1.980108,1.980108,1.980108,1.980108,1.980108,1.980108,1.980108,1.980108,1.980108,1.980108,1.980108,1.980108,1.980108,1.980108,1.980108,2.970162,1.980108,1.980108,1.980108,1.980108,1.980108,1.980108,1.980108,1.980108,1.980108,1.980108,1.980108,1.980108,2.970162,2.970162,2.970162,-30.071774,2.970162,2.970162,2.970162,2.970162,2.970162,2.970162,2.970162,2.970162,2.970162,2.970162,2.970162,2.970162,1.980108,1.980108,1.980108,2.970162,1.980108,1.980108,1.980108,1.980108,1.980108,1.980108,1.980108,1.980108,1.980108,1.980108,1.980108,1.980108,1.980108,1.980108,1.980108,2.970162,1.980108,1.980108,1.980108,1.980108,1.980108,1.980108,1.980108,1.980108,1.980108,1.980108,1.980108,1.980108,1.980108,1.980108,1.980108,2.970162,1.980108,1.980108,1.980108,1.980108,1.980108,1.980108,1.980108,1.980108,1.980108,1.980108,1.980108,1.980108,1.980108,1.980108,1.980108,2.970162,1.980108,1.980108,1.980108,1.980108,1.980108,1.980108,1.980108,1.980108,1.980108,1.980108,1.980108,1.980108
1.980108,1.980108,1.980108,1.980108,2.970162,1.980108,1.980108,1.980108,1.980108,1.980108,1.980108,1.980108,1.980108,1.980108,1.980108,1.980108,1.980108,1.980108,1.980108,1.980108,2.970162,1.980108,1.980108,1.980108,1.980108,1.980108,1.980108,1.980108,1.980108,1.980108,1.980108,1.980108,1.980108,1.980108,1.980108,1.980108,2.970162,1.980108,1.980108,1.980108,1.980108,1.980108,1.980108,1.980108,1.980108,1.980108,1.980108,1.980108,1.980108,1.980108,1.980108,1.980108,2.970162,1.980108,1.980108,1.980108,1.980108,1.980108,1.980108,1.980108,1.980108,1.980108,1.980108,1.980108,1.980108,1.980108,1.980108,1.980108,2.970162,1.980108,1.980108,1.980108,1.980108,1.980108,1.980108,1.980108,1.980108,1.980108,1.980108,1.980108,1.980108,1.980108,1.980108,1.980108,2.970162,1.980108,1.980108,1.980108,1.980108,1.980108,1.980108,1.980108,1.980108,1.980108,1.980108,1.980108,1.980108,1.980108,1.980108,1.980108,2.970162,1.980108,1.980108,1.980108,1.980108,1.980108,1.980108,1.980108,1.980108,1.980108,1.980108,1.980108,1.980108,1.980108,1.980108,1.980108,2.970162,1.980108,1.980108,1.980108,1.980108,1.980108,1.980108,1.980108,1.980108,1.980108,1.980108,1.980108,1.980108,1.980108,1.980108,1.980108,2.970162,1.980108,1.980108,1.980108,1.980108,1.980108,1.980108,1.980108,1.980108,1.980108,1.980108,1.980108,1.980108,1.980108,1.980108,1.980108,2.970162,1.980108,1.980108,1.980108,1.980108,1.980108,1.980108,1.980108,1.980108,1.980108,1.980108,1.980108,1.980108,1.980108,1.980108,1.980108,2.970162,1.980108,1.980108,1.980108,1.980108,1.980108,1.980108,1.980108,1.980108,1.980108,1.980108,1.980108,1.980108,1.980108,1.980108,1.980108,2.970162,1.980108,1.980108,1.980108,1.980108,1.980108,1.980108,1.980108,1.980108,1.980108,1.980108,1.980108,1.980108,1.980108,1.980108,1.980108,2.970162,1.980108,1.980108,1.980108,1.980108,1.980108,1.980108,1.980108,1.980108,1.980108,1.980108,1.980108,1.980108,1.980108,1.980108,1.980108,2.970162,1.980108,1.980108,1.980108,1.980108,1.980108,1.980108,1.980108,1.980108,1.980108,1.980108,1.980108,1.980108,1.980108,1.980108,1.980108,2.970162,1.980108,1.980108,1.980108,1.980108,1.980108,1.980108,1.980108,1.980108,1.980108,1.980108,1.980108,2.970162,2.970162,2.970162,2.970162,-29.717072,2.970162,2.970162,2.970162,2.970162,2.970162,2.970162,2.970162,2.970162,2.970162,2.970162,2.970162,1.980108,1.980108,1.980108,1.980108,2.970162,1.980108,1.980108,1.980108,1.980108,1.980108,1.980108,1.980108,1.980108,1.980108,1.980108,1.980108,1.980108,1.980108,1.980108,1.980108,2.970162,1.980108,1.980108,1.980108,1.980108,1.980108,1.980108,1.980108,1.980108,1.980108,1.980108,1.980108,1.980108,1.980108,1.980108,1.980108,2.970162,1.980108,1.980108,1.980108,1.980108,1.980108,1.980108,1.980108,1.980108,1.980108,1.980108,1.980108,1.980108,1.980108,1.980108,1.980108,2.970162,1.980108,1.980108,1.980108,1.980108,1.980108,1.980108,1.980108,1.980108,1.980108,1.980108,1.980108
1.980108,1.980108,1.980108,1.980108,1.980108,2.970162,1.980108,1.980108,1.980108,1.980108,1.980108,1.980108,1.980108,1.980108,1.980108,1.980108,1.980108,1.980108,1.980108,1.980108,1.980108,2.970162,1.980108,1.980108,1.980108,1.980108,1.980108,1.980108,1.980108,1.980108,1.980108,1.980108,1.980108,1.980108,1.980108,1.980108,1.980108,2.970162,1.980108,1.980108,1.980108,1.980108,1.980108,1.980108,1.980108,1.980108,1.980108,1.980108,1.980108,1.980108,1.980108,1.980108,1.980108,2.970162,1.980108,1.980108,1.980108,1.980108,1.980108,1.980108,1.980108,1.980108,1.980108,1.980108,1.980108,1.980108,1.980108,1.980108,1.980108,2.970162,1.980108,1.980108,1.980108,1.980108,1.980108,1.980108,1.980108,1.980108,1.980108,1.980108,1.980108,1.980108,1.980108,1.980108,1.980108,2.970162,1.980108,1.980108,1.980108,1.980108,1.980108,1.980108,1.980108,1.980108,1.980108,1.980108,1.980108,1.980108,1.980108,1.980108,1.980108,2.970162,1.980108,1.980108,1.980108,1.980108,1.980108,1.980108,1.980108,1.980108,1.980108,1.980108,1.980108,1.980108,1.980108,1.980108,1.980108,2.970162,1.980108,1.980108,1.980108,1.980108,1.980108,1.980108,1.980108,1.980108,1.980108,1.980108,1.980108,1.980108,1.980108,1.980108,1.980108,2.970162,1.980108,1.980108,1.980108,1.980108,1.980108,1.980108,1.980108,1.980108,1.980108,1.980108,1.980108,1.980108,1.980108,1.980108,1.980108,2.970162,1.980108,1.980108,1.980108,1.980108,1.980108,1.980108,1.980108,1.980108,1.980108,1.980108,1.980108,1.980108,1.980108,1.980108,1.980108,2.970162,1.980108,1.980108,1.980108,1.980108,1.980108,1.980108,1.980108,1.980108,1.980108,1.980108,1.980108,1.980108,1.980108,1.980108,1.980108,2.970162,1.980108,1.980108,1.980108,1.980108,1.980108,1.980108,1.980108,1.980108,1.980108,1.980108,1.980108,1.980108,1.980108,1.980108,1.980108,2.970162,1.980108,1.980108,1.980108,1.980108,1.980108,1.980108,1.980108,1.980108,1.980108,1.980108,1.980108,1.980108,1.980108,1.980108,1.980108,2.970162,1.980108,1.980108,1.980108,1.980108,1.980108,1.980108,1.980108,1.980108,1.980108,1.980108,1.980108,1.980108,1.980108,1.980108,1.980108,2.970162,1.980108,1.980108,1.980108,1.980108,1.980108,1.980108,1.980108,1.980108,1.980108,1.980108,2.970162,2.970162,2.970162,2.970162,2.970162,-30.629934,2.970162,2.970162,2.970162,2.970162,2.970162,2.970162,2.970162,2.970162,2.970162,2.970162,1.980108,1.980108,1.980108,1.980108,1.980108,2.970162,1.980108,1.980108,1.980108,1.980108,1.980108,1.980108,1.980108,1.980108,1.980108,1.980108,1.980108,1.980108,1.980108,1.980108,1.980108,2.970162,1.980108,1.980108,1.980108,1.980108,1.980108,1.980108,1.980108,1.980108,1.980108,1.980108,1.980108,1.980108,1.980108,1.980108,1.980108,2.970162,1.980108,1.980108,1.980108,1.980108,1.980108,1.980108,1.980108,1.980108,1.980108,1.980108,1.980108,1.980108,1.980108,1.980108,1.980108,2.970162,1.980108,1.980108,1.980108,1.980108,1.980108,1.980108,1.980108,1.980108,1.980108,1.980108
1.980108,1.980108,1.980108,1.980108,1.980108,1.980108,2.970162,1.980108,1.980108,1.980108,1.980108,1.980108,1.980108,1.980108,1.980108,1.980108,1.980108,1.980108,1.980108,1.980108,1.980108,1.980108,2.970162,1.980108,1.980108,1.980108,1.980108,1.980108,1.980108,1.980108,1.980108,1.980108,1.980108,1.980108,1.980108,1.980108,1.980108,1.980108,2.970162,1.980108,1.980108,1.980108,1.980108,1.980108,1.980108,1.980108,1.980108,1.980108,1.980108,1.980108,1.980108,1.980108,1.980108,1.980108,2.970162,1.980108,1.980108,1.980108,1.980108,1.980108,1.980108,1.980108,1.980108,1.980108,1.980108,1.980108,1.980108,1.980108,1.980108,1.980108,2.970162,1.980108,1.980108,1.980108,1.980108,1.980108,1.980108,1.980108,1.980108,1.980108,1.980108,1.980108,1.980108,1.980108,1.980108,1.980108,2.970162,1.980108,1.980108,1.980108,1.980108,1.980108,1.980108,1.980108,1.980108,1.980108,1.980108,1.980108,1.980108,1.980108,1.980108,1.980108,2.970162,1.980108,1.980108,1.980108,1.980108,1.980108,1.980108,1.980108,1.980108,1.980108,1.980108,1.980108,1.980108,1.980108,1.980108,1.980108,2.970162,1.980108,1.980108,1.980108,1.980108,1.980108,1.980108,1.980108,1.980108,1.980108,1.980108,1.980108,1.980108,1.980108,1.980108,1.980108,2.970162,1.980108,1.980108,1.980108,1.980108,1.980108,1.980108,1.980108,1.980108,1.980108,1.980108,1.980108,1.980108,1.980108,1.980108,1.980108,2.970162,1.980108,1.980108,1.980108,1.980108,1.980108,1.980108,1.980108,1.980108,1.980108,1.980108,1.980108,1.980108,1.980108,1.980108,1.980108,2.970162,1.980108,1.980108,1.980108,1.980108,1.980108,1.980108,1.980108,1.980108,1.980108,1.980108,1.980108,1.980108,1.980108,1.980108,1.980108,2.970162,1.980108,1.980108,1.980108,1.980108,1.980108,1.980108,1.980108,1.980108,1.980108,1.980108,1.980108,1.980108,1.980108,1.980108,1.980108,2.970162,1.980108,1.980108,1.980108,1.980108,1.980108,1.980108,1.980108,1.980108,1.980108,1.980108,1.980108,1.980108,1.980108,1.980108,1.980108,2.970162,1.980108,1.980108,1.980108,1.980108,1.980108,1.980108,1.980108,1.980108,1.980108,1.980108,1.980108,1.980108,1.980108,1.980108,1.980108,2.970162,1.980108,1.980108,1.980108,1.980108,1.980108,1.980108,1.980108,1.980108,1.980108,2.970162,2.970162,2.970162,2.970162,2.970162,2.970162,-30.129800,2.970162,2.970162,2.970162,2.970162,2.970162,2.970162,2.970162,2.970162,2.970162,1.980108,1.980108,1.980108,1.980108,1.980108,1.980108,2.970162,1.980108,1.980108,1.980108,1.980108,1.980108,1.980108,1.980108,1.980108,1.980108,1.980108,1.980108,1.980108,1.980108,1.980108,1.980108,2.970162,1.980108,1.980108,1.980108,1.980108,1.980108,1.980108,1.980108,1.980108,1.980108,1.980108,1.980108,1.980108,1.980108,1.980108,1.980108,2.970162,1.980108,1.980108,1.980108,1.980108,1.980108,1.980108,1.980108,1.980108,1.980108,1.980108,1.980108,1.980108,1.980108,1.980108,1.980108,2.970162,1.980108,1.980108,1.980108,1.980108,1.980108,1.980108,1.980108,1.980108,1.980108
1.980108,1.980108,1.980108,1.980108,1.980108,1.980108,1.980108,2.970162,1.980108,1.980108,1.980108,1.980108,1.980108,1.980108,1.980108,1.980108,1.980108,1.980108,1.980108,1.980108,1.980108,1.980108,1.980108,2.970162,1.980108,1.980108,1.980108,1.980108,1.980108,1.980108,1.980108,1.980108,1.980108,1.980108,1.980108,1.980108,1.980108,1.980108,1.980108,2.970162,1.980108,1.980108,1.980108,1.980108,1.980108,1.980108,1.980108,1.980108,1.980108,1.980108,1.980108,1.980108,1.980108,1.980108,1.980108,2.970162,1.980108,1.980108,1.980108,1.980108,1.980108,1.980108,1.980108,1.980108,1.980108,1.980108,1.980108,1.980108,1.980108,1.980108,1.980108,2.970162,1.980108,1.980108,1.980108,1.980108,1.980108,1.980108,1.980108,1.980108,1.980108,1.980108,1.980108,1.980108,1.980108,1.980108,1.980108,2.970162,1.980108,1.980108,1.980108,1.980108,1.980108,1.980108,1.980108,1.980108,1.980108,1.980108,1.980108,1.980108,1.980108,1.980108,1.980108,2.970162,1.980108,1.980108,1.980108,1.980108,1.980108,1.980108,1.980108,1.980108,1.980108,1.980108,1.980108,1.980108,1.980108,1.980108,1.980108,2.970162,1.980108,1.980108,1.980108,1.980108,1.980108,1.980108,1.980108,1.980108,1.980108,1.980108,1.980108,1.980108,1.980108,1.980108,1.980108,2.970162,1.980108,1.980108,1.980108,1.980108,1.980108,1.980108,1.980108,1.980108,1.980108,1.980108,1.980108,1.980108,1.980108,1.980108,1.980108,2.970162,1.980108,1.980108,1.980108,1.980108,1.980108,1.980108,1.980108,1.980108,1.980108,1.980108,1.980108,1.980108,1.980108,1.980108,1.980108,2.970162,1.980108,1.980108,1.980108,1.980108,1.980108,1.980108,1.980108,1.980108,1.980108,1.980108,1.980108,1.980108,1.980108,1.980108,1.980108,2.970162,1.980108,1.980108,1.980108,1.980108,1.980108,1.980108,1.980108,1.980108,1.980108,1.980108,1.980108,1.980108,1.980108,1.980108,1.980108,2.970162,1.980108,1.980108,1.980108,1.980108,1.980108,1.980108,1.980108,1.980108,1.980108,1.980108,1.980108,1.980108,1.980108,1.980108,1.980108,2.970162,1.980108,1.980108,1.980108,1.980108,1.980108,1.980108,1.980108,1.980108,1.980108,1.980108,1.980108,1.980108,1.980108,1.980108,1.980108,2.970162,1.980108,1.980108,1.980108,1.980108,1.980108,1.980108,1.980108,1.980108,2.970162,2.970162,2.970162,2.970162,2.970162,2.970162,2.970162,-30.668270,2.970162,2.970162,2.970162,2.970162,2.970162,2.970162,2.970162,2.970162,1.980108,1.980108,1.980108,1.980108,1.980108,1.980108,1.980108,2.970162,1.980108,1.980108,1.980108,1.980108,1.980108,1.980108,1.980108,1.980108,1.980108,1.980108,1.980108,1.980108,1.980108,1.980108,1.980108,2.970162,1.980108,1.980108,1.980108,1.980108,1.980108,1.980108,1.980108,1.980108,1.980108,1.980108,1.980108,1.980108,1.980108,1.980108,1.980108,2.970162,1.980108,1.980108,1.980108,1.980108,1.980108,1.980108,1.980108,1.980108,1.980108,1.980108,1.980108,1.980108,1.980108,1.980108,1.980108,2.970162,1.980108,1.980108,1.980108,1.980108,1.980108,1.980108,1.980108,1.980108
1.980108,1.980108,1.980108,1.980108,1.980108,1.980108,1.980108,1.980108,2.970162,1.980108,1.980108,1.980108,1.980108,1.980108,1.980108,1.980108,1.980108,1.980108,1.980108,1.980108,1.980108,1.980108,1.980108,1.980108,2.970162,1.980108,1.980108,1.980108,1.980108,1.980108,1.980108,1.980108,1.980108,1.980108,1.980108,1.980108,1.980108,1.980108,1.980108,1.980108,2.970162,1.980108,1.980108,1.980108,1.980108,1.980108,1.980108,1.980108,1.980108,1.980108,1.980108,1.980108,1.980108,1.980108,1.980108,1.980108,2.970162,1.980108,1.980108,1.980108,1.980108,1.980108,1.980108,1.980108,1.980108,1.980108,1.980108,1.980108,1.980108,1.980108,1.980108,1.980108,2.970162,1.980108,1.980108,1.980108,1.980108,1.980108,1.980108,1.980108,1.980108,1.980108,1.980108,1.980108,1.980108,1.980108,1.980108,1.980108,2.970162,1.980108,1.980108,1.980108,1.980108,1.980108,1.980108,1.980108,1.980108,1.980108,1.980108,1.980108,1.980108,1.980108,1.980108,1.980108,2.970162,1.980108,1.980108,1.980108,1.980108,1.980108,1.980108,1.980108,1.980108,1.980108,1.980108,1.980108,1.980108,1.980108,1.980108,1.980108,2.970162,1.980108,1.980108,1.980108,1.980108,1.980108,1.980108,1.980108,1.980108,1.980108,1.980108,1.980108,1.980108,1.980108,1.980108,1.980108,2.970162,1.980108,1.980108,1.980108,1.980108,1.980108,1.980108,1.980108,1.980108,1.980108,1.980108,1.980108,1.980108,1.980108,1.980108,1.980108,2.970162,1.980108,1.980108,1.980108,1.980108,1.980108,1.980108,1.980108,1.980108,1.980108,1.980108,1.980108,1.980108,1.980108,1.980108,1.980108,2.970162,1.980108,1.980108,1.980108,1.980108,1.980108,1.980108,1.980108,1.980108,1.980108,1.980108,1.980108,1.980108,1.980108,1.980108,1.980108,2.970162,1.980108,1.980108,1.980108,1.980108,1.980108,1.980108,1.980108,1.980108,1.980108,1.980108,1.980108,1.980108,1.980108,1.980108,1.980108,2.970162,1.980108,1.980108,1.980108,1.980108,1.980108,1.980108,1.980108,1.980108,1.980108,1.980108,1.980108,1.980108,1.980108,1.980108,1.980108,2.970162,1.980108,1.980108,1.980108,1.980108,1.980108,1.980108,1.980108,1.980108,1.980108,1.980108,1.980108,1.980108,1.980108,1.980108,1.980108,2.970162,1.980108,1.980108,1.980108,1.980108,1.980108,1.980108,1.980108,2.970162,2.970162,2.970162,2.970162,2.970162,2.970162,2.970162,2.970162,-30.665235,2.970162,2.970162,2.970162,2.970162,2.970162,2.970162,2.970162,1.980108,1.980108,1.980108,1.980108,1.980108,1.980108,1.980108,1.980108,2.970162,1.980108,1.980108,1.980108,1.980108,1.980108,1.980108,1.980108,1.980108,1.980108,1.980108,1.980108,1.980108,1.980108,1.980108,1.980108,2.970162,1.980108,1.980108,1.980108,1.980108,1.980108,1.980108,1.980108,1.980108,1.980108,1.980108,1.980108,1.980108,1.980108,1.980108,1.980108,2.970162,1.980108,1.980108,1.980108,1.980108,1.980108,1.980108,1.980108,1.980108,1.980108,1.980108,1.980108,1.980108,1.980108,1.980108,1.980108,2.970162,1.980108,1.980108,1.980108,1.980108,1.980108,1.980108,1.980108
1.980108,1.980108,1.980108,1.980108,1.980108,1.980108,1.980108,1.980108,1.980108,2.970162,1.980108,1.980108,1.980108,1.980108,1.980108,1.980108,1.980108,1.980108,1.980108,1.980108,1.980108,1.980108,1.980108,1.980108,1.980108,2.970162,1.980108,1.980108,1.980108,1.980108,1.980108,1.980108,1.980108,1.980108,1.980108,1.980108,1.980108,1.980108,1.980108,1.980108,1.980108,2.970162,1.980108,1.980108,1.980108,1.980108,1.980108,1.980108,1.980108,1.980108,1.980108,1.980108,1.980108,1.980108,1.980108,1.980108,1.980108,2.970162,1.980108,1.980108,1.980108,1.980108,1.980108,1.980108,1.980108,1.980108,1.980108,1.980108,1.980108,1.980108,1.980108,1.980108,1.980108,2.970162,1.980108,1.980108,1.980108,1.980108,1.980108,1.980108,1.980108,1.980108,1.980108,1.980108,1.980108,1.980108,1.980108,1.980108,1.980108,2.970162,1.980108,1.980108,1.980108,1.980108,1.980108,1.980108,1.980108,1.980108,1.980108,1.980108,1.980108,1.980108,1.980108,1.980108,1.980108,2.970162,1.980108,1.980108,1.980108,1.980108,1.980108,1.980108,1.980108,1.980108,1.980108,1.980108,1.980108,1.980108,1.980108,1.980108,1.980108,2.970162,1.980108,1.980108,1.980108,1.980108,1.980108,1.980108,1.980108,1.980108,1.980108,1.980108,1.980108,1.980108,1.980108,1.980108,1.980108,2.970162,1.980108,1.980108,1.980108,1.980108,1.980108,1.980108,1.980108,1.980108,1.980108,1.980108,1.980108,1.980108,1.980108,1.980108,1.980108,2.970162,1.980108,1.980108,1.980108,1.980108,1.980108,1.980108,1.980108,1.980108,1.980108,1.980108,1.980108,1.980108,1.980108,1.980108,1.980108,2.970162,1.980108,1.980108,1.980108,1.980108,1.980108,1.980108,1.980108,1.980108,1.980108,1.980108,1.980108,1.980108,1.980108,1.980108,1.980108,2.970162,1.980108,1.980108,1.980108,1.980108,1.980108,1.980108,1.980108,1.980108,1.980108,1.980108,1.980108,1.980108,1.980108,1.980108,1.980108,2.970162,1.980108,1.980108,1.980108,1.980108,1.980108,1.980108,1.980108,1.980108,1.980108,1.980108,1.980108,1.980108,1.980108,1.980108,1.980108,2.970162,1.980108,1.980108,1.980108,1.980108,1.980108,1.980108,1.980108,1.980108,1.980108,1.980108,1.980108,1.980108,1.980108,1.980108,1.980108,2.970162,1.980108,1.980108,1.980108,1.980108,1.980108,1.980108,2.970162,2.970162,2.970162,2.970162,2.970162,2.970162,2.970162,2.970162,2.970162,-30.554625,2.970162,2.970162,2.970162,2.970162,2.970162,2.970162,1.980108,1.980108,1.980108,1.980108,1.980108,1.980108,1.980108,1.980108,1.980108,2.970162,1.980108,1.980108,1.980108,1.980108,1.980108,1.980108,1.980108,1.980108,1.980108,1.980108,1.980108,1.980108,1.980108,1.980108,1.980108,2.970162,1.980108,1.980108,1.980108,1.980108,1.980108,1.980108,1.980108,1.980108,1.980108,1.980108,1.980108,1.980108,1.980108,1.980108,1.980108,2.970162,1.980108,1.980108,1.980108,1.980108,1.980108,1.980108,1.980108,1.980108,1.980108,1.980108,1.980108,1.980108,1.980108,1.980108,1.980108,2.970162,1.980108,1.980108,1.980108,1.980108,1.980108,1.980108
1.980108,1.980108,1.980108,1.980108,1.980108,1.980108,1.980108,1.980108,1.980108,1.980108,2.970162,1.980108,1.980108,1.980108,1.980108,1.980108,1.980108,1.980108,1.980108,1.980108,1.980108,1.980108,1.980108,1.980108,1.980108,1.980108,2.970162,1.980108,1.980108,1.980108,1.980108,1.980108,1.980108,1.980108,1.980108,1.980108,1.980108,1.980108,1.980108,1.980108,1.980108,1.980108,2.970162,1.980108,1.980108,1.980108,1.980108,1.980108,1.980108,1.980108,1.980108,1.980108,1.980108,1.980108,1.980108,1.980108,1.980108,1.980108,2.970162,1.980108,1.980108,1.980108,1.980108,1.980108,1.980108,1.980108,1.980108,1.980108,1.980108,1.980108,1.980108,1.980108,1.980108,1.980108,2.970162,1.980108,1.980108,1.980108,1.980108,1.980108,1.980108,1.980108,1.980108,1.980108,1.980108,1.980108,1.980108,1.980108,1.980108,1.980108,2.970162,1.980108,1.980108,1.980108,1.980108,1.980108,1.980108,1.980108,1.980108,1.980108,1.980108,1.980108,1.980108,1.980108,1.980108,1.980108,2.970162,1.980108,1.980108,1.980108,1.980108,1.980108,1.980108,1.980108,1.980108,1.980108,1.980108,1.980108,1.980108,1.980108,1.980108,1.980108,2.970162,1.980108,1.980108,1.980108,1.980108,1.980108,1.980108,1.980108,1.980108,1.980108,1.980108,1.980108,1.980108,1.980108,1.980108,1.980108,2.970162,1.980108,1.980108,1.980108,1.980108,1.980108,1.980108,1.980108,1.980108,1.980108,1.980108,1.980108,1.980108,1.980108,1.980108,1.980108,2.970162,1.980108,1.980108,1.980108,1.980108,1.980108,1.980108,1.980108,1.980108,1.980108,1.980108,1.980108,1.980108,1.980108,1.980108,1.980108,2.970162,1.980108,1.980108,1.980108,1.980108,1.980108,1.980108,1.980108,1.980108,1.980108,1.980108,1.980108,1.980108,1.980108,1.980108,1.980108,2.970162,1.980108,1.980108,1.980108,1.980108,1.980108,1.980108,1.980108,1.980108,1.980108,1.980108,1.980108,1.980108,1.980108,1.980108,1.980108,2.970162,1.980108,1.980108,1.980108,1.980108,1.980108,1.980108,1.980108,1.980108,1.980108,1.980108,1.980108,1.980108,1.980108,1.980108,1.980108,2.970162,1.980108,1.980108,1.980108,1.980108,1.980108,1.980108,1.980108,1.980108,1.980108,1.980108,1.980108,1.980108,1.980108,1.980108,1.980108,2.970162,1.980108,1.980108,1.980108,1.980108,1.980108,2.970162,2.970162,2.970162,2.970162,2.970162,2.970162,2.970162,2.970162,2.970162,2.970162,-29.996064,2.970162,2.970162,2.970162,2.970162,2.970162,1.980108,1.980108,1.980108,1.980108,1.980108,1.980108,1.980108,1.980108,1.980108,1.980108,2.970162,1.980108,1.980108,1.980108,1.980108,1.980108,1.980108,1.980108,1.980108,1.980108,1.980108,1.980108,1.980108,1.980108,1.980108,1.980108,2.970162,1.980108,1.980108,1.980108,1.980108,1.980108,1.980108,1.980108,1.980108,1.980108,1.980108,1.980108,1.980108,1.980108,1.980108,1.980108,2.970162,1.980108,1.980108,1.980108,1.980108,1.980108,1.980108,1.980108,1.980108,1.980108,1.980108,1.980108,1.980108,1.980108,1.980108,1.980108,2.970162,1.980108,1.980108,1.980108,1.980108,1.980108
1.980108,1.980108,1.980108,1.980108,1.980108,1.980108,1.980108,1.980108,1.980108,1.980108,1.980108,2.970162,1.980108,1.980108,1.980108,1.980108,1.980108,1.980108,1.980108,1.980108,1.980108,1.980108,1.980108,1.980108,1.980108,1.980108,1.980108,2.970162,1.980108,1.980108,1.980108,1.980108,1.980108,1.980108,1.980108,1.980108,1.980108,1.980108,1.980108,1.980108,1.980108,1.980108,1.980108,2.970162,1.980108,1.980108,1.980108,1.980108,1.980108,1.980108,1.980108,1.980108,1.980108,1.980108,1.980108,1.980108,1.980108,1.980108,1.980108,2.970162,1.980108,1.980108,1.980108,1.980108,1.980108,1.980108,1.980108,1.980108,1.980108,1.980108,1.980108,1.980108,1.980108,1.980108,1.980108,2.970162,1.980108,1.980108,1.980108,1.980108,1.980108,1.980108,1.980108,1.980108,1.980108,1.980108,1.980108,1.980108,1.980108,1.980108,1.980108,2.970162,1.980108,1.980108,1.980108,1.980108,1.980108,1.980108,1.980108,1.980108,1.980108,1.980108,1.980108,1.980108,1.980108,1.980108,1.980108,2.970162,1.980108,1.980108,1.980108,1.980108,1.980108,1.980108,1.980108,1.980108,1.980108,1.980108,1.980108,1.980108,1.980108,1.980108,1.980108,2.970162,1.980108,1.980108,1.980108,1.980108,1.980108,1.980108,1.980108,1.980108,1.980108,1.980108,1.980108,1.980108,1.980108,1.980108,1.980108,2.970162,1.980108,1.980108,1.980108,1.980108,1.980108,1.980108,1.980108,1.980108,1.980108,1.980108,1.980108,1.980108,1.980108,1.980108,1.980108,2.970162,1.980108,1.980108,1.980108,1.980108,1.980108,1.980108,1.980108,1.980108,1.980108,1.980108,1.980108,1.980108,1.980108,1.980108,1.980108,2.970162,1.980108,1.980108,1.980108,1.980108,1.980108,1.980108,1.980108,1.980108,1.980108,1.980108,1.980108,1.980108,1.980108,1.980108,1.980108,2.970162,1.980108,1.980108,1.980108,1.980108,1.980108,1.980108,1.980108,1.980108,1.980108,1.980108,1.980108,1.980108,1.980108,1.980108,1.980108,2.970162,1.980108,1.980108,1.980108,1.980108,1.980108,1.980108,1.980108,1.980108,1.980108,1.980108,1.980108,1.980108,1.980108,1.980108,1.980108,2.970162,1.980108,1.980108,1.980108,1.980108,1.980108,1.980108,1.980108,1.980108,1.980108,1.980108,1.980108,1.980108,1.980108,1.980108,1.980108,2.970162,1.980108,1.980108,1.980108,1.980108,2.970162,2.970162,2.970162,2.970162,2.970162,2.970162,2.970162,2.970162,2.970162,2.970162,2.970162,-30.086713,2.970162,2.970162,2.970162,2.970162,1.980108,1.980108,1.980108,1.980108,1.980108,1.980108,1.980108,1.980108,1.980108,1.980108,1.980108,2.970162,1.980108,1.980108,1.980108,1.980108,1.980108,1.980108,1.980108,1.980108,1.980108,1.980108,1.980108,1.980108,1.980108,1.980108,1.980108,2.970162,1.980108,1.980108,1.980108,1.980108,1.980108,1.980108,1.980108,1.980108,1.980108,1.980108,1.980108,1.980108,1.980108,1.980108,1.980108,2.970162,1.980108,1.980108,1.980108,1.980108,1.980108,1.980108,1.980108,1.980108,1.980108,1.980108,1.980108,1.980108,1.980108,1.980108,1.980108,2.970162,1.980108,1.980108,1.980108,1.980108
1.980108,1.980108,1.980108,1.980108,1.980108,1.980108,1.980108,1.980108,1.980108,1.980108,1.980108,1.980108,2.970162,1.980108,1.980108,1.980108,1.980108,1.980108,1.980108,1.980108,1.980108,1.980108,1.980108,1.980108,1.980108,1.980108,1.980108,1.980108,2.970162,1.980108,1.980108,1.980108,1.980108,1.980108,1.980108,1.980108,1.980108,1.980108,1.980108,1.980108,1.980108,1.980108,1.980108,1.980108,2.970162,1.980108,1.980108,1.980108,1.980108,1.980108,1.980108,1.980108,1.980108,1.980108,1.980108,1.980108,1.980108,1.980108,1.980108,1.980108,2.970162,1.980108,1.980108,1.980108,1.980108,1.980108,1.980108,1.980108,1.980108,1.980108,1.980108,1.980108,1.980108,1.980108,1.980108,1.980108,2.970162,1.980108,1.980108,1.980108,1.980108,1.980108,1.980108,1.980108,1.980108,1.980108,1.980108,1.980108,1.980108,1.980108,1.980108,1.980108,2.970162,1.980108,1.980108,1.980108,1.980108,1.980108,1.980108,1.980108,1.980108,1.980108,1.980108,1.980108,1.980108,1.980108,1.980108,1.980108,2.970162,1.980108,1.980108,1.980108,1.980108,1.980108,1.980108,1.980108,1.980108,1.980108,1.980108,1.980108,1.980108,1.980108,1.980108,1.980108,2.970162,1.980108,1.980108,1.980108,1.980108,1.980108,1.980108,1.980108,1.980108,1.980108,1.980108,1.980108,1.980108,1.980108,1.980108,1.980108,2.970162,1.980108,1.980108,1.980108,1.980108,1.980108,1.980108,1.980108,1.980108,1.980108,1.980108,1.980108,1.980108,1.980108,1.980108,1.980108,2.970162,1.980108,1.980108,1.980108,1.980108,1.980108,1.980108,1.980108,1.980108,1.980108,1.980108,1.980108,1.980108,1.980108,1.980108,1.980108,2.970162,1.980108,1.980108,1.980108,1.980108,1.980108,1.980108,1.980108,1.980108,1.980108,1.980108,1.980108,1.980108,1.980108,1.980108,1.980108,2.970162,1.980108,1.980108,1.980108,1.980108,1.980108,1.980108,1.980108,1.980108,1.980108,1.980108,1.980108,1.980108,1.980108,1.980108,1.980108,2.970162,1.980108,1.980108,1.980108,1.980108,1.980108,1.980108,1.980108,1.980108,1.980108,1.980108,1.980108,1.980108,1.980108,1.980108,1.980108,2.970162,1.980108,1.980108,1.980108,1.980108,1.980108,1.980108,1.980108,1.980108,1.980108,1.980108,1.980108,1.980108,1.980108,1.980108,1.980108,2.970162,1.980108,1.980108,1.980108,2.970162,2.970162,2.970162,2.970162,2.970162,2.970162,2.970162,2.970162,2.970162,2.970162,2.970162,2.970162,-30.552752,2.970162,2.970162,2.970162,1.980108,1.980108,1.980108,1.980108,1.980108,1.980108,1.980108,1.980108,1.980108,1.980108,1.980108,1.980108,2.970162,1.980108,1.980108,1.980108,1.980108,1.980108,1.980108,1.980108,1.980108,1.980108,1.980108,1.980108,1.980108,1.980108,1.980108,1.980108,2.970162,1.980108,1.980108,1.980108,1.980108,1.980108,1.980108,1.980108,1.980108,1.980108,1.980108,1.980108,1.980108,1.980108,1.980108,1.980108,2.970162,1.980108,1.980108,1.980108,1.980108,1.980108,1.980108,1.980108,1.980108,1.980108,1.980108,1.980108,1.980108,1.980108,1.980108,1.980108,2.970162,1.980108,1.980108,1.980108
1.980108,1.980108,1.980108,1.980108,1.980108,1.980108,1.980108,1.980108,1.980108,1.980108,1.980108,1.980108,1.980108,2.970162,1.980108,1.980108,1.980108,1.980108,1.980108,1.980108,1.980108,1.980108,1.980108,1.980108,1.980108,1.980108,1.980108,1.980108,1.980108,2.970162,1.980108,1.980108,1.980108,1.980108,1.980108,1.980108,1.980108,1.980108,1.980108,1.980108,1.980108,1.980108,1.980108,1.980108,1.980108,2.970162,1.980108,1.980108,1.980108,1.980108,1.980108,1.980108,1.980108,1.980108,1.980108,1.980108,1.980108,1.980108,1.980108,1.980108,1.980108,2.970162,1.980108,1.980108,1.980108,1.980108,1.980108,1.980108,1.980108,1.980108,1.980108,1.980108,1.980108,1.980108,1.980108,1.980108,1.980108,2.970162,1.980108,1.980108,1.980108,1.980108,1.980108,1.980108,1.980108,1.980108,1.980108,1.980108,1.980108,1.980108,1.980108,1.980108,1.980108,2.970162,1.980108,1.980108,1.980108,1.980108,1.980108,1.980108,1.980108,1.980108,1.980108,1.980108,1.980108,1.980108,1.980108,1.980108,1.980108,2.970162,1.980108,1.980108,1.980108,1.980108,1.980108,1.980108,1.980108,1.980108,1.980108,1.980108,1.980108,1.980108,1.980108,1.980108,1.980108,2.970162,1.980108,1.980108,1.980108,1.980108,1.980108,1.980108,1.980108,1.980108,1.980108,1.980108,1.980108,1.980108,1.980108,1.980108,1.980108,2.970162,1.980108,1.980108,1.980108,1.980108,1.980108,1.980108,1.980108,1.980108,1.980108,1.980108,1.980108,1.980108,1.980108,1.980108,1.980108,2.970162,1.980108,1.980108,1.980108,1.980108,1.980108,1.980108,1.980108,1.980108,1.980108,1.980108,1.980108,1.980108,1.980108,1.980108,1.980108,2.970162,1.980108,1.980108,1.980108,1.980108,1.980108,1.980108,1.980108,1.980108,1.980108,1.980108,1.980108,1.980108,1.980108,1.980108,1.980108,2.970162,1.980108,1.980108,1.980108,1.980108,1.980108,1.980108,1.980108,1.980108,1.980108,1.980108,1.980108,1.980108,1.980108,1.980108,1.980108,2.970162,1.980108,1.980108,1.980108,1.980108,1.980108,1.980108,1.980108,1.980108,1.980108,1.980108,1.980108,1.980108,1.980108,1.980108,1.980108,2.970162,1.980108,1.980108,1.980108,1.980108,1.980108,1.980108,1.980108,1.980108,1.980108,1.980108,1.980108,1.980108,1.980108,1.980108,1.980108,2.970162,1.980108,1.980108,2.970162,2.970162,2.970162,2.970162,2.970162,2.970162,2.970162,2.970162,2.970162,2.970162,2.970162,2.970162,2.970162,-30.018538,2.970162,2.970162,1.980108,1.980108,1.980108,1.980108,1.980108,1.980108,1.980108,1.980108,1.980108,1.980108,1.980108,1.980108,1.980108,2.970162,1.980108,1.980108,1.980108,1.980108,1.980108,1.980108,1.980108,1.980108,1.980108,1.980108,1.980108,1.980108,1.980108,1.980108,1.980108,2.970162,1.980108,1.980108,1.980108,1.980108,1.980108,1.980108,1.980108,1.980108,1.980108,1.980108,1.980108,1.980108,1.980108,1.980108,1.980108,2.970162,1.980108,1.980108,1.980108,1.980108,1.980108,1.980108,1.980108,1.980108,1.980108,1.980108,1.980108,1.980108,1.980108,1.980108,1.980108,2.970162,1.980108,1.980108
1.980108,1.980108,1.980108,1.980108,1.980108,1.980108,1.980108,1.980108,1.980108,1.980108,1.980108,1.980108,1.980108,1.980108,2.970162,1.980108,1.980108,1.980108,1.980108,1.980108,1.980108,1.980108,1.980108,1.980108,1.980108,1.980108,1.980108,1.980108,1.980108,1.980108,2.970162,1.980108,1.980108,1.980108,1.980108,1.980108,1.980108,1.980108,1.980108,1.980108,1.980108,1.980108,1.980108,1.980108,1.980108,1.980108,2.970162,1.980108,1.980108,1.980108,1.980108,1.980108,1.980108,1.980108,1.980108,1.980108,1.980108,1.980108,1.980108,1.980108,1.980108,1.980108,2.970162,1.980108,1.980108,1.980108,1.980108,1.980108,1.980108,1.980108,1.980108,1.980108,1.980108,1.980108,1.980108,1.980108,1.980108,1.980108,2.970162,1.980108,1.980108,1.980108,1.980108,1.980108,1.980108,1.980108,1.980108,1.980108,1.980108,1.980108,1.980108,1.980108,1.980108,1.980108,2.970162,1.980108,1.980108,1.980108,1.980108,1.980108,1.980108,1.980108,1.980108,1.980108,1.980108,1.980108,1.980108,1.980108,1.980108,1.980108,2.970162,1.980108,1.980108,1.980108,1.980108,1.980108,1.980108,1.980108,1.980108,1.980108,1.980108,1.980108,1.980108,1.980108,1.980108,1.980108,2.970162,1.980108,1.980108,1.980108,1.980108,1.980108,1.980108,1.980108,1.980108,1.980108,1.980108,1.980108,1.980108,1.980108,1.980108,1.980108,2.970162,1.980108,1.980108,1.980108,1.980108,1.980108,1.980108,1.980108,1.980108,1.980108,1.980108,1.980108,1.980108,1.980108,1.980108,1.980108,2.970162,1.980108,1.980108,1.980108,1.980108,1.980108,1.980108,1.980108,1.980108,1.980108,1.980108,1.980108,1.980108,1.980108,1.980108,1.980108,2.970162,1.980108,1.980108,1.980108,1.980108,1.980108,1.980108,1.980108,1.980108,1.980108,1.980108,1.980108,1.980108,1.980108,1.980108,1.980108,2.970162,1.980108,1.980108,1.980108,1.980108,1.980108,1.980108,1.980108,1.980108,1.980108,1.980108,1.980108,1.980108,1.980108,1.980108,1.980108,2.970162,1.980108,1.980108,1.980108,1.980108,1.980108,1.980108,1.980108,1.980108,1.980108,1.980108,1.980108,1.980108,1.980108,1.980108,1.980108,2.970162,1.980108,1.980108,1.980108,1.980108,1.980108,1.980108,1.980108,1.980108,1.980108,1.980108,1.980108,1.980108,1.980108,1.980108,1.980108,2.970162,1.980108,2.970162,2.970162,2.970162,2.970162,2.970162,2.970162,2.970162,2.970162,2.970162,2.970162,2.970162,2.970162,2.970162,2.970162,-29.871108,2.970162,1.980108,1.980108,1.980108,1.980108,1.980108,1.980108,1.980108,1.980108,1.980108,1.980108,1.980108,1.980108,1.980108,1.980108,2.970162,1.980108,1.980108,1.980108,1.980108,1.980108,1.980108,1.980108,1.980108,1.980108,1.980108,1.980108,1.980108,1.980108,1.980108,1.980108,2.970162,1.980108,1.980108,1.980108,1.980108,1.980108,1.980108,1.980108,1.980108,1.980108,1.980108,1.980108,1.980108,1.980108,1.980108,1.980108,2.970162,1.980108,1.980108,1.980108,1.980108,1.980108,1.980108,1.980108,1.980108,1.980108,1.980108,1.980108,1.980108,1.980108,1.980108,1.980108,2.970162,1.980108
1.980108,1.980108,1.980108,1.980108,1.980108,1.980108,1.980108,1.980108,1.980108,1.980108,1.980108,1.980108,1.980108,1.980108,1.980108,2.970162,1.980108,1.980108,1.980108,1.980108,1.980108,1.980108,1.980108,1.980108,1.980108,1.980108,1.980108,1.980108,1.980108,1.980108,1.980108,2.970162,1.980108,1.980108,1.980108,1.980108,1.980108,1.980108,1.980108,1.980108,1.980108,1.980108,1.980108,1.980108,1.980108,1.980108,1.980108,2.970162,1.980108,1.980108,1.980108,1.980108,1.980108,1.980108,1.980108,1.980108,1.980108,1.980108,1.980108,1.980108,1.980108,1.980108,1.980108,2.970162,1.980108,1.980108,1.980108,1.980108,1.980108,1.980108,1.980108,1.980108,1.980108,1.980108,1.980108,1.980108,1.980108,1.980108,1.980108,2.970162,1.980108,1.980108,1.980108,1.980108,1.980108,1.980108,1.980108,1.980108,1.980108,1.980108,1.980108,1.980108,1.980108,1.980108,1.980108,2.970162,1.980108,1.980108,1.980108,1.980108,1.980108,1.980108,1.980108,1.980108,1.980108,1.980108,1.980108,1.980108,1.980108,1.980108,1.980108,2.970162,1.980108,1.980108,1.980108,1.980108,1.980108,1.980108,1.980108,1.980108,1.980108,1.980108,1.980108,1.980108,1.980108,1.980108,1.980108,2.970162,1.980108,1.980108,1.980108,1.980108,1.980108,1.980108,1.980108,1.980108,1.980108,1.980108,1.980108,1.980108,1.980108,1.980108,1.980108,2.970162,1.980108,1.980108,1.980108,1.980108,1.980108,1.980108,1.980108,1.980108,1.980108,1.980108,1.980108,1.980108,1.980108,1.980108,1.980108,2.970162,1.980108,1.980108,1.980108,1.980108,1.980108,1.980108,1.980108,1.980108,1.980108,1.980108,1.980108,1.980108,1.980108,1.980108,1.980108,2.970162,1.980108,1.980108,1.980108,1.980108,1.980108,1.980108,1.980108,1.980108,1.980108,1.980108,1.980108,1.980108,1.980108,1.980108,1.980108,2.970162,1.980108,1.980108,1.980108,1.980108,1.980108,1.980108,1.980108,1.980108,1.980108,1.980108,1.980108,1.980108,1.980108,1.980108,1.980108,2.970162,1.980108,1.980108,1.980108,1.980108,1.980108,1.980108,1.980108,1.980108,1.980108,1.980108,1.980108,1.980108,1.980108,1.980108,1.980108,2.970162,1.980108,1.980108,1.980108,1.980108,1.980108,1.980108,1.980108,1.980108,1.980108,1.980108,1.980108,1.980108,1.980108,1.980108,1.980108,2.970162,2.970162,2.970162,2.970162,2.970162,2.970162,2.970162,2.970162,2.970162,2.970162,2.970162,2.970162,2.970162,2.970162,2.970162,2.970162,-30.258417,1.980108,1.980108,1.980108,1.980108,1.980108,1.980108,1.980108,1.980108,1.980108,1.980108,1.980108,1.980108,1.980108,1.980108,1.980108,2.970162,1.980108,1.980108,1.980108,1.980108,1.980108,1.980108,1.980108,1.980108,1.980108,1.980108,1.980108,1.980108,1.980108,1.980108,1.980108,2.970162,1.980108,1.980108,1.980108,1.980108,1.980108,1.980108,1.980108,1.980108,1.980108,1.980108,1.980108,1.980108,1.980108,1.980108,1.980108,2.970162,1.980108,1.980108,1.980108,1.980108,1.980108,1.980108,1.980108,1.980108,1.980108,1.980108,1.980108,1.980108,1.980108,1.980108,1.980108,2.970162
2.970162,1.980108,1.980108,1.980108,1.980108,1.980108,1.980108,1.980108,1.980108,1.980108,1.980108,1.980108,1.980108,1.980108,1.980108,1.980108,2.970162,1.980108,1.980108,1.980108,1.980108,1.980108,1.980108,1.980108,1.980108,1.980108,1.980108,1.980108,1.980108,1.980108,1.980108,1.980108,2.970162,1.980108,1.980108,1.980108,1.980108,1.980108,1.980108,1.980108,1.980108,1.980108,1.980108,1.980108,1.980108,1.980108,1.980108,1.980108,2.970162,1.980108,1.980108,1.980108,1.980108,1.980108,1.980108,1.980108,1.980108,1.980108,1.980108,1.980108,1.980108,1.980108,1.980108,1.980108,2.970162,1.980108,1.980108,1.980108,1.980108,1.980108,1.980108,1.980108,1.980108,1.980108,1.980108,1.980108,1.980108,1.980108,1.980108,1.980108,2.970162,1.980108,1.980108,1.980108,1.980108,1.980108,1.980108,1.980108,1.980108,1.980108,1.980108,1.980108,1.980108,1.980108,1.980108,1.980108,2.970162,1.980108,1.980108,1.980108,1.980108,1.980108,1.980108,1.980108,1.980108,1.980108,1.980108,1.980108,1.980108,1.980108,1.980108,1.980108,2.970162,1.980108,1.980108,1.980108,1.980108,1.980108,1.980108,1.980108,1.980108,1.980108,1.980108,1.980108,1.980108,1.980108,1.980108,1.980108,2.970162,1.980108,1.980108,1.980108,1.980108,1.980108,1.980108,1.980108,1.980108,1.980108,1.980108,1.980108,1.980108,1.980108,1.980108,1.980108,2.970162,1.980108,1.980108,1.980108,1.980108,1.980108,1.980108,1.980108,1.980108,1.980108,1.980108,1.980108,1.980108,1.980108,1.980108,1.980108,2.970162,1.980108,1.980108,1.980108,1.980108,1.980108,1.980108,1.980108,1.980108,1.980108,1.980108,1.980108,1.980108,1.980108,1.980108,1.980108,2.970162,1.980108,1.980108,1.980108,1.980108,1.980108,1.980108,1.980108,1.980108,1.980108,1.980108,1.980108,1.980108,1.980108,1.980108,1.980108,2.970162,1.980108,1.980108,1.980108,1.980108,1.980108,1.980108,1.980108,1.980108,1.980108,1.980108,1.980108,1.980108,1.980108,1.980108,1.980108,2.970162,1.980108,1.980108,1.980108,1.980108,1.980108,1.980108,1.980108,1.980108,1.980108,1.980108,1.980108,1.980108,1.980108,1.980108,1.980108,2.970162,1.980108,1.980108,1.980108,1.980108,1.980108,1.980108,1.980108,1.980108,1.980108,1.980108,1.980108,1.980108,1.980108,1.980108,1.980108,2.970162,1.980108,1.980108,1.980108,1.980108,1.980108,1.980108,1.980108,1.980108,1.980108,1.980108,1.980108,1.980108,1.980108,1.980108,1.980108,-30.637770,2.970162,2.970162,2.970162,2.970162,2.970162,2.970162,2.970162,2.970162,2.970162,2.970162,2.970162,2.970162,2.970162,2.970162,2.970162,2.970162,1.980108,1.980108,1.980108,1.980108,1.980108,1.980108,1.980108,1.980108,1.980108,1.980108,1.980108,1.980108,1.980108,1.980108,1.980108,2.970162,1.980108,1.980108,1.980108,1.980108,1.980108,1.980108,1.980108,1.980108,1.980108,1.980108,1.980108,1.980108,1.980108,1.980108,1.980108,2.970162,1.980108,1.980108,1.980108,1.980108,1.980108,1.980108,1.980108,1.980108,1.980108,1.980108,1.980108,1.980108,1.980108,1.980108,1.980108
1.980108,2.970162,1.980108,1.980108,1.980108,1.980108,1.980108,1.980108,1.980108,1.980108,1.980108,1.980108,1.980108,1.980108,1.980108,1.980108,1.980108,2.970162,1.980108,1.980108,1.980108,1.980108,1.980108,1.980108,1.980108,1.980108,1.980108,1.980108,1.980108,1.980108,1.980108,1.980108,1.980108,2.970162,1.980108,1.980108,1.980108,1.980108,1.980108,1.980108,1.980108,1.980108,1.980108,1.980108,1.980108,1.980108,1.980108,1.980108,1.980108,2.970162,1.980108,1.980108,1.980108,1.980108,1.980108,1.980108,1.980108,1.980108,1.980108,1.980108,1.980108,1.980108,1.980108,1.980108,1.980108,2.970162,1.980108,1.980108,1.980108,1.980108,1.980108,1.980108,1.980108,1.980108,1.980108,1.980108,1.980108,1.980108,1.980108,1.980108,1.980108,2.970162,1.980108,1.980108,1.980108,1.980108,1.980108,1.980108,1.980108,1.980108,1.980108,1.980108,1.980108,1.980108,1.980108,1.980108,1.980108,2.970162,1.980108,1.980108,1.980108,1.980108,1.980108,1.980108,1.980108,1.980108,1.980108,1.980108,1.980108,1.980108,1.980108,1.980108,1.980108,2.970162,1.980108,1.980108,1.980108,1.980108,1.980108,1.980108,1.980108,1.980108,1.980108,1.980108,1.980108,1.980108,1.980108,1.980108,1.980108,2.970162,1.980108,1.980108,1.980108,1.980108,1.980108,1.980108,1.980108,1.980108,1.980108,1.980108,1.980108,1.980108,1.980108,1.980108,1.980108,2.970162,1.980108,1.980108,1.980108,1.980108,1.980108,1.980108,1.980108,1.980108,1.980108,1.980108,1.980108,1.980108,1.980108,1.980108,1.980108,2.970162,1.980108,1.980108,1.980108,1.980108,1.980108,1.980108,1.980108,1.980108,1.980108,1.980108,1.980108,1.980108,1.980108,1.980108,1.980108,2.970162,1.980108,1.980108,1.980108,1.980108,1.980108,1.980108,1.980108,1.980108,1.980108,1.980108,1.980108,1.980108,1.980108,1.980108,1.980108,2.970162,1.980108,1.980108,1.980108,1.980108,1.980108,1.980108,1.980108,1.980108,1.980108,1.980108,1.980108,1.980108,1.980108,1.980108,1.980108,2.970162,1.980108,1.980108,1.980108,1.980108,1.980108,1.980108,1.980108,1.980108,1.980108,1.980108,1.980108,1.980108,1.980108,1.980108,1.980108,2.970162,1.980108,1.980108,1.980108,1.980108,1.980108,1.980108,1.980108,1.980108,1.980108,1.980108,1.980108,1.980108,1.980108,1.980108,1.980108,2.970162,1.980108,1.980108,1.980108,1.980108,1.980108,1.980108,1.980108,1.980108,1.980108,1.980108,1.980108,1.980108,1.980108,1.980108,2.970162,-30.397645,2.970162,2.970162,2.970162,2.970162,2.970162,2.970162,2.970162,2.970162,2.970162,2.970162,2.970162,2.970162,2.970162,2.970162,1.980108,2.970162,1.980108,1.980108,1.980108,1.980108,1.980108,1.980108,1.980108,1.980108,1.980108,1.980108,1.980108,1.980108,1.980108,1.980108,1.980108,2.970162,1.980108,1.980108,1.980108,1.980108,1.980108,1.980108,1.980108,1.980108,1.980108,1.980108,1.980108,1.980108,1.980108,1.980108,1.980108,2.970162,1.980108,1.980108,1.980108,1.980108,1.980108,1.980108,1.980108,1.980108,1.980108,1.980108,1.980108,1.980108,1.980108,1.980108
1.980108,1.980108,2.970162,1.980108,1.980108,1.980108,1.980108,1.980108,1.980108,1.980108,1.980108,1.980108,1.980108,1.980108,1.980108,1.980108,1.980108,1.980108,2.970162,1.980108,1.980108,1.980108,1.980108,1.980108,1.980108,1.980108,1.980108,1.980108,1.980108,1.980108,1.980108,1.980108,1.980108,1.980108,2.970162,1.980108,1.980108,1.980108,1.980108,1.980108,1.980108,1.980108,1.980108,1.980108,1.980108,1.980108,1.980108,1.980108,1.980108,1.980108,2.970162,1.980108,1.980108,1.980108,1.980108,1.980108,1.980108,1.980108,1.980108,1.980108,1.980108,1.980108,1.980108,1.980108,1.980108,1.980108,2.970162,1.980108,1.980108,1.980108,1.980108,1.980108,1.980108,1.980108,1.980108,1.980108,1.980108,1.980108,1.980108,1.980108,1.980108,1.980108,2.970162,1.980108,1.980108,1.980108,1.980108,1.980108,1.980108,1.980108,1.980108,1.980108,1.980108,1.980108,1.980108,1.980108,1.980108,1.980108,2.970162,1.980108,1.980108,1.980108,1.980108,1.980108,1.980108,1.980108,1.980108,1.980108,1.980108,1.980108,1.980108,1.980108,1.980108,1.980108,2.970162,1.980108,1.980108,1.980108,1.980108,1.980108,1.980108,1.980108,1.980108,1.980108,1.980108,1.980108,1.980108,1.980108,1.980108,1.980108,2.970162,1.980108,1.980108,1.980108,1.980108,1.980108,1.980108,1.980108,1.980108,1.980108,1.980108,1.980108,1.980108,1.980108,1.980108,1.980108,2.970162,1.980108,1.980108,1.980108,1.980108,1.980108,1.980108,1.980108,1.980108,1.980108,1.980108,1.980108,1.980108,1.980108,1.980108,1.980108,2.970162,1.980108,1.980108,1.980108,1.980108,1.980108,1.980108,1.980108,1.980108,1.980108,1.980108,1.980108,1.980108,1.980108,1.980108,1.980108,2.970162,1.980108,1.980108,1.980108,1.980108,1.980108,1.980108,1.980108,1.980108,1.980108,1.980108,1.980108,1.980108,1.980108,1.980108,1.980108,2.970162,1.980108,1.980108,1.980108,1.980108,1.980108,1.980108,1.980108,1.980108,1.980108,1.980108,1.980108,1.980108,1.980108,1.980108,1.980108,2.970162,1.980108,1.980108,1.980108,1.980108,1.980108,1.980108,1.980108,1.980108,1.980108,1.980108,1.980108,1.980108,1.980108,1.980108,1.980108,2.970162,1.980108,1.980108,1.980108,1.980108,1.980108,1.980108,1.980108,1.980108,1.980108,1.980108,1.980108,1.980108,1.980108,1.980108,1.980108,2.970162,1.980108,1.980108,1.980108,1.980108,1.980108,1.980108,1.980108,1.980108,1.980108,1.980108,1.980108,1.980108,1.980108,2.970162,2.970162,-30.271677,2.970162,2.970162,2.970162,2.970162,2.970162,2.970162,2.970162,2.970162,2.970162,2.970162,2.970162,2.970162,2.970162,1.980108,1.980108,2.970162,1.980108,1.980108,1.980108,1.980108,1.980108,1.980108,1.980108,1.980108,1.980108,1.980108,1.980108,1.980108,1.980108,1.980108,1.980108,2.970162,1.980108,1.980108,1.980108,1.980108,1.980108,1.980108,1.980108,1.980108,1.980108,1.980108,1.980108,1.980108,1.980108,1.980108,1.980108,2.970162,1.980108,1.980108,1.980108,1.980108,1.980108,1.980108,1.980108,1.980108,1.980108,1.980108,1.980108,1.980108,1.980108
1.980108,1.980108,1.980108,2.970162,1.980108,1.980108,1.980108,1.980108,1.980108,1.980108,1.980108,1.980108,1.980108,1.980108,1.980108,1.980108,1.980108,1.980108,1.980108,2.970162,1.980108,1.980108,1.980108,1.980108,1.980108,1.980108,1.980108,1.980108,1.980108,1.980108,1.980108,1.980108,1.980108,1.980108,1.980108,2.970162,1.980108,1.980108,1.980108,1.980108,1.980108,1.980108,1.980108,1.980108,1.980108,1.980108,1.980108,1.980108,1.980108,1.980108,1.980108,2.970162,1.980108,1.980108,1.980108,1.980108,1.980108,1.980108,1.980108,1.980108,1.980108,1.980108,1.980108,1.980108,1.980108,1.980108,1.980108,2.970162,1.980108,1.980108,1.980108,1.980108,1.980108,1.980108,1.980108,1.980108,1.980108,1.980108,1.980108,1.980108,1.980108,1.980108,1.980108,2.970162,1.980108,1.980108,1.980108,1.980108,1.980108,1.980108,1.980108,1.980108,1.980108,1.980108,1.980108,1.980108,1.980108,1.980108,1.980108,2.970162,1.980108,1.980108,1.980108,1.980108,1.980108,1.980108,1.980108,1.980108,1.980108,1.980108,1.980108,1.980108,1.980108,1.980108,1.980108,2.970162,1.980108,1.980108,1.980108,1.980108,1.980108,1.980108,1.980108,1.980108,1.980108,1.980108,1.980108,1.980108,1.980108,1.980108,1.980108,2.970162,1.980108,1.980108,1.980108,1.980108,1.980108,1.980108,1.980108,1.980108,1.980108,1.980108,1.980108,1.980108,1.980108,1.980108,1.980108,2.970162,1.980108,1.980108,1.980108,1.980108,1.980108,1.980108,1.980108,1.980108,1.980108,1.980108,1.980108,1.980108,1.980108,1.980108,1.980108,2.970162,1.980108,1.980108,1.980108,1.980108,1.980108,1.980108,1.980108,1.980108,1.980108,1.980108,1.980108,1.980108,1.980108,1.980108,1.980108,2.970162,1.980108,1.980108,1.980108,1.980108,1.980108,1.980108,1.980108,1.980108,1.980108,1.980108,1.980108,1.980108,1.980108,1.980108,1.980108,2.970162,1.980108,1.980108,1.980108,1.980108,1.980108,1.980108,1.980108,1.980108,1.980108,1.980108,1.980108,1.980108,1.980108,1.980108,1.980108,2.970162,1.980108,1.980108,1.980108,1.980108,1.980108,1.980108,1.980108,1.980108,1.980108,1.980108,1.980108,1.980108,1.980108,1.980108,1.980108,2.970162,1.980108,1.980108,1.980108,1.980108,1.980108,1.980108,1.980108,1.980108,1.980108,1.980108,1.980108,1.980108,1.980108,1.980108,1.980108,2.970162,1.980108,1.980108,1.980108,1.980108,1.980108,1.980108,1.980108,1.980108,1.980108,1.980108,1.980108,1.980108,2.970162,2.970162,2.970162,-29.798792,2.970162,2.970162,2.970162,2.970162,2.970162,2.970162,2.970162,2.970162,2.970162,2.970162,2.970162,2.970162,1.980108,1.980108,1.980108,2.970162,1.980108,1.980108,1.980108,1.980108,1.980108,1.980108,1.980108,1.980108,1.980108,1.980108,1.980108,1.980108,1.980108,1.980108,1.980108,2.970162,1.980108,1.980108,1.980108,1.980108,1.980108,1.980108,1.980108,1.980108,1.980108,1.980108,1.980108,1.980108,1.980108,1.980108,1.980108,2.970162,1.980108,1.980108,1.980108,1.980108,1.980108,1.980108,1.980108,1.980108,1.980108,1.980108,1.980108,1.980108
1.980108,1.980108,1.980108,1.980108,2.970162,1.980108,1.980108,1.980108,1.980108,1.980108,1.980108,1.980108,1.980108,1.980108,1.980108,1.980108,1.980108,1.980108,1.980108,1.980108,2.970162,1.980108,1.980108,1.980108,1.980108,1.980108,1.980108,1.980108,1.980108,1.980108,1.980108,1.980108,1.980108,1.980108,1.980108,1.980108,2.970162,1.980108,1.980108,1.980108,1.980108,1.980108,1.980108,1.980108,1.980108,1.980108,1.980108,1.980108,1.980108,1.980108,1.980108,1.980108,2.970162,1.980108,1.980108,1.980108,1.980108,1.980108,1.980108,1.980108,1.980108,1.980108,1.980108,1.980108,1.980108,1.980108,1.980108,1.980108,2.970162,1.980108,1.980108,1.980108,1.980108,1.980108,1.980108,1.980108,1.980108,1.980108,1.980108,1.980108,1.980108,1.980108,1.980108,1.980108,2.970162,1.980108,1.980108,1.980108,1.980108,1.980108,1.980108,1.980108,1.980108,1.980108,1.980108,1.980108,1.980108,1.980108,1.980108,1.980108,2.970162,1.980108,1.980108,1.980108,1.980108,1.980108,1.980108,1.980108,1.980108,1.980108,1.980108,1.980108,1.980108,1.980108,1.980108,1.980108,2.970162,1.980108,1.980108,1.980108,1.980108,1.980108,1.980108,1.980108,1.980108,1.980108,1.980108,1.980108,1.980108,1.980108,1.980108,1.980108,2.970162,1.980108,1.980108,1.980108,1.980108,1.980108,1.980108,1.980108,1.980108,1.980108,1.980108,1.980108,1.980108,1.980108,1.980108,1.980108,2.970162,1.980108,1.980108,1.980108,1.980108,1.980108,1.980108,1.980108,1.980108,1.980108,1.980108,1.980108,1.980108,1.980108,1.980108,1.980108,2.970162,1.980108,1.980108,1.980108,1.980108,1.980108,1.980108,1.980108,1.980108,1.980108,1.980108,1.980108,1.980108,1.980108,1.980108,1.980108,2.970162,1.980108,1.980108,1.980108,1.980108,1.980108,1.980108,1.980108,1.980108,1.980108,1.980108,1.980108,1.980108,1.980108,1.980108,1.980108,2.970162,1.980108,1.980108,1.980108,1.980108,1.980108,1.980108,1.980108,1.980108,1.980108,1.980108,1.980108,1.980108,1.980108,1.980108,1.980108,2.970162,1.980108,1.980108,1.980108,1.980108,1.980108,1.980108,1.980108,1.980108,1.980108,1.980108,1.980108,1.980108,1.980108,1.980108,1.980108,2.970162,1.980108,1.980108,1.980108,1.980108,1.980108,1.980108,1.980108,1.980108,1.980108,1.980108,1.980108,1.980108,1.980108,1.980108,1.980108,2.970162,1.980108,1.980108,1.980108,1.980108,1.980108,1.980108,1.980108,1.980108,1.980108,1.980108,1.980108,2.970162,2.970162,2.970162,2.970162,-30.316623,2.970162,2.970162,2.970162,2.970162,2.970162,2.970162,2.970162,2.970162,2.970162,2.970162,2.970162,1.980108,1.980108,1.980108,1.980108,2.970162,1.980108,1.980108,1.980108,1.980108,1.980108,1.980108,1.980108,1.980108,1.980108,1.980108,1.980108,1.980108,1.980108,1.980108,1.980108,2.970162,1.980108,1.980108,1.980108,1.980108,1.980108,1.980108,1.980108,1.980108,1.980108,1.980108,1.980108,1.980108,1.980108,1.980108,1.980108,2.970162,1.980108,1.980108,1.980108,1.980108,1.980108,1.980108,1.980108,1.980108,1.980108,1.980108,1.980108
1.980108,1.980108,1.980108,1.980108,1.980108,2.970162,1.980108,1.980108,1.980108,1.980108,1.980108,1.980108,1.980108,1.980108,1.980108,1.980108,1.980108,1.980108,1.980108,1.980108,1.980108,2.970162,1.980108,1.980108,1.980108,1.980108,1.980108,1.980108,1.980108,1.980108,1.980108,1.980108,1.980108,1.980108,1.980108,1.980108,1.980108,2.970162,1.980108,1.980108,1.980108,1.980108,1.980108,1.980108,1.980108,1.980108,1.980108,1.980108,1.980108,1.980108,1.980108,1.980108,1.980108,2.970162,1.980108,1.980108,1.980108,1.980108,1.980108,1.980108,1.980108,1.980108,1.980108,1.980108,1.980108,1.980108,1.980108,1.980108,1.980108,2.970162,1.980108,1.980108,1.980108,1.980108,1.980108,1.980108,1.980108,1.980108,1.980108,1.980108,1.980108,1.980108,1.980108,1.980108,1.980108,2.970162,1.980108,1.980108,1.980108,1.980108,1.980108,1.980108,1.980108,1.980108,1.980108,1.980108,1.980108,1.980108,1.980108,1.980108,1.980108,2.970162,1.980108,1.980108,1.980108,1.980108,1.980108,1.980108,1.980108,1.980108,1.980108,1.980108,1.980108,1.980108,1.980108,1.980108,1.980108,2.970162,1.980108,1.980108,1.980108,1.980108,1.980108,1.980108,1.980108,1.980108,1.980108,1.980108,1.980108,1.980108,1.980108,1.980108,1.980108,2.970162,1.980108,1.980108,1.980108,1.980108,1.980108,1.980108,1.980108,1.980108,1.980108,1.980108,1.980108,1.980108,1.980108,1.980108,1.980108,2.970162,1.980108,1.980108,1.980108,1.980108,1.980108,1.980108,1.980108,1.980108,1.980108,1.980108,1.980108,1.980108,1.980108,1.980108,1.980108,2.970162,1.980108,1.980108,1.980108,1.980108,1.980108,1.980108,1.980108,1.980108,1.980108,1.980108,1.980108,1.980108,1.980108,1.980108,1.980108,2.970162,1.980108,1.980108,1.980108,1.980108,1.980108,1.980108,1.980108,1.980108,1.980108,1.980108,1.980108,1.980108,1.980108,1.980108,1.980108,2.970162,1.980108,1.980108,1.980108,1.980108,1.980108,1.980108,1.980108,1.980108,1.980108,1.980108,1.980108,1.980108,1.980108,1.980108,1.980108,2.970162,1.980108,1.980108,1.980108,1.980108,1.980108,1.980108,1.980108,1.980108,1.980108,1.980108,1.980108,1.980108,1.980108,1.980108,1.980108,2.970162,1.980108,1.980108,1.980108,1.980108,1.980108,1.980108,1.980108,1.980108,1.980108,1.980108,1.980108,1.980108,1.980108,1.980108,1.980108,2.970162,1.980108,1.980108,1.980108,1.980108,1.980108,1.980108,1.980108,1.980108,1.980108,1.980108,2.970162,2.970162,2.970162,2.970162,2.970162,-30.691669,2.970162,2.970162,2.970162,2.970162,2.970162,2.970162,2.970162,2.970162,2.970162,2.970162,1.980108,1.980108,1.980108,1.980108,1.980108,2.970162,1.980108,1.980108,1.980108,1.980108,1.980108,1.980108,1.980108,1.980108,1.980108,1.980108,1.980108,1.980108,1.980108,1.980108,1.980108,2.970162,1.980108,1.980108,1.980108,1.980108,1.980108,1.980108,1.980108,1.980108,1.980108,1.980108,1.980108,1.980108,1.980108,1.980108,1.980108,2.970162,1.980108,1.980108,1.980108,1.980108,1.980108,1.980108,1.980108,1.980108,1.980108,1.980108
1.980108,1.980108,1.980108,1.980108,1.980108,1.980108,2.970162,1.980108,1.980108,1.980108,1.980108,1.980108,1.980108,1.980108,1.980108,1.980108,1.980108,1.980108,1.980108,1.980108,1.980108,1.980108,2.970162,1.980108,1.980108,1.980108,1.980108,1.980108,1.980108,1.980108,1.980108,1.980108,1.980108,1.980108,1.980108,1.980108,1.980108,1.980108,2.970162,1.980108,1.980108,1.980108,1.980108,1.980108,1.980108,1.980108,1.980108,1.980108,1.980108,1.980108,1.980108,1.980108,1.980108,1.980108,2.970162,1.980108,1.980108,1.980108,1.980108,1.980108,1.980108,1.980108,1.980108,1.980108,1.980108,1.980108,1.980108,1.980108,1.980108,1.980108,2.970162,1.980108,1.980108,1.980108,1.980108,1.980108,1.980108,1.980108,1.980108,1.980108,1.980108,1.980108,1.980108,1.980108,1.980108,1.980108,2.970162,1.980108,1.980108,1.980108,1.980108,1.980108,1.980108,1.980108,1.980108,1.980108,1.980108,1.980108,1.980108,1.980108,1.980108,1.980108,2.970162,1.980108,1.980108,1.980108,1.980108,1.980108,1.980108,1.980108,1.980108,1.980108,1.980108,1.980108,1.980108,1.980108,1.980108,1.980108,2.970162,1.980108,1.980108,1.980108,1.980108,1.980108,1.980108,1.980108,1.980108,1.980108,1.980108,1.980108,1.980108,1.980108,1.980108,1.980108,2.970162,1.980108,1.980108,1.980108,1.980108,1.980108,1.980108,1.980108,1.980108,1.980108,1.980108,1.980108,1.980108,1.980108,1.980108,1.980108,2.970162,1.980108,1.980108,1.980108,1.980108,1.980108,1.980108,1.980108,1.980108,1.980108,1.980108,1.980108,1.980108,1.980108,1.980108,1.980108,2.970162,1.980108,1.980108,1.980108,1.980108,1.980108,1.980108,1.980108,1.980108,1.980108,1.980108,1.980108,1.980108,1.980108,1.980108,1.980108,2.970162,1.980108,1.980108,1.980108,1.980108,1.980108,1.980108,1.980108,1.980108,1.980108,1.980108,1.980108,1.980108,1.980108,1.980108,1.980108,2.970162,1.980108,1.980108,1.980108,1.980108,1.980108,1.980108,1.980108,1.980108,1.980108,1.980108,1.980108,1.980108,1.980108,1.980108,1.980108,2.970162,1.980108,1.980108,1.980108,1.980108,1.980108,1.980108,1.980108,1.980108,1.980108,1.980108,1.980108,1.980108,1.980108,1.980108,1.980108,2.970162,1.980108,1.980108,1.980108,1.980108,1.980108,1.980108,1.980108,1.980108,1.980108,1.980108,1.980108,1.980108,1.980108,1.980108,1.980108,2.970162,1.980108,1.980108,1.980108,1.980108,1.980108,1.980108,1.980108,1.980108,1.980108,2.970162,2.970162,2.970162,2.970162,2.970162,2.970162,-29.841700,2.970162,2.970162,2.970162,2.970162,2.970162,2.970162,2.970162,2.970162,2.970162,1.980108,1.980108,1.980108,1.980108,1.980108,1.980108,2.970162,1.980108,1.980108,1.980108,1.980108,1.980108,1.980108,1.980108,1.980108,1.980108,1.980108,1.980108,1.980108,1.980108,1.980108,1.980108,2.970162,1.980108,1.980108,1.980108,1.980108,1.980108,1.980108,1.980108,1.980108,1.980108,1.980108,1.980108,1.980108,1.980108,1.980108,1.980108,2.970162,1.980108,1.980108,1.980108,1.980108,1.980108,1.980108,1.980108,1.980108,1.980108
1.980108,1.980108,1.980108,1.980108,1.980108,1.980108,1.980108,2.970162,1.980108,1.980108,1.980108,1.980108,1.980108,1.980108,1.980108,1.980108,1.980108,1.980108,1.980108,1.980108,1.980108,1.980108,1.980108,2.970162,1.980108,1.980108,1.980108,1.980108,1.980108,1.980108,1.980108,1.980108,1.980108,1.980108,1.980108,1.980108,1.980108,1.980108,1.980108,2.970162,1.980108,1.980108,1.980108,1.980108,1.980108,1.980108,1.980108,1.980108,1.980108,1.980108,1.980108,1.980108,1.980108,1.980108,1.980108,2.970162,1.980108,1.980108,1.980108,1.980108,1.980108,1.980108,1.980108,1.980108,1.980108,1.980108,1.980108,1.980108,1.980108,1.980108,1.980108,2.970162,1.980108,1.980108,1.980108,1.980108,1.980108,1.980108,1.980108,1.980108,1.980108,1.980108,1.980108,1.980108,1.980108,1.980108,1.980108,2.970162,1.980108,1.980108,1.980108,1.980108,1.980108,1.980108,1.980108,1.980108,1.980108,1.980108,1.980108,1.980108,1.980108,1.980108,1.980108,2.970162,1.980108,1.980108,1.980108,1.980108,1.980108,1.980108,1.980108,1.980108,1.980108,1.980108,1.980108,1.980108,1.980108,1.980108,1.980108,2.970162,1.980108,1.980108,1.980108,1.980108,1.980108,1.980108,1.980108,1.980108,1.980108,1.980108,1.980108,1.980108,1.980108,1.980108,1.980108,2.970162,1.980108,1.980108,1.980108,1.980108,1.980108,1.980108,1.980108,1.980108,1.980108,1.980108,1.980108,1.980108,1.980108,1.980108,1.980108,2.970162,1.980108,1.980108,1.980108,1.980108,1.980108,1.980108,1.980108,1.980108,1.980108,1.980108,1.980108,1.980108,1.980108,1.980108,1.980108,2.970162,1.980108,1.980108,1.980108,1.980108,1.980108,1.980108,1.980108,1.980108,1.980108,1.980108,1.980108,1.980108,1.980108,1.980108,1.980108,2.970162,1.980108,1.980108,1.980108,1.980108,1.980108,1.980108,1.980108,1.980108,1.980108,1.980108,1.980108,1.980108,1.980108,1.980108,1.980108,2.970162,1.980108,1.980108,1.980108,1.980108,1.980108,1.980108,1.980108,1.980108,1.980108,1.980108,1.980108,1.980108,1.980108,1.980108,1.980108,2.970162,1.980108,1.980108,1.980108,1.980108,1.980108,1.980108,1.980108,1.980108,1.980108,1.980108,1.980108,1.980108,1.980108,1.980108,1.980108,2.970162,1.980108,1.980108,1.980108,1.980108,1.980108,1.980108,1.980108,1.980108,1.980108,1.980108,1.980108,1.980108,1.980108,1.980108,1.980108,2.970162,1.980108,1.980108,1.980108,1.980108,1.980108,1.980108,1.980108,1.980108,2.970162,2.970162,2.970162,2.970162,2.970162,2.970162,2.970162,-30.219945,2.970162,2.970162,2.970162,2.970162,2.970162,2.970162,2.970162,2.970162,1.980108,1.980108,1.980108,1.980108,1.980108,1.980108,1.980108,2.970162,1.980108,1.980108,1.980108,1.980108,1.980108,1.980108,1.980108,1.980108,1.980108,1.980108,1.980108,1.980108,1.980108,1.980108,1.980108,2.970162,1.980108,1.980108,1.980108,1.980108,1.980108,1.980108,1.980108,1.980108,1.980108,1.980108,1.980108,1.980108,1.980108,1.980108,1.980108,2.970162,1.980108,1.980108,1.980108,1.980108,1.980108,1.980108,1.980108,1.980108
1.980108,1.980108,1.980108,1.980108,1.980108,1.980108,1.980108,1.980108,2.970162,1.980108,1.980108,1.980108,1.980108,1.980108,1.980108,1.980108,1.980108,1.980108,1.980108,1.980108,1.980108,1.980108,1.980108,1.980108,2.970162,1.980108,1.980108,1.980108,1.980108,1.980108,1.980108,1.980108,1.980108,1.980108,1.980108,1.980108,1.980108,1.980108,1.980108,1.980108,2.970162,1.980108,1.980108,1.980108,1.980108,1.980108,1.980108,1.980108,1.980108,1.980108,1.980108,1.980108,1.980108,1.980108,1.980108,1.980108,2.970162,1.980108,1.980108,1.980108,1.980108,1.980108,1.980108,1.980108,1.980108,1.980108,1.980108,1.980108,1.980108,1.980108,1.980108,1.980108,2.970162,1.980108,1.980108,1.980108,1.980108,1.980108,1.980108,1.980108,1.980108,1.980108,1.980108,1.980108,1.980108,1.980108,1.980108,1.980108,2.970162,1.980108,1.980108,1.980108,1.980108,1.980108,1.980108,1.980108,1.980108,1.980108,1.980108,1.980108,1.980108,1.980108,1.980108,1.980108,2.970162,1.980108,1.980108,1.980108,1.980108,1.980108,1.980108,1.980108,1.980108,1.980108,1.980108,1.980108,1.980108,1.980108,1.980108,1.980108,2.970162,1.980108,1.980108,1.980108,1.980108,1.980108,1.980108,1.980108,1.980108,1.980108,1.980108,1.980108,1.980108,1.980108,1.980108,1.980108,2.970162,1.980108,1.980108,1.980108,1.980108,1.980108,1.980108,1.980108,1.980108,1.980108,1.980108,1.980108,1.980108,1.980108,1.980108,1.980108,2.970162,1.980108,1.980108,1.980108,1.980108,1.980108,1.980108,1.980108,1.980108,1.980108,1.980108,1.980108,1.980108,1.980108,1.980108,1.980108,2.970162,1.980108,1.980108,1.980108,1.980108,1.980108,1.980108,1.980108,1.980108,1.980108,1.980108,1.980108,1.980108,1.980108,1.980108,1.980108,2.970162,1.980108,1.980108,1.980108,1.980108,1.980108,1.980108,1.980108,1.980108,1.980108,1.980108,1.980108,1.980108,1.980108,1.980108,1.980108,2.970162,1.980108,1.980108,1.980108,1.980108,1.980108,1.980108,1.980108,1.980108,1.980108,1.980108,1.980108,1.980108,1.980108,1.980108,1.980108,2.970162,1.980108,1.980108,1.980108,1.980108,1.980108,1.980108,1.980108,1.980108,1.980108,1.980108,1.980108,1.980108,1.980108,1.980108,1.980108,2.970162,1.980108,1.980108,1.980108,1.980108,1.980108,1.980108,1.980108,1.980108,1.980108,1.980108,1.980108,1.980108,1.980108,1.980108,1.980108,2.970162,1.980108,1.980108,1.980108,1.980108,1.980108,1.980108,1.980108,2.970162,2.970162,2.970162,2.970162,2.970162,2.970162,2.970162,2.970162,-30.578989,2.970162,2.970162,2.970162,2.970162,2.970162,2.970162,2.970162,1.980108,1.980108,1.980108,1.980108,1.980108,1.980108,1.980108,1.980108,2.970162,1.980108,1.980108,1.980108,1.980108,1.980108,1.980108,1.980108,1.980108,1.980108,1.980108,1.980108,1.980108,1.980108,1.980108,1.980108,2.970162,1.980108,1.980108,1.980108,1.980108,1.980108,1.980108,1.980108,1.980108,1.980108,1.980108,1.980108,1.980108,1.980108,1.980108,1.980108,2.970162,1.980108,1.980108,1.980108,1.980108,1.980108,1.980108,1.980108
1.980108,1.980108,1.980108,1.980108,1.980108,1.980108,1.980108,1.980108,1.980108,2.970162,1.980108,1.980108,1.980108,1.980108,1.980108,1.980108,1.980108,1.980108,1.980108,1.980108,1.980108,1.980108,1.980108,1.980108,1.980108,2.970162,1.980108,1.980108,1.980108,1.980108,1.980108,1.980108,1.980108,1.980108,1.980108,1.980108,1.980108,1.980108,1.980108,1.980108,1.980108,2.970162,1.980108,1.980108,1.980108,1.980108,1.980108,1.980108,1.980108,1.980108,1.980108,1.980108,1.980108,1.980108,1.980108,1.980108,1.980108,2.970162,1.980108,1.980108,1.980108,1.980108,1.980108,1.980108,1.980108,1.980108,1.980108,1.980108,1.980108,1.980108,1.980108,1.980108,1.980108,2.970162,1.980108,1.980108,1.980108,1.980108,1.980108,1.980108,1.980108,1.980108,1.980108,1.980108,1.980108,1.980108,1.980108,1.980108,1.980108,2.970162,1.980108,1.980108,1.980108,1.980108,1.980108,1.980108,1.980108,1.980108,1.980108,1.980108,1.980108,1.980108,1.980108,1.980108,1.980108,2.970162,1.980108,1.980108,1.980108,1.980108,1.980108,1.980108,1.980108,1.980108,1.980108,1.980108,1.980108,1.980108,1.980108,1.980108,1.980108,2.970162,1.980108,1.980108,1.980108,1.980108,1.980108,1.980108,1.980108,1.980108,1.980108,1.980108,1.980108,1.980108,1.980108,1.980108,1.980108,2.970162,1.980108,1.980108,1.980108,1.980108,1.980108,1.980108,1.980108,1.980108,1.980108,1.980108,1.980108,1.980108,1.980108,1.980108,1.980108,2.970162,1.980108,1.980108,1.980108,1.980108,1.980108,1.980108,1.980108,1.980108,1.980108,1.980108,1.980108,1.980108,1.980108,1.980108,1.980108,2.970162,1.980108,1.980108,1.980108,1.980108,1.980108,1.980108,1.980108,1.980108,1.980108,1.980108,1.980108,1.980108,1.980108,1.980108,1.980108,2.970162,1.980108,1.980108,1.980108,1.980108,1.980108,1.980108,1.980108,1.980108,1.980108,1.980108,1.980108,1.980108,1.980108,1.980108,1.980108,2.970162,1.980108,1.980108,1.980108,1.980108,1.980108,1.980108,1.980108,1.980108,1.980108,1.980108,1.980108,1.980108,1.980108,1.980108,1.980108,2.970162,1.980108,1.980108,1.980108,1.980108,1.980108,1.980108,1.980108,1.980108,1.980108,1.980108,1.980108,1.980108,1.980108,1.980108,1.980108,2.970162,1.980108,1.980108,1.980108,1.980108,1.980108,1.980108,1.980108,1.980108,1.980108,1.980108,1.980108,1.980108,1.980108,1.980108,1.980108,2.970162,1.980108,1.980108,1.980108,1.980108,1.980108,1.980108,2.970162,2.970162,2.970162,2.970162,2.970162,2.970162,2.970162,2.970162,2.970162,-30.442384,2.970162,2.970162,2.970162,2.970162,2.970162,2.970162,1.980108,1.980108,1.980108,1.980108,1.980108,1.980108,1.980108,1.980108,1.980108,2.970162,1.980108,1.980108,1.980108,1.980108,1.980108,1.980108,1.980108,1.980108,1.980108,1.980108,1.980108,1.980108,1.980108,1.980108,1.980108,2.970162,1.980108,1.980108,1.980108,1.980108,1.980108,1.980108,1.980108,1.980108,1.980108,1.980108,1.980108,1.980108,1.980108,1.980108,1.980108,2.970162,1.980108,1.980108,1.980108,1.980108,1.980108,1.980108
1.980108,1.980108,1.980108,1.980108,1.980108,1.980108,1.980108,1.980108,1.980108,1.980108,2.970162,1.980108,1.980108,1.980108,1.980108,1.980108,1.980108,1.980108,1.980108,1.980108,1.980108,1.980108,1.980108,1.980108,1.980108,1.980108,2.970162,1.980108,1.980108,1.980108,1.980108,1.980108,1.980108,1.980108,1.980108,1.980108,1.980108,1.980108,1.980108,1.980108,1.980108,1.980108,2.970162,1.980108,1.980108,1.980108,1.980108,1.980108,1.980108,1.980108,1.980108,1.980108,1.980108,1.980108,1.980108,1.980108,1.980108,1.980108,2.970162,1.980108,1.980108,1.980108,1.980108,1.980108,1.980108,1.980108,1.980108,1.980108,1.980108,1.980108,1.980108,1.980108,1.980108,1.980108,2.970162,1.980108,1.980108,1.980108,1.980108,1.980108,1.980108,1.980108,1.980108,1.980108,1.980108,1.980108,1.980108,1.980108,1.980108,1.980108,2.970162,1.980108,1.980108,1.980108,1.980108,1.980108,1.980108,1.980108,1.980108,1.980108,1.980108,1.980108,1.980108,1.980108,1.980108,1.980108,2.970162,1.980108,1.980108,1.980108,1.980108,1.980108,1.980108,1.980108,1.980108,1.980108,1.980108,1.980108,1.980108,1.980108,1.980108,1.980108,2.970162,1.980108,1.980108,1.980108,1.980108,1.980108,1.980108,1.980108,1.980108,1.980108,1.980108,1.980108,1.980108,1.980108,1.980108,1.980108,2.970162,1.980108,1.980108,1.980108,1.980108,1.980108,1.980108,1.980108,1.980108,1.980108,1.980108,1.980108,1.980108,1.980108,1.980108,1.980108,2.970162,1.980108,1.980108,1.980108,1.980108,1.980108,1.980108,1.980108,1.980108,1.980108,1.980108,1.980108,1.980108,1.980108,1.980108,1.980108,2.970162,1.980108,1.980108,1.980108,1.980108,1.980108,1.980108,1.980108,1.980108,1.980108,1.980108,1.980108,1.980108,1.980108,1.980108,1.980108,2.970162,1.980108,1.980108,1.980108,1.980108,1.980108,1.980108,1.980108,1.980108,1.980108,1.980108,1.980108,1.980108,1.980108,1.980108,1.980108,2.970162,1.980108,1.980108,1.980108,1.980108,1.980108,1.980108,1.980108,1.980108,1.980108,1.980108,1.980108,1.980108,1.980108,1.980108,1.980108,2.970162,1.980108,1.980108,1.980108,1.980108,1.980108,1.980108,1.980108,1.980108,1.980108,1.980108,1.980108,1.980108,1.980108,1.980108,1.980108,2.970162,1.980108,1.980108,1.980108,1.980108,1.980108,1.980108,1.980108,1.980108,1.980108,1.980108,1.980108,1.980108,1.980108,1.980108,1.980108,2.970162,1.980108,1.980108,1.980108,1.980108,1.980108,2.970162,2.970162,2.970162,2.970162,2.970162,2.970162,2.970162,2.970162,2.970162,2.970162,-30.398631,2.970162,2.970162,2.970162,2.970162,2.970162,1.980108,1.980108,1.980108,1.980108,1.980108,1.980108,1.980108,1.980108,1.980108,1.980108,2.970162,1.980108,1.980108,1.980108,1.980108,1.980108,1.980108,1.980108,1.980108,1.980108,1.980108,1.980108,1.980108,1.980108,1.980108,1.980108,2.970162,1.980108,1.980108,1.980108,1.980108,1.980108,1.980108,1.980108,1.980108,1.980108,1.980108,1.980108,1.980108,1.980108,1.980108,1.980108,2.970162,1.980108,1.980108,1.980108,1.980108,1.980108
1.980108,1.980108,1.980108,1.980108,1.980108,1.980108,1.980108,1.980108,1.980108,1.980108,1.980108,2.970162,1.980108,1.980108,1.980108,1.980108,1.980108,1.980108,1.980108,1.980108,1.980108,1.980108,1.980108,1.980108,1.980108,1.980108,1.980108,2.970162,1.980108,1.980108,1.980108,1.980108,1.980108,1.980108,1.980108,1.980108,1.980108,1.980108,1.980108,1.980108,1.980108,1.980108,1.980108,2.970162,1.980108,1.980108,1.980108,1.980108,1.980108,1.980108,1.980108,1.980108,1.980108,1.980108,1.980108,1.980108,1.980108,1.980108,1.980108,2.970162,1.980108,1.980108,1.980108,1.980108,1.980108,1.980108,1.980108,1.980108,1.980108,1.980108,1.980108,1.980108,1.980108,1.980108,1.980108,2.970162,1.980108,1.980108,1.980108,1.980108,1.980108,1.980108,1.980108,1.980108,1.980108,1.980108,1.980108,1.980108,1.980108,1.980108,1.980108,2.970162,1.980108,1.980108,1.980108,1.980108,1.980108,1.980108,1.980108,1.980108,1.980108,1.980108,1.980108,1.980108,1.980108,1.980108,1.980108,2.970162,1.980108,1.980108,1.980108,1.980108,1.980108,1.980108,1.980108,1.980108,1.980108,1.980108,1.980108,1.980108,1.980108,1.980108,1.980108,2.970162,1.980108,1.980108,1.980108,1.980108,1.980108,1.980108,1.980108,1.980108,1.980108,1.980108,1.980108,1.980108,1.980108,1.980108,1.980108,2.970162,1.980108,1.980108,1.980108,1.980108,1.980108,1.980108,1.980108,1.980108,1.980108,1.980108,1.980108,1.980108,1.980108,1.980108,1.980108,2.970162,1.980108,1.980108,1.980108,1.980108,1.980108,1.980108,1.980108,1.980108,1.980108,1.980108,1.980108,1.980108,1.980108,1.980108,1.980108,2.970162,1.980108,1.980108,1.980108,1.980108,1.980108,1.980108,1.980108,1.980108,1.980108,1.980108,1.980108,1.980108,1.980108,1.980108,1.980108,2.970162,1.980108,1.980108,1.980108,1.980108,1.980108,1.980108,1.980108,1.980108,1.980108,1.980108,1.980108,1.980108,1.980108,1.980108,1.980108,2.970162,1.980108,1.980108,1.980108,1.980108,1.980108,1.980108,1.980108,1.980108,1.980108,1.980108,1.980108,1.980108,1.980108,1.980108,1.980108,2.970162,1.980108,1.980108,1.980108,1.980108,1.980108,1.980108,1.980108,1.980108,1.980108,1.980108,1.980108,1.980108,1.980108,1.980108,1.980108,2.970162,1.980108,1.980108,1.980108,1.980108,1.980108,1.980108,1.980108,1.980108,1.980108,1.980108,1.980108,1.980108,1.980108,1.980108,1.980108,2.970162,1.980108,1.980108,1.980108,1.980108,2.970162,2.970162,2.970162,2.970162,2.970162,2.970162,2.970162,2.970162,2.970162,2.970162,2.970162,-30.404100,2.970162,2.970162,2.970162,2.970162,1.980108,1.980108,1.980108,1.980108,1.980108,1.980108,1.980108,1.980108,1.980108,1.980108,1.980108,2.970162,1.980108,1.980108,1.980108,1.980108,1.980108,1.980108,1.980108,1.980108,1.980108,1.980108,1.980108,1.980108,1.980108,1.980108,1.980108,2.970162,1.980108,1.980108,1.980108,1.980108,1.980108,1.980108,1.980108,1.980108,1.980108,1.980108,1.980108,1.980108,1.980108,1.980108,1.980108,2.970162,1.980108,1.980108,1.980108,1.980108
1.980108,1.980108,1.980108,1.980108,1.980108,1.980108,1.980108,1.980108,1.980108,1.980108,1.980108,1.980108,2.970162,1.980108,1.980108,1.980108,1.980108,1.980108,1.980108,1.980108,1.980108,1.980108,1.980108,1.980108,1.980108,1.980108,1.980108,1.980108,2.970162,1.980108,1.980108,1.980108,1.980108,1.980108,1.980108,1.980108,1.980108,1.980108,1.980108,1.980108,1.980108,1.980108,1.980108,1.980108,2.970162,1.980108,1.980108,1.980108,1.980108,1.980108,1.980108,1.980108,1.980108,1.980108,1.980108,1.980108,1.980108,1.980108,1.980108,1.980108,2.970162,1.980108,1.980108,1.980108,1.980108,1.980108,1.980108,1.980108,1.980108,1.980108,1.980108,1.980108,1.980108,1.980108,1.980108,1.980108,2.970162,1.980108,1.980108,1.980108,1.980108,1.980108,1.980108,1.980108,1.980108,1.980108,1.980108,1.980108,1.980108,1.980108,1.980108,1.980108,2.970162,1.980108,1.980108,1.980108,1.980108,1.980108,1.980108,1.980108,1.980108,1.980108,1.980108,1.980108,1.980108,1.980108,1.980108,1.980108,2.970162,1.980108,1.980108,1.980108,1.980108,1.980108,1.980108,1.980108,1.980108,1.980108,1.980108,1.980108,1.980108,1.980108,1.980108,1.980108,2.970162,1.980108,1.980108,1.980108,1.980108,1.980108,1.980108,1.980108,1.980108,1.980108,1.980108,1.980108,1.980108,1.980108,1.980108,1.980108,2.970162,1.980108,1.980108,1.980108,1.980108,1.980108,1.980108,1.980108,1.980108,1.980108,1.980108,1.980108,1.980108,1.980108,1.980108,1.980108,2.970162,1.980108,1.980108,1.980108,1.980108,1.980108,1.980108,1.980108,1.980108,1.980108,1.980108,1.980108,1.980108,1.980108,1.980108,1.980108,2.970162,1.980108,1.980108,1.980108,1.980108,1.980108,1.980108,1.980108,1.980108,1.980108,1.980108,1.980108,1.980108,1.980108,1.980108,1.980108,2.970162,1.980108,1.980108,1.980108,1.980108,1.980108,1.980108,1.980108,1.980108,1.980108,1.980108,1.980108,1.980108,1.980108,1.980108,1.980108,2.970162,1.980108,1.980108,1.980108,1.980108,1.980108,1.980108,1.980108,1.980108,1.980108,1.980108,1.980108,1.980108,1.980108,1.980108,1.980108,2.970162,1.980108,1.980108,1.980108,1.980108,1.980108,1.980108,1.980108,1.980108,1.980108,1.980108,1.980108,1.980108,1.980108,1.980108,1.980108,2.970162,1.980108,1.980108,1.980108,1.980108,1.980108,1.980108,1.980108,1.980108,1.980108,1.980108,1.980108,1.980108,1.980108,1.980108,1.980108,2.970162,1.980108,1.980108,1.980108,2.970162,2.970162,2.970162,2.970162,2.970162,2.970162,2.970162,2.970162,2.970162,2.970162,2.970162,2.970162,-30.061107,2.970162,2.970162,2.970162,1.980108,1.980108,1.980108,1.980108,1.980108,1.980108,1.980108,1.980108,1.980108,1.980108,1.980108,1.980108,2.970162,1.980108,1.980108,1.980108,1.980108,1.980108,1.980108,1.980108,1.980108,1.980108,1.980108,1.980108,1.980108,1.980108,1.980108,1.980108,2.970162,1.980108,1.980108,1.980108,1.980108,1.980108,1.980108,1.980108,1.980108,1.980108,1.980108,1.980108,1.980108,1.980108,1.980108,1.980108,2.970162,1.980108,1.980108,1.980108
1.980108,1.980108,1.980108,1.980108,1.980108,1.980108,1.980108,1.980108,1.980108,1.980108,1.980108,1.980108,1.980108,2.970162,1.980108,1.980108,1.980108,1.980108,1.980108,1.980108,1.980108,1.980108,1.980108,1.980108,1.980108,1.980108,1.980108,1.980108,1.980108,2.970162,1.980108,1.980108,1.980108,1.980108,1.980108,1.980108,1.980108,1.980108,1.980108,1.980108,1.980108,1.980108,1.980108,1.980108,1.980108,2.970162,1.980108,1.980108,1.980108,1.980108,1.980108,1.980108,1.980108,1.980108,1.980108,1.980108,1.980108,1.980108,1.980108,1.980108,1.980108,2.970162,1.980108,1.980108,1.980108,1.980108,1.980108,1.980108,1.980108,1.980108,1.980108,1.980108,1.980108,1.980108,1.980108,1.980108,1.980108,2.970162,1.980108,1.980108,1.980108,1.980108,1.980108,1.980108,1.980108,1.980108,1.980108,1.980108,1.980108,1.980108,1.980108,1.980108,1.980108,2.970162,1.980108,1.980108,1.980108,1.980108,1.980108,1.980108,1.980108,1.980108,1.980108,1.980108,1.980108,1.980108,1.980108,1.980108,1.980108,2.970162,1.980108,1.980108,1.980108,1.980108,1.980108,1.980108,1.980108,1.980108,1.980108,1.980108,1.980108,1.980108,1.980108,1.980108,1.980108,2.970162,1.980108,1.980108,1.980108,1.980108,1.980108,1.980108,1.980108,1.980108,1.980108,1.980108,1.980108,1.980108,1.980108,1.980108,1.980108,2.970162,1.980108,1.980108,1.980108,1.980108,1.980108,1.980108,1.980108,1.980108,1.980108,1.980108,1.980108,1.980108,1.980108,1.980108,1.980108,2.970162,1.980108,1.980108,1.980108,1.980108,1.980108,1.980108,1.980108,1.980108,1.980108,1.980108,1.980108,1.980108,1.980108,1.980108,1.980108,2.970162,1.980108,1.980108,1.980108,1.980108,1.980108,1.980108,1.980108,1.980108,1.980108,1.980108,1.980108,1.980108,1.980108,1.980108,1.980108,2.970162,1.980108,1.980108,1.980108,1.980108,1.980108,1.980108,1.980108,1.980108,1.980108,1.980108,1.980108,1.980108,1.980108,1.980108,1.980108,2.970162,1.980108,1.980108,1.980108,1.980108,1.980108,1.980108,1.980108,1.980108,1.980108,1.980108,1.980108,1.980108,1.980108,1.980108,1.980108,2.970162,1.980108,1.980108,1.980108,1.980108,1.980108,1.980108,1.980108,1.980108,1.980108,1.980108,1.980108,1.980108,1.980108,1.980108,1.980108,2.970162,1.980108,1.980108,1.980108,1.980108,1.980108,1.980108,1.980108,1.980108,1.980108,1.980108,1.980108,1.980108,1.980108,1.980108,1.980108,2.970162,1.980108,1.980108,2.970162,2.970162,2.970162,2.970162,2.970162,2.970162,2.970162,2.970162,2.970162,2.970162,2.970162,2.970162,2.970162,-29.995207,2.970162,2.970162,1.980108,1.980108,1.980108,1.980108,1.980108,1.980108,1.980108,1.980108,1.980108,1.980108,1.980108,1.980108,1.980108,2.970162,1.980108,1.980108,1.980108,1.980108,1.980108,1.980108,1.980108,1.980108,1.980108,1.980108,1.980108,1.980108,1.980108,1.980108,1.980108,2.970162,1.980108,1.980108,1.980108,1.980108,1.980108,1.980108,1.980108,1.980108,1.980108,1.980108,1.980108,1.980108,1.980108,1.980108,1.980108,2.970162,1.980108,1.980108
1.980108,1.980108,1.980108,1.980108,1.980108,1.980108,1.980108,1.980108,1.980108,1.980108,1.980108,1.980108,1.980108,1.980108,2.970162,1.980108,1.980108,1.980108,1.980108,1.980108,1.980108,1.980108,1.980108,1.980108,1.980108,1.980108,1.980108,1.980108,1.980108,1.980108,2.970162,1.980108,1.980108,1.980108,1.980108,1.980108,1.980108,1.980108,1.980108,1.980108,1.980108,1.980108,1.980108,1.980108,1.980108,1.980108,2.970162,1.980108,1.980108,1.980108,1.980108,1.980108,1.980108,1.980108,1.980108,1.980108,1.980108,1.980108,1.980108,1.980108,1.980108,1.980108,2.970162,1.980108,1.980108,1.980108,1.980108,1.980108,1.980108,1.980108,1.980108,1.980108,1.980108,1.980108,1.980108,1.980108,1.980108,1.980108,2.970162,1.980108,1.980108,1.980108,1.980108,1.980108,1.980108,1.980108,1.980108,1.980108,1.980108,1.980108,1.980108,1.980108,1.980108,1.980108,2.970162,1.980108,1.980108,1.980108,1.980108,1.980108,1.980108,1.980108,1.980108,1.980108,1.980108,1.980108,1.980108,1.980108,1.980108,1.980108,2.970162,1.980108,1.980108,1.980108,1.980108,1.980108,1.980108,1.980108,1.980108,1.980108,1.980108,1.980108,1.980108,1.980108,1.980108,1.980108,2.970162,1.980108,1.980108,1.980108,1.980108,1.980108,1.980108,1.980108,1.980108,1.980108,1.980108,1.980108,1.980108,1.980108,1.980108,1.980108,2.970162,1.980108,1.980108,1.980108,1.980108,1.980108,1.980108,1.980108,1.980108,1.980108,1.980108,1.980108,1.980108,1.980108,1.980108,1.980108,2.970162,1.980108,1.980108,1.980108,1.980108,1.980108,1.980108,1.980108,1.980108,1.980108,1.980108,1.980108,1.980108,1.980108,1.980108,1.980108,2.970162,1.980108,1.980108,1.980108,1.980108,1.980108,1.980108,1.980108,1.980108,1.980108,1.980108,1.980108,1.980108,1.980108,1.980108,1.980108,2.970162,1.980108,1.980108,1.980108,1.980108,1.980108,1.980108,1.980108,1.980108,1.980108,1.980108,1.980108,1.980108,1.980108,1.980108,1.980108,2.970162,1.980108,1.980108,1.980108,1.980108,1.980108,1.980108,1.980108,1.980108,1.980108,1.980108,1.980108,1.980108,1.980108,1.980108,1.980108,2.970162,1.980108,1.980108,1.980108,1.980108,1.980108,1.980108,1.980108,1.980108,1.980108,1.980108,1.980108,1.980108,1.980108,1.980108,1.980108,2.970162,1.980108,1.980108,1.980108,1.980108,1.980108,1.980108,1.980108,1.980108,1.980108,1.980108,1.980108,1.980108,1.980108,1.980108,1.980108,2.970162,1.980108,2.970162,2.970162,2.970162,2.970162,2.970162,2.970162,2.970162,2.970162,2.970162,2.970162,2.970162,2.970162,2.970162,2.970162,-30.510977,2.970162,1.980108,1.980108,1.980108,1.980108,1.980108,1.980108,1.980108,1.980108,1.980108,1.980108,1.980108,1.980108,1.980108,1.980108,2.970162,1.980108,1.980108,1.980108,1.980108,1.980108,1.980108,1.980108,1.980108,1.980108,1.980108,1.980108,1.980108,1.980108,1.980108,1.980108,2.970162,1.980108,1.980108,1.980108,1.980108,1.980108,1.980108,1.980108,1.980108,1.980108,1.980108,1.980108,1.980108,1.980108,1.980108,1.980108,2.970162,1.980108
1.980108,1.980108,1.980108,1.980108,1.980108,1.980108,1.980108,1.980108,1.980108,1.980108,1.980108,1.980108,1.980108,1.980108,1.980108,2.970162,1.980108,1.980108,1.980108,1.980108,1.980108,1.980108,1.980108,1.980108,1.980108,1.980108,1.980108,1.980108,1.980108,1.980108,1.980108,2.970162,1.980108,1.980108,1.980108,1.980108,1.980108,1.980108,1.980108,1.980108,1.980108,1.980108,1.980108,1.980108,1.980108,1.980108,1.980108,2.970162,1.980108,1.980108,1.980108,1.980108,1.980108,1.980108,1.980108,1.980108,1.980108,1.980108,1.980108,1.980108,1.980108,1.980108,1.980108,2.970162,1.980108,1.980108,1.980108,1.980108,1.980108,1.980108,1.980108,1.980108,1.980108,1.980108,1.980108,1.980108,1.980108,1.980108,1.980108,2.970162,1.980108,1.980108,1.980108,1.980108,1.980108,1.980108,1.980108,1.980108,1.980108,1.980108,1.980108,1.980108,1.980108,1.980108,1.980108,2.970162,1.980108,1.980108,1.980108,1.980108,1.980108,1.980108,1.980108,1.980108,1.980108,1.980108,1.980108,1.980108,1.980108,1.980108,1.980108,2.970162,1.980108,1.980108,1.980108,1.980108,1.980108,1.980108,1.980108,1.980108,1.980108,1.980108,1.980108,1.980108,1.980108,1.980108,1.980108,2.970162,1.980108,1.980108,1.980108,1.980108,1.980108,1.980108,1.980108,1.980108,1.980108,1.980108,1.980108,1.980108,1.980108,1.980108,1.980108,2.970162,1.980108,1.980108,1.980108,1.980108,1.980108,1.980108,1.980108,1.980108,1.980108,1.980108,1.980108,1.980108,1.980108,1.980108,1.980108,2.970162,1.980108,1.980108,1.980108,1.980108,1.980108,1.980108,1.980108,1.980108,1.980108,1.980108,1.980108,1.980108,1.980108,1.980108,1.980108,2.970162,1.980108,1.980108,1.980108,1.980108,1.980108,1.980108,1.980108,1.980108,1.980108,1.980108,1.980108,1.980108,1.980108,1.980108,1.980108,2.970162,1.980108,1.980108,1.980108,1.980108,1.980108,1.980108,1.980108,1.980108,1.980108,1.980108,1.980108,1.980108,1.980108,1.980108,1.980108,2.970162,1.980108,1.980108,1.980108,1.980108,1.980108,1.980108,1.980108,1.980108,1.980108,1.980108,1.980108,1.980108,1.980108,1.980108,1.980108,2.970162,1.980108,1.980108,1.980108,1.980108,1.980108,1.980108,1.980108,1.980108,1.980108,1.980108,1.980108,1.980108,1.980108,1.980108,1.980108,2.970162,1.980108,1.980108,1.980108,1.980108,1.980108,1.980108,1.980108,1.980108,1.980108,1.980108,1.980108,1.980108,1.980108,1.980108,1.980108,2.970162,2.970162,2.970162,2.970162,2.970162,2.970162,2.970162,2.970162,2.970162,2.970162,2.970162,2.970162,2.970162,2.970162,2.970162,2.970162,-30.511729,1.980108,1.980108,1.980108,1.980108,1.980108,1.980108,1.980108,1.980108,1.980108,1.980108,1.980108,1.980108,1.980108,1.980108,1.980108,2.970162,1.980108,1.980108,1.980108,1.980108,1.980108,1.980108,1.980108,1.980108,1.980108,1.980108,1.980108,1.980108,1.980108,1.980108,1.980108,2.970162,1.980108,1.980108,1.980108,1.980108,1.980108,1.980108,1.980108,1.980108,1.980108,1.980108,1.980108,1.980108,1.980108,1.980108,1.980108,2.970162
2.970162,1.980108,1.980108,1.980108,1.980108,1.980108,1.980108,1.980108,1.980108,1.980108,1.980108,1.980108,1.980108,1.980108,1.980108,1.980108,2.970162,1.980108,1.980108,1.980108,1.980108,1.980108,1.980108,1.980108,1.980108,1.980108,1.980108,1.980108,1.980108,1.980108,1.980108,1.980108,2.970162,1.980108,1.980108,1.980108,1.980108,1.980108,1.980108,1.980108,1.980108,1.980108,1.980108,1.980108,1.980108,1.980108,1.980108,1.980108,2.970162,1.980108,1.980108,1.980108,1.980108,1.980108,1.980108,1.980108,1.980108,1.980108,1.980108,1.980108,1.980108,1.980108,1.980108,1.980108,2.970162,1.980108,1.980108,1.980108,1.980108,1.980108,1.980108,1.980108,1.980108,1.980108,1.980108,1.980108,1.980108,1.980108,1.980108,1.980108,2.970162,1.980108,1.980108,1.980108,1.980108,1.980108,1.980108,1.980108,1.980108,1.980108,1.980108,1.980108,1.980108,1.980108,1.980108,1.980108,2.970162,1.980108,1.980108,1.980108,1.980108,1.980108,1.980108,1.980108,1.980108,1.980108,1.980108,1.980108,1.980108,1.980108,1.980108,1.980108,2.970162,1.980108,1.980108,1.980108,1.980108,1.980108,1.980108,1.980108,1.980108,1.980108,1.980108,1.980108,1.980108,1.980108,1.980108,1.980108,2.970162,1.980108,1.980108,1.980108,1.980108,1.980108,1.980108,1.980108,1.980108,1.980108,1.980108,1.980108,1.980108,1.980108,1.980108,1.980108,2.970162,1.980108,1.980108,1.980108,1.980108,1.980108,1.980108,1.980108,1.980108,1.980108,1.980108,1.980108,1.980108,1.980108,1.980108,1.980108,2.970162,1.980108,1.980108,1.980108,1.980108,1.980108,1.980108,1.980108,1.980108,1.980108,1.980108,1.980108,1.980108,1.980108,1.980108,1.980108,2.970162,1.980108,1.980108,1.980108,1.980108,1.980108,1.980108,1.980108,1.980108,1.980108,1.980108,1.980108,1.980108,1.980108,1.980108,1.980108,2.970162,1.980108,1.980108,1.980108,1.980108,1.980108,1.980108,1.980108,1.980108,1.980108,1.980108,1.980108,1.980108,1.980108,1.980108,1.980108,2.970162,1.980108,1.980108,1.980108,1.980108,1.980108,1.980108,1.980108,1.980108,1.980108,1.980108,1.980108,1.980108,1.980108,1.980108,1.980108,2.970162,1.980108,1.980108,1.980108,1.980108,1.980108,1.980108,1.980108,1.980108,1.980108,1.980108,1.980108,1.980108,1.980108,1.980108,1.980108,2.970162,1.980108,1.980108,1.980108,1.980108,1.980108,1.980108,1.980108,1.980108,1.980108,1.980108,1.980108,1.980108,1.980108,1.980108,1.980108,2.970162,1.980108,1.980108,1.980108,1.980108,1.980108,1.980108,1.980108,1.980108,1.980108,1.980108,1.980108,1.980108,1.980108,1.980108,1.980108,-30.568688,2.970162,2.970162,2.970162,2.970162,2.970162,2.970162,2.970162,2.970162,2.970162,2.970162,2.970162,2.970162,2.970162,2.970162,2.970162,2.970162,1.980108,1.980108,1.980108,1.980108,1.980108,1.980108,1.980108,1.980108,1.980108,1.980108,1.980108,1.980108,1.980108,1.980108,1.980108,2.970162,1.980108,1.980108,1.980108,1.980108,1.980108,1.980108,1.980108,1.980108,1.980108,1.980108,1.980108,1.980108,1.980108,1.980108,1.980108
1.980108,2.970162,1.980108,1.980108,1.980108,1.980108,1.980108,1.980108,1.980108,1.980108,1.980108,1.980108,1.980108,1.980108,1.980108,1.980108,1.980108,2.970162,1.980108,1.980108,1.980108,1.980108,1.980108,1.980108,1.980108,1.980108,1.980108,1.980108,1.980108,1.980108,1.980108,1.980108,1.980108,2.970162,1.980108,1.980108,1.980108,1.980108,1.980108,1.980108,1.980108,1.980108,1.980108,1.980108,1.980108,1.980108,1.980108,1.980108,1.980108,2.970162,1.980108,1.980108,1.980108,1.980108,1.980108,1.980108,1.980108,1.980108,1.980108,1.980108,1.980108,1.980108,1.980108,1.980108,1.980108,2.970162,1.980108,1.980108,1.980108,1.980108,1.980108,1.980108,1.980108,1.980108,1.980108,1.980108,1.980108,1.980108,1.980108,1.980108,1.980108,2.970162,1.980108,1.980108,1.980108,1.980108,1.980108,1.980108,1.980108,1.980108,1.980108,1.980108,1.980108,1.980108,1.980108,1.980108,1.980108,2.970162,1.980108,1.980108,1.980108,1.980108,1.980108,1.980108,1.980108,1.980108,1.980108,1.980108,1.980108,1.980108,1.980108,1.980108,1.980108,2.970162,1.980108,1.980108,1.980108,1.980108,1.980108,1.980108,1.980108,1.980108,1.980108,1.980108,1.980108,1.980108,1.980108,1.980108,1.980108,2.970162,1.980108,1.980108,1.980108,1.980108,1.980108,1.980108,1.980108,1.980108,1.980108,1.980108,1.980108,1.980108,1.980108,1.980108,1.980108,2.970162,1.980108,1.980108,1.980108,1.980108,1.980108,1.980108,1.980108,1.980108,1.980108,1.980108,1.980108,1.980108,1.980108,1.980108,1.980108,2.970162,1.980108,1.980108,1.980108,1.980108,1.980108,1.980108,1.980108,1.980108,1.980108,1.980108,1.980108,1.980108,1.980108,1.980108,1.980108,2.970162,1.980108,1.980108,1.980108,1.980108,1.980108,1.980108,1.980108,1.980108,1.980108,1.980108,1.980108,1.980108,1.980108,1.980108,1.980108,2.970162,1.980108,1.980108,1.980108,1.980108,1.980108,1.980108,1.980108,1.980108,1.980108,1.980108,1.980108,1.980108,1.980108,1.980108,1.980108,2.970162,1.980108,1.980108,1.980108,1.980108,1.980108,1.980108,1.980108,1.980108,1.980108,1.980108,1.980108,1.980108,1.980108,1.980108,1.980108,2.970162,1.980108,1.980108,1.980108,1.980108,1.980108,1.980108,1.980108,1.980108,1.980108,1.980108,1.980108,1.980108,1.980108,1.980108,1.980108,2.970162,1.980108,1.980108,1.980108,1.980108,1.980108,1.980108,1.980108,1.980108,1.980108,1.980108,1.980108,1.980108,1.980108,1.980108,1.980108,2.970162,1.980108,1.980108,1.980108,1.980108,1.980108,1.980108,1.980108,1.980108,1.980108,1.980108,1.980108,1.980108,1.980108,1.980108,2.970162,-30.614856,2.970162,2.970162,2.970162,2.970162,2.970162,2.970162,2.970162,2.970162,2.970162,2.970162,2.970162,2.970162,2.970162,2.970162,1.980108,2.970162,1.980108,1.980108,1.980108,1.980108,1.980108,1.980108,1.980108,1.980108,1.980108,1.980108,1.980108,1.980108,1.980108,1.980108,1.980108,2.970162,1.980108,1.980108,1.980108,1.980108,1.980108,1.980108,1.980108,1.980108,1.980108,1.980108,1.980108,1.980108,1.980108,1.980108
1.980108,1.980108,2.970162,1.980108,1.980108,1.980108,1.980108,1.980108,1.980108,1.980108,1.980108,1.980108,1.980108,1.980108,1.980108,1.980108,1.980108,1.980108,2.970162,1.980108,1.980108,1.980108,1.980108,1.980108,1.980108,1.980108,1.980108,1.980108,1.980108,1.980108,1.980108,1.980108,1.980108,1.980108,2.970162,1.980108,1.980108,1.980108,1.980108,1.980108,1.980108,1.980108,1.980108,1.980108,1.980108,1.980108,1.980108,1.980108,1.980108,1.980108,2.970162,1.980108,1.980108,1.980108,1.980108,1.980108,1.980108,1.980108,1.980108,1.980108,1.980108,1.980108,1.980108,1.980108,1.980108,1.980108,2.970162,1.980108,1.980108,1.980108,1.980108,1.980108,1.980108,1.980108,1.980108,1.980108,1.980108,1.980108,1.980108,1.980108,1.980108,1.980108,2.970162,1.980108,1.980108,1.980108,1.980108,1.980108,1.980108,1.980108,1.980108,1.980108,1.980108,1.980108,1.980108,1.980108,1.980108,1.980108,2.970162,1.980108,1.980108,1.980108,1.980108,1.980108,1.980108,1.980108,1.980108,1.980108,1.980108,1.980108,1.980108,1.980108,1.980108,1.980108,2.970162,1.980108,1.980108,1.980108,1.980108,1.980108,1.980108,1.980108,1.980108,1.980108,1.980108,1.980108,1.980108,1.980108,1.980108,1.980108,2.970162,1.980108,1.980108,1.980108,1.980108,1.980108,1.980108,1.980108,1.980108,1.980108,1.980108,1.980108,1.980108,1.980108,1.980108,1.980108,2.970162,1.980108,1.980108,1.980108,1.980108,1.980108,1.980108,1.980108,1.980108,1.980108,1.980108,1.980108,1.980108,1.980108,1.980108,1.980108,2.970162,1.980108,1.980108,1.980108,1.980108,1.980108,1.980108,1.980108,1.980108,1.980108,1.980108,1.980108,1.980108,1.980108,1.980108,1.980108,2.970162,1.980108,1.980108,1.980108,1.980108,1.980108,1.980108,1.980108,1.980108,1.980108,1.980108,1.980108,1.980108,1.980108,1.980108,1.980108,2.970162,1.980108,1.980108,1.980108,1.980108,1.980108,1.980108,1.980108,1.980108,1.980108,1.980108,1.980108,1.980108,1.980108,1.980108,1.980108,2.970162,1.980108,1.980108,1.980108,1.980108,1.980108,1.980108,1.980108,1.980108,1.980108,1.980108,1.980108,1.980108,1.980108,1.980108,1.980108,2.970162,1.980108,1.980108,1.980108,1.980108,1.980108,1.980108,1.980108,1.980108,1.980108,1.980108,1.980108,1.980108,1.980108,1.980108,1.980108,2.970162,1.980108,1.980108,1.980108,1.980108,1.980108,1.980108,1.980108,1.980108,1.980108,1.980108,1.980108,1.980108,1.980108,1.980108,1.980108,2.970162,1.980108,1.980108,1.980108,1.980108,1.980108,1.980108,1.980108,1.980108,1.980108,1.980108,1.980108,1.980108,1.980108,2.970162,2.970162,-30.212958,2.970162,2.970162,2.970162,2.970162,2.970162,2.970162,2.970162,2.970162,2.970162,2.970162,2.970162,2.970162,2.970162,1.980108,1.980108,2.970162,1.980108,1.980108,1.980108,1.980108,1.980108,1.980108,1.980108,1.980108,1.980108,1.980108,1.980108,1.980108,1.980108,1.980108,1.980108,2.970162,1.980108,1.980108,1.980108,1.980108,1.980108,1.980108,1.980108,1.980108,1.980108,1.980108,1.980108,1.980108,1.980108
1.980108,1.980108,1.980108,2.970162,1.980108,1.980108,1.980108,1.980108,1.980108,1.980108,1.980108,1.980108,1.980108,1.980108,1.980108,1.980108,1.980108,1.980108,1.980108,2.970162,1.980108,1.980108,1.980108,1.980108,1.980108,1.980108,1.980108,1.980108,1.980108,1.980108,1.980108,1.980108,1.980108,1.980108,1.980108,2.970162,1.980108,1.980108,1.980108,1.980108,1.980108,1.980108,1.980108,1.980108,1.980108,1.980108,1.980108,1.980108,1.980108,1.980108,1.980108,2.970162,1.980108,1.980108,1.980108,1.980108,1.980108,1.980108,1.980108,1.980108,1.980108,1.980108,1.980108,1.980108,1.980108,1.980108,1.980108,2.970162,1.980108,1.980108,1.980108,1.980108,1.980108,1.980108,1.980108,1.980108,1.980108,1.980108,1.980108,1.980108,1.980108,1.980108,1.980108,2.970162,1.980108,1.980108,1.980108,1.980108,1.980108,1.980108,1.980108,1.980108,1.980108,1.980108,1.980108,1.980108,1.980108,1.980108,1.980108,2.970162,1.980108,1.980108,1.980108,1.980108,1.980108,1.980108,1.980108,1.980108,1.980108,1.980108,1.980108,1.980108,1.980108,1.980108,1.980108,2.970162,1.980108,1.980108,1.980108,1.980108,1.980108,1.980108,1.980108,1.980108,1.980108,1.980108,1.980108,1.980108,1.980108,1.980108,1.980108,2.970162,1.980108,1.980108,1.980108,1.980108,1.980108,1.980108,1.980108,1.980108,1.980108,1.980108,1.980108,1.980108,1.980108,1.980108,1.980108,2.970162,1.980108,1.980108,1.980108,1.980108,1.980108,1.980108,1.980108,1.980108,1.980108,1.980108,1.980108,1.980108,1.980108,1.980108,1.980108,2.970162,1.980108,1.980108,1.980108,1.980108,1.980108,1.980108,1.980108,1.980108,1.980108,1.980108,1.980108,1.980108,1.980108,1.980108,1.980108,2.970162,1.980108,1.980108,1.980108,1.980108,1.980108,1.980108,1.980108,1.980108,1.980108,1.980108,1.980108,1.980108,1.980108,1.980108,1.980108,2.970162,1.980108,1.980108,1.980108,1.980108,1.980108,1.980108,1.980108,1.980108,1.980108,1.980108,1.980108,1.980108,1.980108,1.980108,1.980108,2.970162,1.980108,1.980108,1.980108,1.980108,1.980108,1.980108,1.980108,1.980108,1.980108,1.980108,1.980108,1.980108,1.980108,1.980108,1.980108,2.970162,1.980108,1.980108,1.980108,1.980108,1.980108,1.980108,1.980108,1.980108,1.980108,1.980108,1.980108,1.980108,1.980108,1.980108,1.980108,2.970162,1.980108,1.980108,1.980108,1.980108,1.980108,1.980108,1.980108,1.980108,1.980108,1.980108,1.980108,1.980108,1.980108,1.980108,1.980108,2.970162,1.980108,1.980108,1.980108,1.980108,1.980108,1.980108,1.980108,1.980108,1.980108,1.980108,1.980108,1.980108,2.970162,2.970162,2.970162,-30.203132,2.970162,2.970162,2.970162,2.970162,2.970162,2.970162,2.970162,2.970162,2.970162,2.970162,2.970162,2.970162,1.980108,1.980108,1.980108,2.970162,1.980108,1.980108,1.980108,1.980108,1.980108,1.980108,1.980108,1.980108,1.980108,1.980108,1.980108,1.980108,1.980108,1.980108,1.980108,2.970162,1.980108,1.980108,1.980108,1.980108,1.980108,1.980108,1.980108,1.980108,1.980108,1.980108,1.980108,1.980108
1.980108,1.980108,1.980108,1.980108,2.970162,1.980108,1.980108,1.980108,1.980108,1.980108,1.980108,1.980108,1.980108,1.980108,1.980108,1.980108,1.980108,1.980108,1.980108,1.980108,2.970162,1.980108,1.980108,1.980108,1.980108,1.980108,1.980108,1.980108,1.980108,1.980108,1.980108,1.980108,1.980108,1.980108,1.980108,1.980108,2.970162,1.980108,1.980108,1.980108,1.980108,1.980108,1.980108,1.980108,1.980108,1.980108,1.980108,1.980108,1.980108,1.980108,1.980108,1.980108,2.970162,1.980108,1.980108,1.980108,1.980108,1.980108,1.980108,1.980108,1.980108,1.980108,1.980108,1.980108,1.980108,1.980108,1.980108,1.980108,2.970162,1.980108,1.980108,1.980108,1.980108,1.980108,1.980108,1.980108,1.980108,1.980108,1.980108,1.980108,1.980108,1.980108,1.980108,1.980108,2.970162,1.980108,1.980108,1.980108,1.980108,1.980108,1.980108,1.980108,1.980108,1.980108,1.980108,1.980108,1.980108,1.980108,1.980108,1.980108,2.970162,1.980108,1.980108,1.980108,1.980108,1.980108,1.980108,1.980108,1.980108,1.980108,1.980108,1.980108,1.980108,1.980108,1.980108,1.980108,2.970162,1.980108,1.980108,1.980108,1.980108,1.980108,1.980108,1.980108,1.980108,1.980108,1.980108,1.980108,1.980108,1.980108,1.980108,1.980108,2.970162,1.980108,1.980108,1.980108,1.980108,1.980108,1.980108,1.980108,1.980108,1.980108,1.980108,1.980108,1.980108,1.980108,1.980108,1.980108,2.970162,1.980108,1.980108,1.980108,1.980108,1.980108,1.980108,1.980108,1.980108,1.980108,1.980108,1.980108,1.980108,1.980108,1.980108,1.980108,2.970162,1.980108,1.980108,1.980108,1.980108,1.980108,1.980108,1.980108,1.980108,1.980108,1.980108,1.980108,1.980108,1.980108,1.980108,1.980108,2.970162,1.980108,1.980108,1.980108,1.980108,1.980108,1.980108,1.980108,1.980108,1.980108,1.980108,1.980108,1.980108,1.980108,1.980108,1.980108,2.970162,1.980108,1.980108,1.980108,1.980108,1.980108,1.980108,1.980108,1.980108,1.980108,1.980108,1.980108,1.980108,1.980108,1.980108,1.980108,2.970162,1.980108,1.980108,1.980108,1.980108,1.980108,1.980108,1.980108,1.980108,1.980108,1.980108,1.980108,1.980108,1.980108,1.980108,1.980108,2.970162,1.980108,1.980108,1.980108,1.980108,1.980108,1.980108,1.980108,1.980108,1.980108,1.980108,1.980108,1.980108,1.980108,1.980108,1.980108,2.970162,1.980108,1.980108,1.980108,1.980108,1.980108,1.980108,1.980108,1.980108,1.980108,1.980108,1.980108,1.980108,1.980108,1.980108,1.980108,2.970162,1.980108,1.980108,1.980108,1.980108,1.980108,1.980108,1.980108,1.980108,1.980108,1.980108,1.980108,2.970162,2.970162,2.970162,2.970162,-30.499911,2.970162,2.970162,2.970162,2.970162,2.970162,2.970162,2.970162,2.970162,2.970162,2.970162,2.970162,1.980108,1.980108,1.980108,1.980108,2.970162,1.980108,1.980108,1.980108,1.980108,1.980108,1.980108,1.980108,1.980108,1.980108,1.980108,1.980108,1.980108,1.980108,1.980108,1.980108,2.970162,1.980108,1.980108,1.980108,1.980108,1.980108,1.980108,1.980108,1.980108,1.980108,1.980108,1.980108
1.980108,1.980108,1.980108,1.980108,1.980108,2.970162,1.980108,1.980108,1.980108,1.980108,1.980108,1.980108,1.980108,1.980108,1.980108,1.980108,1.980108,1.980108,1.980108,1.980108,1.980108,2.970162,1.980108,1.980108,1.980108,1.980108,1.980108,1.980108,1.980108,1.980108,1.980108,1.980108,1.980108,1.980108,1.980108,1.980108,1.980108,2.970162,1.980108,1.980108,1.980108,1.980108,1.980108,1.980108,1.980108,1.980108,1.980108,1.980108,1.980108,1.980108,1.980108,1.980108,1.980108,2.970162,1.980108,1.980108,1.980108,1.980108,1.980108,1.980108,1.980108,1.980108,1.980108,1.980108,1.980108,1.980108,1.980108,1.980108,1.980108,2.970162,1.980108,1.980108,1.980108,1.980108,1.980108,1.980108,1.980108,1.980108,1.980108,1.980108,1.980108,1.980108,1.980108,1.980108,1.980108,2.970162,1.980108,1.980108,1.980108,1.980108,1.980108,1.980108,1.980108,1.980108,1.980108,1.980108,1.980108,1.980108,1.980108,1.980108,1.980108,2.970162,1.980108,1.980108,1.980108,1.980108,1.980108,1.980108,1.980108,1.980108,1.980108,1.980108,1.980108,1.980108,1.980108,1.980108,1.980108,2.970162,1.980108,1.980108,1.980108,1.980108,1.980108,1.980108,1.980108,1.980108,1.980108,1.980108,1.980108,1.980108,1.980108,1.980108,1.980108,2.970162,1.980108,1.980108,1.980108,1.980108,1.980108,1.980108,1.980108,1.980108,1.980108,1.980108,1.980108,1.980108,1.980108,1.980108,1.980108,2.970162,1.980108,1.980108,1.980108,1.980108,1.980108,1.980108,1.980108,1.980108,1.980108,1.980108,1.980108,1.980108,1.980108,1.980108,1.980108,2.970162,1.980108,1.980108,1.980108,1.980108,1.980108,1.980108,1.980108,1.980108,1.980108,1.980108,1.980108,1.980108,1.980108,1.980108,1.980108,2.970162,1.980108,1.980108,1.980108,1.980108,1.980108,1.980108,1.980108,1.980108,1.980108,1.980108,1.980108,1.980108,1.980108,1.980108,1.980108,2.970162,1.980108,1.980108,1.980108,1.980108,1.980108,1.980108,1.980108,1.980108,1.980108,1.980108,1.980108,1.980108,1.980108,1.980108,1.980108,2.970162,1.980108,1.980108,1.980108,1.980108,1.980108,1.980108,1.980108,1.980108,1.980108,1.980108,1.980108,1.980108,1.980108,1.980108,1.980108,2.970162,1.980108,1.980108,1.980108,1.980108,1.980108,1.980108,1.980108,1.980108,1.980108,1.980108,1.980108,1.980108,1.980108,1.980108,1.980108,2.970162,1.980108,1.980108,1.980108,1.980108,1.980108,1.980108,1.980108,1.980108,1.980108,1.980108,1.980108,1.980108,1.980108,1.980108,1.980108,2.970162,1.980108,1.980108,1.980108,1.980108,1.980108,1.980108,1.980108,1.980108,1.980108,1.980108,2.970162,2.970162,2.970162,2.970162,2.970162,-30.351579,2.970162,2.970162,2.970162,2.970162,2.970162,2.970162,2.970162,2.970162,2.970162,2.970162,1.980108,1.980108,1.980108,1.980108,1.980108,2.970162,1.980108,1.980108,1.980108,1.980108,1.980108,1.980108,1.980108,1.980108,1.980108,1.980108,1.980108,1.980108,1.980108,1.980108,1.980108,2.970162,1.980108,1.980108,1.980108,1.980108,1.980108,1.980108,1.980108,1.980108,1.980108,1.980108
1.980108,1.980108,1.980108,1.980108,1.980108,1.980108,2.970162,1.980108,1.980108,1.980108,1.980108,1.980108,1.980108,1.980108,1.980108,1.980108,1.980108,1.980108,1.980108,1.980108,1.980108,1.980108,2.970162,1.980108,1.980108,1.980108,1.980108,1.980108,1.980108,1.980108,1.980108,1.980108,1.980108,1.980108,1.980108,1.980108,1.980108,1.980108,2.970162,1.980108,1.980108,1.980108,1.980108,1.980108,1.980108,1.980108,1.980108,1.980108,1.980108,1.980108,1.980108,1.980108,1.980108,1.980108,2.970162,1.980108,1.980108,1.980108,1.980108,1.980108,1.980108,1.980108,1.980108,1.980108,1.980108,1.980108,1.980108,1.980108,1.980108,1.980108,2.970162,1.980108,1.980108,1.980108,1.980108,1.980108,1.980108,1.980108,1.980108,1.980108,1.980108,1.980108,1.980108,1.980108,1.980108,1.980108,2.970162,1.980108,1.980108,1.980108,1.980108,1.980108,1.980108,1.980108,1.980108,1.980108,1.980108,1.980108,1.980108,1.980108,1.980108,1.980108,2.970162,1.980108,1.980108,1.980108,1.980108,1.980108,1.980108,1.980108,1.980108,1.980108,1.980108,1.980108,1.980108,1.980108,1.980108,1.980108,2.970162,1.980108,1.980108,1.980108,1.980108,1.980108,1.980108,1.980108,1.980108,1.980108,1.980108,1.980108,1.980108,1.980108,1.980108,1.980108,2.970162,1.980108,1.980108,1.980108,1.980108,1.980108,1.980108,1.980108,1.980108,1.980108,1.980108,1.980108,1.980108,1.980108,1.980108,1.980108,2.970162,1.980108,1.980108,1.980108,1.980108,1.980108,1.980108,1.980108,1.980108,1.980108,1.980108,1.980108,1.980108,1.980108,1.980108,1.980108,2.970162,1.980108,1.980108,1.980108,1.980108,1.980108,1.980108,1.980108,1.980108,1.980108,1.980108,1.980108,1.980108,1.980108,1.980108,1.980108,2.970162,1.980108,1.980108,1.980108,1.980108,1.980108,1.980108,1.980108,1.980108,1.980108,1.980108,1.980108,1.980108,1.980108,1.980108,1.980108,2.970162,1.980108,1.980108,1.980108,1.980108,1.980108,1.980108,1.980108,1.980108,1.980108,1.980108,1.980108,1.980108,1.980108,1.980108,1.980108,2.970162,1.980108,1.980108,1.980108,1.980108,1.980108,1.980108,1.980108,1.980108,1.980108,1.980108,1.980108,1.980108,1.980108,1.980108,1.980108,2.970162,1.980108,1.980108,1.980108,1.980108,1.980108,1.980108,1.980108,1.980108,1.980108,1.980108,1.980108,1.980108,1.980108,1.980108,1.980108,2.970162,1.980108,1.980108,1.980108,1.980108,1.980108,1.980108,1.980108,1.980108,1.980108,1.980108,1.980108,1.980108,1.980108,1.980108,1.980108,2.970162,1.980108,1.980108,1.980108,1.980108,1.980108,1.980108,1.980108,1.980108,1.980108,2.970162,2.970162,2.970162,2.970162,2.970162,2.970162,-30.403582,2.970162,2.970162,2.970162,2.970162,2.970162,2.970162,2.970162,2.970162,2.970162,1.980108,1.980108,1.980108,1.980108,1.980108,1.980108,2.970162,1.980108,1.980108,1.980108,1.980108,1.980108,1.980108,1.980108,1.980108,1.980108,1.980108,1.980108,1.980108,1.980108,1.980108,1.980108,2.970162,1.980108,1.980108,1.980108,1.980108,1.980108,1.980108,1.980108,1.980108,1.980108
1.980108,1.980108,1.980108,1.980108,1.980108,1.980108,1.980108,2.970162,1.980108,1.980108,1.980108,1.980108,1.980108,1.980108,1.980108,1.980108,1.980108,1.980108,1.980108,1.980108,1.980108,1.980108,1.980108,2.970162,1.980108,1.980108,1.980108,1.980108,1.980108,1.980108,1.980108,1.980108,1.980108,1.980108,1.980108,1.980108,1.980108,1.980108,1.980108,2.970162,1.980108,1.980108,1.980108,1.980108,1.980108,1.980108,1.980108,1.980108,1.980108,1.980108,1.980108,1.980108,1.980108,1.980108,1.980108,2.970162,1.980108,1.980108,1.980108,1.980108,1.980108,1.980108,1.980108,1.980108,1.980108,1.980108,1.980108,1.980108,1.980108,1.980108,1.980108,2.970162,1.980108,1.980108,1.980108,1.980108,1.980108,1.980108,1.980108,1.980108,1.980108,1.980108,1.980108,1.980108,1.980108,1.980108,1.980108,2.970162,1.980108,1.980108,1.980108,1.980108,1.980108,1.980108,1.980108,1.980108,1.980108,1.980108,1.980108,1.980108,1.980108,1.980108,1.980108,2.970162,1.980108,1.980108,1.980108,1.980108,1.980108,1.980108,1.980108,1.980108,1.980108,1.980108,1.980108,1.980108,1.980108,1.980108,1.980108,2.970162,1.980108,1.980108,1.980108,1.980108,1.980108,1.980108,1.980108,1.980108,1.980108,1.980108,1.980108,1.980108,1.980108,1.980108,1.980108,2.970162,1.980108,1.980108,1.980108,1.980108,1.980108,1.980108,1.980108,1.980108,1.980108,1.980108,1.980108,1.980108,1.980108,1.980108,1.980108,2.970162,1.980108,1.980108,1.980108,1.980108,1.980108,1.980108,1.980108,1.980108,1.980108,1.980108,1.980108,1.980108,1.980108,1.980108,1.980108,2.970162,1.980108,1.980108,1.980108,1.980108,1.980108,1.980108,1.980108,1.980108,1.980108,1.980108,1.980108,1.980108,1.980108,1.980108,1.980108,2.970162,1.980108,1.980108,1.980108,1.980108,1.980108,1.980108,1.980108,1.980108,1.980108,1.980108,1.980108,1.980108,1.980108,1.980108,1.980108,2.970162,1.980108,1.980108,1.980108,1.980108,1.980108,1.980108,1.980108,1.980108,1.980108,1.980108,1.980108,1.980108,1.980108,1.980108,1.980108,2.970162,1.980108,1.980108,1.980108,1.980108,1.980108,1.980108,1.980108,1.980108,1.980108,1.980108,1.980108,1.980108,1.980108,1.980108,1.980108,2.970162,1.980108,1.980108,1.980108,1.980108,1.980108,1.980108,1.980108,1.980108,1.980108,1.980108,1.980108,1.980108,1.980108,1.980108,1.980108,2.970162,1.980108,1.980108,1.980108,1.980108,1.980108,1.980108,1.980108,1.980108,1.980108,1.980108,1.980108,1.980108,1.980108,1.980108,1.980108,2.970162,1.980108,1.980108,1.980108,1.980108,1.980108,1.980108,1.980108,1.980108,2.970162,2.970162,2.970162,2.970162,2.970162,2.970162,2.970162,-30.497408,2.970162,2.970162,2.970162,2.970162,2.970162,2.970162,2.970162,2.970162,1.980108,1.980108,1.980108,1.980108,1.980108,1.980108,1.980108,2.970162,1.980108,1.980108,1.980108,1.980108,1.980108,1.980108,1.980108,1.980108,1.980108,1.980108,1.980108,1.980108,1.980108,1.980108,1.980108,2.970162,1.980108,1.980108,1.980108,1.980108,1.980108,1.980108,1.980108,1.980108
1.980108,1.980108,1.980108,1.980108,1.980108,1.980108,1.980108,1.980108,2.970162,1.980108,1.980108,1.980108,1.980108,1.980108,1.980108,1.980108,1.980108,1.980108,1.980108,1.980108,1.980108,1.980108,1.980108,1.980108,2.970162,1.980108,1.980108,1.980108,1.980108,1.980108,1.980108,1.980108,1.980108,1.980108,1.980108,1.980108,1.980108,1.980108,1.980108,1.980108,2.970162,1.980108,1.980108,1.980108,1.980108,1.980108,1.980108,1.980108,1.980108,1.980108,1.980108,1.980108,1.980108,1.980108,1.980108,1.980108,2.970162,1.980108,1.980108,1.980108,1.980108,1.980108,1.980108,1.980108,1.980108,1.980108,1.980108,1.980108,1.980108,1.980108,1.980108,1.980108,2.970162,1.980108,1.980108,1.980108,1.980108,1.980108,1.980108,1.980108,1.980108,1.980108,1.980108,1.980108,1.980108,1.980108,1.980108,1.980108,2.970162,1.980108,1.980108,1.980108,1.980108,1.980108,1.980108,1.980108,1.980108,1.980108,1.980108,1.980108,1.980108,1.980108,1.980108,1.980108,2.970162,1.980108,1.980108,1.980108,1.980108,1.980108,1.980108,1.980108,1.980108,1.980108,1.980108,1.980108,1.980108,1.980108,1.980108,1.980108,2.970162,1.980108,1.980108,1.980108,1.980108,1.980108,1.980108,1.980108,1.980108,1.980108,1.980108,1.980108,1.980108,1.980108,1.980108,1.980108,2.970162,1.980108,1.980108,1.980108,1.980108,1.980108,1.980108,1.980108,1.980108,1.980108,1.980108,1.980108,1.980108,1.980108,1.980108,1.980108,2.970162,1.980108,1.980108,1.980108,1.980108,1.980108,1.980108,1.980108,1.980108,1.980108,1.980108,1.980108,1.980108,1.980108,1.980108,1.980108,2.970162,1.980108,1.980108,1.980108,1.980108,1.980108,1.980108,1.980108,1.980108,1.980108,1.980108,1.980108,1.980108,1.980108,1.980108,1.980108,2.970162,1.980108,1.980108,1.980108,1.980108,1.980108,1.980108,1.980108,1.980108,1.980108,1.980108,1.980108,1.980108,1.980108,1.980108,1.980108,2.970162,1.980108,1.980108,1.980108,1.980108,1.980108,1.980108,1.980108,1.980108,1.980108,1.980108,1.980108,1.980108,1.980108,1.980108,1.980108,2.970162,1.980108,1.980108,1.980108,1.980108,1.980108,1.980108,1.980108,1.980108,1.980108,1.980108,1.980108,1.980108,1.980108,1.980108,1.980108,2.970162,1.980108,1.980108,1.980108,1.980108,1.980108,1.980108,1.980108,1.980108,1.980108,1.980108,1.980108,1.980108,1.980108,1.980108,1.980108,2.970162,1.980108,1.980108,1.980108,1.980108,1.980108,1.980108,1.980108,1.980108,1.980108,1.980108,1.980108,1.980108,1.980108,1.980108,1.980108,2.970162,1.980108,1.980108,1.980108,1.980108,1.980108,1.980108,1.980108,2.970162,2.970162,2.970162,2.970162,2.970162,2.970162,2.970162,2.970162,-30.591621,2.970162,2.970162,2.970162,2.970162,2.970162,2.970162,2.970162,1.980108,1.980108,1.980108,1.980108,1.980108,1.980108,1.980108,1.980108,2.970162,1.980108,1.980108,1.980108,1.980108,1.980108,1.980108,1.980108,1.980108,1.980108,1.980108,1.980108,1.980108,1.980108,1.980108,1.980108,2.970162,1.980108,1.980108,1.980108,1.980108,1.980108,1.980108,1.980108
1.980108,1.980108,1.980108,1.980108,1.980108,1.980108,1.980108,1.980108,1.980108,2.970162,1.980108,1.980108,1.980108,1.980108,1.980108,1.980108,1.980108,1.980108,1.980108,1.980108,1.980108,1.980108,1.980108,1.980108,1.980108,2.970162,1.980108,1.980108,1.980108,1.980108,1.980108,1.980108,1.980108,1.980108,1.980108,1.980108,1.980108,1.980108,1.980108,1.980108,1.980108,2.970162,1.980108,1.980108,1.980108,1.980108,1.980108,1.980108,1.980108,1.980108,1.980108,1.980108,1.980108,1.980108,1.980108,1.980108,1.980108,2.970162,1.980108,1.980108,1.980108,1.980108,1.980108,1.980108,1.980108,1.980108,1.980108,1.980108,1.980108,1.980108,1.980108,1.980108,1.980108,2.970162,1.980108,1.980108,1.980108,1.980108,1.980108,1.980108,1.980108,1.980108,1.980108,1.980108,1.980108,1.980108,1.980108,1.980108,1.980108,2.970162,1.980108,1.980108,1.980108,1.980108,1.980108,1.980108,1.980108,1.980108,1.980108,1.980108,1.980108,1.980108,1.980108,1.980108,1.980108,2.970162,1.980108,1.980108,1.980108,1.980108,1.980108,1.980108,1.980108,1.980108,1.980108,1.980108,1.980108,1.980108,1.980108,1.980108,1.980108,2.970162,1.980108,1.980108,1.980108,1.980108,1.980108,1.980108,1.980108,1.980108,1.980108,1.980108,1.980108,1.980108,1.980108,1.980108,1.980108,2.970162,1.980108,1.980108,1.980108,1.980108,1.980108,1.980108,1.980108,1.980108,1.980108,1.980108,1.980108,1.980108,1.980108,1.980108,1.980108,2.970162,1.980108,1.980108,1.980108,1.980108,1.980108,1.980108,1.980108,1.980108,1.980108,1.980108,1.980108,1.980108,1.980108,1.980108,1.980108,2.970162,1.980108,1.980108,1.980108,1.980108,1.980108,1.980108,1.980108,1.980108,1.980108,1.980108,1.980108,1.980108,1.980108,1.980108,1.980108,2.970162,1.980108,1.980108,1.980108,1.980108,1.980108,1.980108,1.980108,1.980108,1.980108,1.980108,1.980108,1.980108,1.980108,1.980108,1.980108,2.970162,1.980108,1.980108,1.980108,1.980108,1.980108,1.980108,1.980108,1.980108,1.980108,1.980108,1.980108,1.980108,1.980108,1.980108,1.980108,2.970162,1.980108,1.980108,1.980108,1.980108,1.980108,1.980108,1.980108,1.980108,1.980108,1.980108,1.980108,1.980108,1.980108,1.980108,1.980108,2.970162,1.980108,1.980108,1.980108,1.980108,1.980108,1.980108,1.980108,1.980108,1.980108,1.980108,1.980108,1.980108,1.980108,1.980108,1.980108,2.970162,1.980108,1.980108,1.980108,1.980108,1.980108,1.980108,1.980108,1.980108,1.980108,1.980108,1.980108,1.980108,1.980108,1.980108,1.980108,2.970162,1.980108,1.980108,1.980108,1.980108,1.980108,1.980108,2.970162,2.970162,2.970162,2.970162,2.970162,2.970162,2.970162,2.970162,2.970162,-30.039611,2.970162,2.970162,2.970162,2.970162,2.970162,2.970162,1.980108,1.980108,1.980108,1.980108,1.980108,1.980108,1.980108,1.980108,1.980108,2.970162,1.980108,1.980108,1.980108,1.980108,1.980108,1.980108,1.980108,1.980108,1.980108,1.980108,1.980108,1.980108,1.980108,1.980108,1.980108,2.970162,1.980108,1.980108,1.980108,1.980108,1.980108,1.980108
1.980108,1.980108,1.980108,1.980108,1.980108,1.980108,1.980108,1.980108,1.980108,1.980108,2.970162,1.980108,1.980108,1.980108,1.980108,1.980108,1.980108,1.980108,1.980108,1.980108,1.980108,1.980108,1.980108,1.980108,1.980108,1.980108,2.970162,1.980108,1.980108,1.980108,1.980108,1.980108,1.980108,1.980108,1.980108,1.980108,1.980108,1.980108,1.980108,1.980108,1.980108,1.980108,2.970162,1.980108,1.980108,1.980108,1.980108,1.980108,1.980108,1.980108,1.980108,1.980108,1.980108,1.980108,1.980108,1.980108,1.980108,1.980108,2.970162,1.980108,1.980108,1.980108,1.980108,1.980108,1.980108,1.980108,1.980108,1.980108,1.980108,1.980108,1.980108,1.980108,1.980108,1.980108,2.970162,1.980108,1.980108,1.980108,1.980108,1.980108,1.980108,1.980108,1.980108,1.980108,1.980108,1.980108,1.980108,1.980108,1.980108,1.980108,2.970162,1.980108,1.980108,1.980108,1.980108,1.980108,1.980108,1.980108,1.980108,1.980108,1.980108,1.980108,1.980108,1.980108,1.980108,1.980108,2.970162,1.980108,1.980108,1.980108,1.980108,1.980108,1.980108,1.980108,1.980108,1.980108,1.980108,1.980108,1.980108,1.980108,1.980108,1.980108,2.970162,1.980108,1.980108,1.980108,1.980108,1.980108,1.980108,1.980108,1.980108,1.980108,1.980108,1.980108,1.980108,1.980108,1.980108,1.980108,2.970162,1.980108,1.980108,1.980108,1.980108,1.980108,1.980108,1.980108,1.980108,1.980108,1.980108,1.980108,1.980108,1.980108,1.980108,1.980108,2.970162,1.980108,1.980108,1.980108,1.980108,1.980108,1.980108,1.980108,1.980108,1.980108,1.980108,1.980108,1.980108,1.980108,1.980108,1.980108,2.970162,1.980108,1.980108,1.980108,1.980108,1.980108,1.980108,1.980108,1.980108,1.980108,1.980108,1.980108,1.980108,1.980108,1.980108,1.980108,2.970162,1.980108,1.980108,1.980108,1.980108,1.980108,1.980108,1.980108,1.980108,1.980108,1.980108,1.980108,1.980108,1.980108,1.980108,1.980108,2.970162,1.980108,1.980108,1.980108,1.980108,1.980108,1.980108,1.980108,1.980108,1.980108,1.980108,1.980108,1.980108,1.980108,1.980108,1.980108,2.970162,1.980108,1.980108,1.980108,1.980108,1.980108,1.980108,1.980108,1.980108,1.980108,1.980108,1.980108,1.980108,1.980108,1.980108,1.980108,2.970162,1.980108,1.980108,1.980108,1.980108,1.980108,1.980108,1.980108,1.980108,1.980108,1.980108,1.980108,1.980108,1.980108,1.980108,1.980108,2.970162,1.980108,1.980108,1.980108,1.980108,1.980108,1.980108,1.980108,1.980108,1.980108,1.980108,1.980108,1.980108,1.980108,1.980108,1.980108,2.970162,1.980108,1.980108,1.980108,1.980108,1.980108,2.970162,2.970162,2.970162,2.970162,2.970162,2.970162,2.970162,2.970162,2.970162,2.970162,-30.077198,2.970162,2.970162,2.970162,2.970162,2.970162,1.980108,1.980108,1.980108,1.980108,1.980108,1.980108,1.980108,1.980108,1.980108,1.980108,2.970162,1.980108,1.980108,1.980108,1.980108,1.980108,1.980108,1.980108,1.980108,1.980108,1.980108,1.980108,1.980108,1.980108,1.980108,1.980108,2.970162,1.980108,1.980108,1.980108,1.980108,1.980108
1.980108,1.980108,1.980108,1.980108,1.980108,1.980108,1.980108,1.980108,1.980108,1.980108,1.980108,2.970162,1.980108,1.980108,1.980108,1.980108,1.980108,1.980108,1.980108,1.980108,1.980108,1.980108,1.980108,1.980108,1.980108,1.980108,1.980108,2.970162,1.980108,1.980108,1.980108,1.980108,1.980108,1.980108,1.980108,1.980108,1.980108,1.980108,1.980108,1.980108,1.980108,1.980108,1.980108,2.970162,1.980108,1.980108,1.980108,1.980108,1.980108,1.980108,1.980108,1.980108,1.980108,1.980108,1.980108,1.980108,1.980108,1.980108,1.980108,2.970162,1.980108,1.980108,1.980108,1.980108,1.980108,1.980108,1.980108,1.980108,1.980108,1.980108,1.980108,1.980108,1.980108,1.980108,1.980108,2.970162,1.980108,1.980108,1.980108,1.980108,1.980108,1.980108,1.980108,1.980108,1.980108,1.980108,1.980108,1.980108,1.980108,1.980108,1.980108,2.970162,1.980108,1.980108,1.980108,1.980108,1.980108,1.980108,1.980108,1.980108,1.980108,1.980108,1.980108,1.980108,1.980108,1.980108,1.980108,2.970162,1.980108,1.980108,1.980108,1.980108,1.980108,1.980108,1.980108,1.980108,1.980108,1.980108,1.980108,1.980108,1.980108,1.980108,1.980108,2.970162,1.980108,1.980108,1.980108,1.980108,1.980108,1.980108,1.980108,1.980108,1.980108,1.980108,1.980108,1.980108,1.980108,1.980108,1.980108,2.970162,1.980108,1.980108,1.980108,1.980108,1.980108,1.980108,1.980108,1.980108,1.980108,1.980108,1.980108,1.980108,1.980108,1.980108,1.980108,2.970162,1.980108,1.980108,1.980108,1.980108,1.980108,1.980108,1.980108,1.980108,1.980108,1.980108,1.980108,1.980108,1.980108,1.980108,1.980108,2.970162,1.980108,1.980108,1.980108,1.980108,1.980108,1.980108,1.980108,1.980108,1.980108,1.980108,1.980108,1.980108,1.980108,1.980108,1.980108,2.970162,1.980108,1.980108,1.980108,1.980108,1.980108,1.980108,1.980108,1.980108,1.980108,1.980108,1.980108,1.980108,1.980108,1.980108,1.980108,2.970162,1.980108,1.980108,1.980108,1.980108,1.980108,1.980108,1.980108,1.980108,1.980108,1.980108,1.980108,1.980108,1.980108,1.980108,1.980108,2.970162,1.980108,1.980108,1.980108,1.980108,1.980108,1.980108,1.980108,1.980108,1.980108,1.980108,1.980108,1.980108,1.980108,1.980108,1.980108,2.970162,1.980108,1.980108,1.980108,1.980108,1.980108,1.980108,1.980108,1.980108,1.980108,1.980108,1.980108,1.980108,1.980108,1.980108,1.980108,2.970162,1.980108,1.980108,1.980108,1.980108,1.980108,1.980108,1.980108,1.980108,1.980108,1.980108,1.980108,1.980108,1.980108,1.980108,1.980108,2.970162,1.980108,1.980108,1.980108,1.980108,2.970162,2.970162,2.970162,2.970162,2.970162,2.970162,2.970162,2.970162,2.970162,2.970162,2.970162,-29.795597,2.970162,2.970162,2.970162,2.970162,1.980108,1.980108,1.980108,1.980108,1.980108,1.980108,1.980108,1.980108,1.980108,1.980108,1.980108,2.970162,1.980108,1.980108,1.980108,1.980108,1.980108,1.980108,1.980108,1.980108,1.980108,1.980108,1.980108,1.980108,1.980108,1.980108,1.980108,2.970162,1.980108,1.980108,1.980108,1.980108
1.980108,1.980108,1.980108,1.980108,1.980108,1.980108,1.980108,1.980108,1.980108,1.980108,1.980108,1.980108,2.970162,1.980108,1.980108,1.980108,1.980108,1.980108,1.980108,1.980108,1.980108,1.980108,1.980108,1.980108,1.980108,1.980108,1.980108,1.980108,2.970162,1.980108,1.980108,1.980108,1.980108,1.980108,1.980108,1.980108,1.980108,1.980108,1.980108,1.980108,1.980108,1.980108,1.980108,1.980108,2.970162,1.980108,1.980108,1.980108,1.980108,1.980108,1.980108,1.980108,1.980108,1.980108,1.980108,1.980108,1.980108,1.980108,1.980108,1.980108,2.970162,1.980108,1.980108,1.980108,1.980108,1.980108,1.980108,1.980108,1.980108,1.980108,1.980108,1.980108,1.980108,1.980108,1.980108,1.980108,2.970162,1.980108,1.980108,1.980108,1.980108,1.980108,1.980108,1.980108,1.980108,1.980108,1.980108,1.980108,1.980108,1.980108,1.980108,1.980108,2.970162,1.980108,1.980108,1.980108,1.980108,1.980108,1.980108,1.980108,1.980108,1.980108,1.980108,1.980108,1.980108,1.980108,1.980108,1.980108,2.970162,1.980108,1.980108,1.980108,1.980108,1.980108,1.980108,1.980108,1.980108,1.980108,1.980108,1.980108,1.980108,1.980108,1.980108,1.980108,2.970162,1.980108,1.980108,1.980108,1.980108,1.980108,1.980108,1.980108,1.980108,1.980108,1.980108,1.980108,1.980108,1.980108,1.980108,1.980108,2.970162,1.980108,1.980108,1.980108,1.980108,1.980108,1.980108,1.980108,1.980108,1.980108,1.980108,1.980108,1.980108,1.980108,1.980108,1.980108,2.970162,1.980108,1.980108,1.980108,1.980108,1.980108,1.980108,1.980108,1.980108,1.980108,1.980108,1.980108,1.980108,1.980108,1.980108,1.980108,2.970162,1.980108,1.980108,1.980108,1.980108,1.980108,1.980108,1.980108,1.980108,1.980108,1.980108,1.980108,1.980108,1.980108,1.980108,1.980108,2.970162,1.980108,1.980108,1.980108,1.980108,1.980108,1.980108,1.980108,1.980108,1.980108,1.980108,1.980108,1.980108,1.980108,1.980108,1.980108,2.970162,1.980108,1.980108,1.980108,1.980108,1.980108,1.980108,1.980108,1.980108,1.980108,1.980108,1.980108,1.980108,1.980108,1.980108,1.980108,2.970162,1.980108,1.980108,1.980108,1.980108,1.980108,1.980108,1.980108,1.980108,1.980108,1.980108,1.980108,1.980108,1.980108,1.980108,1.980108,2.970162,1.980108,1.980108,1.980108,1.980108,1.980108,1.980108,1.980108,1.980108,1.980108,1.980108,1.980108,1.980108,1.980108,1.980108,1.980108,2.970162,1.980108,1.980108,1.980108,1.980108,1.980108,1.980108,1.980108,1.980108,1.980108,1.980108,1.980108,1.980108,1.980108,1.980108,1.980108,2.970162,1.980108,1.980108,1.980108,2.970162,2.970162,2.970162,2.970162,2.970162,2.970162,2.970162,2.970162,2.970162,2.970162,2.970162,2.970162,-30.279896,2.970162,2.970162,2.970162,1.980108,1.980108,1.980108,1.980108,1.980108,1.980108,1.980108,1.980108,1.980108,1.980108,1.980108,1.980108,2.970162,1.980108,1.980108,1.980108,1.980108,1.980108,1.980108,1.980108,1.980108,1.980108,1.980108,1.980108,1.980108,1.980108,1.980108,1.980108,2.970162,1.980108,1.980108,1.980108
1.980108,1.980108,1.980108,1.980108,1.980108,1.980108,1.980108,1.980108,1.980108,1.980108,1.980108,1.980108,1.980108,2.970162,1.980108,1.980108,1.980108,1.980108,1.980108,1.980108,1.980108,1.980108,1.980108,1.980108,1.980108,1.980108,1.980108,1.980108,1.980108,2.970162,1.980108,1.980108,1.980108,1.980108,1.980108,1.980108,1.980108,1.980108,1.980108,1.980108,1.980108,1.980108,1.980108,1.980108,1.980108,2.970162,1.980108,1.980108,1.980108,1.980108,1.980108,1.980108,1.980108,1.980108,1.980108,1.980108,1.980108,1.980108,1.980108,1.980108,1.980108,2.970162,1.980108,1.980108,1.980108,1.980108,1.980108,1.980108,1.980108,1.980108,1.980108,1.980108,1.980108,1.980108,1.980108,1.980108,1.980108,2.970162,1.980108,1.980108,1.980108,1.980108,1.980108,1.980108,1.980108,1.980108,1.980108,1.980108,1.980108,1.980108,1.980108,1.980108,1.980108,2.970162,1.980108,1.980108,1.980108,1.980108,1.980108,1.980108,1.980108,1.980108,1.980108,1.980108,1.980108,1.980108,1.980108,1.980108,1.980108,2.970162,1.980108,1.980108,1.980108,1.980108,1.980108,1.980108,1.980108,1.980108,1.980108,1.980108,1.980108,1.980108,1.980108,1.980108,1.980108,2.970162,1.980108,1.980108,1.980108,1.980108,1.980108,1.980108,1.980108,1.980108,1.980108,1.980108,1.980108,1.980108,1.980108,1.980108,1.980108,2.970162,1.980108,1.980108,1.980108,1.980108,1.980108,1.980108,1.980108,1.980108,1.980108,1.980108,1.980108,1.980108,1.980108,1.980108,1.980108,2.970162,1.980108,1.980108,1.980108,1.980108,1.980108,1.980108,1.980108,1.980108,1.980108,1.980108,1.980108,1.980108,1.980108,1.980108,1.980108,2.970162,1.980108,1.980108,1.980108,1.980108,1.980108,1.980108,1.980108,1.980108,1.980108,1.980108,1.980108,1.980108,1.980108,1.980108,1.980108,2.970162,1.980108,1.980108,1.980108,1.980108,1.980108,1.980108,1.980108,1.980108,1.980108,1.980108,1.980108,1.980108,1.980108,1.980108,1.980108,2.970162,1.980108,1.980108,1.980108,1.980108,1.980108,1.980108,1.980108,1.980108,1.980108,1.980108,1.980108,1.980108,1.980108,1.980108,1.980108,2.970162,1.980108,1.980108,1.980108,1.980108,1.980108,1.980108,1.980108,1.980108,1.980108,1.980108,1.980108,1.980108,1.980108,1.980108,1.980108,2.970162,1.980108,1.980108,1.980108,1.980108,1.980108,1.980108,1.980108,1.980108,1.980108,1.980108,1.980108,1.980108,1.980108,1.980108,1.980108,2.970162,1.980108,1.980108,1.980108,1.980108,1.980108,1.980108,1.980108,1.980108,1.980108,1.980108,1.980108,1.980108,1.980108,1.980108,1.980108,2.970162,1.980108,1.980108,2.970162,2.970162,2.970162,2.970162,2.970162,2.970162,2.970162,2.970162,2.970162,2.970162,2.970162,2.970162,2.970162,-29.737558,2.970162,2.970162,1.980108,1.980108,1.980108,1.980108,1.980108,1.980108,1.980108,1.980108,1.980108,1.980108,1.980108,1.980108,1.980108,2.970162,1.980108,1.980108,1.980108,1.980108,1.980108,1.980108,1.980108,1.980108,1.980108,1.980108,1.980108,1.980108,1.980108,1.980108,1.980108,2.970162,1.980108,1.980108
1.980108,1.980108,1.980108,1.980108,1.980108,1.980108,1.980108,1.980108,1.980108,1.980108,1.980108,1.980108,1.980108,1.980108,2.970162,1.980108,1.980108,1.980108,1.980108,1.980108,1.980108,1.980108,1.980108,1.980108,1.980108,1.980108,1.980108,1.980108,1.980108,1.980108,2.970162,1.980108,1.980108,1.980108,1.980108,1.980108,1.980108,1.980108,1.980108,1.980108,1.980108,1.980108,1.980108,1.980108,1.980108,1.980108,2.970162,1.980108,1.980108,1.980108,1.980108,1.980108,1.980108,1.980108,1.980108,1.980108,1.980108,1.980108,1.980108,1.980108,1.980108,1.980108,2.970162,1.980108,1.980108,1.980108,1.980108,1.980108,1.980108,1.980108,1.980108,1.980108,1.980108,1.980108,1.980108,1.980108,1.980108,1.980108,2.970162,1.980108,1.980108,1.980108,1.980108,1.980108,1.980108,1.980108,1.980108,1.980108,1.980108,1.980108,1.980108,1.980108,1.980108,1.980108,2.970162,1.980108,1.980108,1.980108,1.980108,1.980108,1.980108,1.980108,1.980108,1.980108,1.980108,1.980108,1.980108,1.980108,1.980108,1.980108,2.970162,1.980108,1.980108,1.980108,1.980108,1.980108,1.980108,1.980108,1.980108,1.980108,1.980108,1.980108,1.980108,1.980108,1.980108,1.980108,2.970162,1.980108,1.980108,1.980108,1.980108,1.980108,1.980108,1.980108,1.980108,1.980108,1.980108,1.980108,1.980108,1.980108,1.980108,1.980108,2.970162,1.980108,1.980108,1.980108,1.980108,1.980108,1.980108,1.980108,1.980108,1.980108,1.980108,1.980108,1.980108,1.980108,1.980108,1.980108,2.970162,1.980108,1.980108,1.980108,1.980108,1.980108,1.980108,1.980108,1.980108,1.980108,1.980108,1.980108,1.980108,1.980108,1.980108,1.980108,2.970162,1.980108,1.980108,1.980108,1.980108,1.980108,1.980108,1.980108,1.980108,1.980108,1.980108,1.980108,1.980108,1.980108,1.980108,1.980108,2.970162,1.980108,1.980108,1.980108,1.980108,1.980108,1.980108,1.980108,1.980108,1.980108,1.980108,1.980108,1.980108,1.980108,1.980108,1.980108,2.970162,1.980108,1.980108,1.980108,1.980108,1.980108,1.980108,1.980108,1.980108,1.980108,1.980108,1.980108,1.980108,1.980108,1.980108,1.980108,2.970162,1.980108,1.980108,1.980108,1.980108,1.980108,1.980108,1.980108,1.980108,1.980108,1.980108,1.980108,1.980108,1.980108,1.980108,1.980108,2.970162,1.980108,1.980108,1.980108,1.980108,1.980108,1.980108,1.980108,1.980108,1.980108,1.980108,1.980108,1.980108,1.980108,1.980108,1.980108,2.970162,1.980108,1.980108,1.980108,1.980108,1.980108,1.980108,1.980108,1.980108,1.980108,1.980108,1.980108,1.980108,1.980108,1.980108,1.980108,2.970162,1.980108,2.970162,2.970162,2.970162,2.970162,2.970162,2.970162,2.970162,2.970162,2.970162,2.970162,2.970162,2.970162,2.970162,2.970162,-30.167214,2.970162,1.980108,1.980108,1.980108,1.980108,1.980108,1.980108,1.980108,1.980108,1.980108,1.980108,1.980108,1.980108,1.980108,1.980108,2.970162,1.980108,1.980108,1.980108,1.980108,1.980108,1.980108,1.980108,1.980108,1.980108,1.980108,1.980108,1.980108,1.980108,1.980108,1.980108,2.970162,1.980108
1.980108,1.980108,1.980108,1.980108,1.980108,1.980108,1.980108,1.980108,1.980108,1.980108,1.980108,1.980108,1.980108,1.980108,1.980108,2.970162,1.980108,1.980108,1.980108,1.980108,1.980108,1.980108,1.980108,1.980108,1.980108,1.980108,1.980108,1.980108,1.980108,1.980108,1.980108,2.970162,1.980108,1.980108,1.980108,1.980108,1.980108,1.980108,1.980108,1.980108,1.980108,1.980108,1.980108,1.980108,1.980108,1.980108,1.980108,2.970162,1.980108,1.980108,1.980108,1.980108,1.980108,1.980108,1.980108,1.980108,1.980108,1.980108,1.980108,1.980108,1.980108,1.980108,1.980108,2.970162,1.980108,1.980108,1.980108,1.980108,1.980108,1.980108,1.980108,1.980108,1.980108,1.980108,1.980108,1.980108,1.980108,1.980108,1.980108,2.970162,1.980108,1.980108,1.980108,1.980108,1.980108,1.980108,1.980108,1.980108,1.980108,1.980108,1.980108,1.980108,1.980108,1.980108,1.980108,2.970162,1.980108,1.980108,1.980108,1.980108,1.980108,1.980108,1.980108,1.980108,1.980108,1.980108,1.980108,1.980108,1.980108,1.980108,1.980108,2.970162,1.980108,1.980108,1.980108,1.980108,1.980108,1.980108,1.980108,1.980108,1.980108,1.980108,1.980108,1.980108,1.980108,1.980108,1.980108,2.970162,1.980108,1.980108,1.980108,1.980108,1.980108,1.980108,1.980108,1.980108,1.980108,1.980108,1.980108,1.980108,1.980108,1.980108,1.980108,2.970162,1.980108,1.980108,1.980108,1.980108,1.980108,1.980108,1.980108,1.980108,1.980108,1.980108,1.980108,1.980108,1.980108,1.980108,1.980108,2.970162,1.980108,1.980108,1.980108,1.980108,1.980108,1.980108,1.980108,1.980108,1.980108,1.980108,1.980108,1.980108,1.980108,1.980108,1.980108,2.970162,1.980108,1.980108,1.980108,1.980108,1.980108,1.980108,1.980108,1.980108,1.980108,1.980108,1.980108,1.980108,1.980108,1.980108,1.980108,2.970162,1.980108,1.980108,1.980108,1.980108,1.980108,1.980108,1.980108,1.980108,1.980108,1.980108,1.980108,1.980108,1.980108,1.980108,1.980108,2.970162,1.980108,1.980108,1.980108,1.980108,1.980108,1.980108,1.980108,1.980108,1.980108,1.980108,1.980108,1.980108,1.980108,1.980108,1.980108,2.970162,1.980108,1.980108,1.980108,1.980108,1.980108,1.980108,1.980108,1.980108,1.980108,1.980108,1.980108,1.980108,1.980108,1.980108,1.980108,2.970162,1.980108,1.980108,1.980108,1.980108,1.980108,1.980108,1.980108,1.980108,1.980108,1.980108,1.980108,1.980108,1.980108,1.980108,1.980108,2.970162,1.980108,1.980108,1.980108,1.980108,1.980108,1.980108,1.980108,1.980108,1.980108,1.980108,1.980108,1.980108,1.980108,1.980108,1.980108,2.970162,2.970162,2.970162,2.970162,2.970162,2.970162,2.970162,2.970162,2.970162,2.970162,2.970162,2.970162,2.970162,2.970162,2.970162,2.970162,-30.244260,1.980108,1.980108,1.980108,1.980108,1.980108,1.980108,1.980108,1.980108,1.980108,1.980108,1.980108,1.980108,1.980108,1.980108,1.980108,2.970162,1.980108,1.980108,1.980108,1.980108,1.980108,1.980108,1.980108,1.980108,1.980108,1.980108,1.980108,1.980108,1.980108,1.980108,1.980108,2.970162
2.970162,1.980108,1.980108,1.980108,1.980108,1.980108,1.980108,1.980108,1.980108,1.980108,1.980108,1.980108,1.980108,1.980108,1.980108,1.980108,2.970162,1.980108,1.980108,1.980108,1.980108,1.980108,1.980108,1.980108,1.980108,1.980108,1.980108,1.980108,1.980108,1.980108,1.980108,1.980108,2.970162,1.980108,1.980108,1.980108,1.980108,1.980108,1.980108,1.980108,1.980108,1.980108,1.980108,1.980108,1.980108,1.980108,1.980108,1.980108,2.970162,1.980108,1.980108,1.980108,1.980108,1.980108,1.980108,1.980108,1.980108,1.980108,1.980108,1.980108,1.980108,1.980108,1.980108,1.980108,2.970162,1.980108,1.980108,1.980108,1.980108,1.980108,1.980108,1.980108,1.980108,1.980108,1.980108,1.980108,1.980108,1.980108,1.980108,1.980108,2.970162,1.980108,1.980108,1.980108,1.980108,1.980108,1.980108,1.980108,1.980108,1.980108,1.980108,1.980108,1.980108,1.980108,1.980108,1.980108,2.970162,1.980108,1.980108,1.980108,1.980108,1.980108,1.980108,1.980108,1.980108,1.980108,1.980108,1.980108,1.980108,1.980108,1.980108,1.980108,2.970162,1.980108,1.980108,1.980108,1.980108,1.980108,1.980108,1.980108,1.980108,1.980108,1.980108,1.980108,1.980108,1.980108,1.980108,1.980108,2.970162,1.980108,1.980108,1.980108,1.980108,1.980108,1.980108,1.980108,1.980108,1.980108,1.980108,1.980108,1.980108,1.980108,1.980108,1.980108,2.970162,1.980108,1.980108,1.980108,1.980108,1.980108,1.980108,1.980108,1.980108,1.980108,1.980108,1.980108,1.980108,1.980108,1.980108,1.980108,2.970162,1.980108,1.980108,1.980108,1.980108,1.980108,1.980108,1.980108,1.980108,1.980108,1.980108,1.980108,1.980108,1.980108,1.980108,1.980108,2.970162,1.980108,1.980108,1.980108,1.980108,1.980108,1.980108,1.980108,1.980108,1.980108,1.980108,1.980108,1.980108,1.980108,1.980108,1.980108,2.970162,1.980108,1.980108,1.980108,1.980108,1.980108,1.980108,1.980108,1.980108,1.980108,1.980108,1.980108,1.980108,1.980108,1.980108,1.980108,2.970162,1.980108,1.980108,1.980108,1.980108,1.980108,1.980108,1.980108,1.980108,1.980108,1.980108,1.980108,1.980108,1.980108,1.980108,1.980108,2.970162,1.980108,1.980108,1.980108,1.980108,1.980108,1.980108,1.980108,1.980108,1.980108,1.980108,1.980108,1.980108,1.980108,1.980108,1.980108,2.970162,1.980108,1.980108,1.980108,1.980108,1.980108,1.980108,1.980108,1.980108,1.980108,1.980108,1.980108,1.980108,1.980108,1.980108,1.980108,2.970162,1.980108,1.980108,1.980108,1.980108,1.980108,1.980108,1.980108,1.980108,1.980108,1.980108,1.980108,1.980108,1.980108,1.980108,1.980108,2.970162,1.980108,1.980108,1.980108,1.980108,1.980108,1.980108,1.980108,1.980108,1.980108,1.980108,1.980108,1.980108,1.980108,1.980108,1.980108,-29.988157,2.970162,2.970162,2.970162,2.970162,2.970162,2.970162,2.970162,2.970162,2.970162,2.970162,2.970162,2.970162,2.970162,2.970162,2.970162,2.970162,1.980108,1.980108,1.980108,1.980108,1.980108,1.980108,1.980108,1.980108,1.980108,1.980108,1.980108,1.980108,1.980108,1.980108,1.980108
1.980108,2.970162,1.980108,1.980108,1.980108,1.980108,1.980108,1.980108,1.980108,1.980108,1.980108,1.980108,1.980108,1.980108,1.980108,1.980108,1.980108,2.970162,1.980108,1.980108,1.980108,1.980108,1.980108,1.980108,1.980108,1.980108,1.980108,1.980108,1.980108,1.980108,1.980108,1.980108,1.980108,2.970162,1.980108,1.980108,1.980108,1.980108,1.980108,1.980108,1.980108,1.980108,1.980108,1.980108,1.980108,1.980108,1.980108,1.980108,1.980108,2.970162,1.980108,1.980108,1.980108,1.980108,1.980108,1.980108,1.980108,1.980108,1.980108,1.980108,1.980108,1.980108,1.980108,1.980108,1.980108,2.970162,1.980108,1.980108,1.980108,1.980108,1.980108,1.980108,1.980108,1.980108,1.980108,1.980108,1.980108,1.980108,1.980108,1.980108,1.980108,2.970162,1.980108,1.980108,1.980108,1.980108,1.980108,1.980108,1.980108,1.980108,1.980108,1.980108,1.980108,1.980108,1.980108,1.980108,1.980108,2.970162,1.980108,1.980108,1.980108,1.980108,1.980108,1.980108,1.980108,1.980108,1.980108,1.980108,1.980108,1.980108,1.980108,1.980108,1.980108,2.970162,1.980108,1.980108,1.980108,1.980108,1.980108,1.980108,1.980108,1.980108,1.980108,1.980108,1.980108,1.980108,1.980108,1.980108,1.980108,2.970162,1.980108,1.980108,1.980108,1.980108,1.980108,1.980108,1.980108,1.980108,1.980108,1.980108,1.980108,1.980108,1.980108,1.980108,1.980108,2.970162,1.980108,1.980108,1.980108,1.980108,1.980108,1.980108,1.980108,1.980108,1.980108,1.980108,1.980108,1.980108,1.980108,1.980108,1.980108,2.970162,1.980108,1.980108,1.980108,1.980108,1.980108,1.980108,1.980108,1.980108,1.980108,1.980108,1.980108,1.980108,1.980108,1.980108,1.980108,2.970162,1.980108,1.980108,1.980108,1.980108,1.980108,1.980108,1.980108,1.980108,1.980108,1.980108,1.980108,1.980108,1.980108,1.980108,1.980108,2.970162,1.980108,1.980108,1.980108,1.980108,1.980108,1.980108,1.980108,1.980108,1.980108,1.980108,1.980108,1.980108,1.980108,1.980108,1.980108,2.970162,1.980108,1.980108,1.980108,1.980108,1.980108,1.980108,1.980108,1.980108,1.980108,1.980108,1.980108,1.980108,1.980108,1.980108,1.980108,2.970162,1.980108,1.980108,1.980108,1.980108,1.980108,1.980108,1.980108,1.980108,1.980108,1.980108,1.980108,1.980108,1.980108,1.980108,1.980108,2.970162,1.980108,1.980108,1.980108,1.980108,1.980108,1.980108,1.980108,1.980108,1.980108,1.980108,1.980108,1.980108,1.980108,1.980108,1.980108,2.970162,1.980108,1.980108,1.980108,1.980108,1.980108,1.980108,1.980108,1.980108,1.980108,1.980108,1.980108,1.980108,1.980108,1.980108,1.980108,2.970162,1.980108,1.980108,1.980108,1.980108,1.980108,1.980108,1.980108,1.980108,1.980108,1.980108,1.980108,1.980108,1.980108,1.980108,2.970162,-30.292449,2.970162,2.970162,2.970162,2.970162,2.970162,2.970162,2.970162,2.970162,2.970162,2.970162,2.970162,2.970162,2.970162,2.970162,1.980108,2.970162,1.980108,1.980108,1.980108,1.980108,1.980108,1.980108,1.980108,1.980108,1.980108,1.980108,1.980108,1.980108,1.980108,1.980108
1.980108,1.980108,2.970162,1.980108,1.980108,1.980108,1.980108,1.980108,1.980108,1.980108,1.980108,1.980108,1.980108,1.980108,1.980108,1.980108,1.980108,1.980108,2.970162,1.980108,1.980108,1.980108,1.980108,1.980108,1.980108,1.980108,1.980108,1.980108,1.980108,1.980108,1.980108,1.980108,1.980108,1.980108,2.970162,1.980108,1.980108,1.980108,1.980108,1.980108,1.980108,1.980108,1.980108,1.980108,1.980108,1.980108,1.980108,1.980108,1.980108,1.980108,2.970162,1.980108,1.980108,1.980108,1.980108,1.980108,1.980108,1.980108,1.980108,1.980108,1.980108,1.980108,1.980108,1.980108,1.980108,1.980108,2.970162,1.980108,1.980108,1.980108,1.980108,1.980108,1.980108,1.980108,1.980108,1.980108,1.980108,1.980108,1.980108,1.980108,1.980108,1.980108,2.970162,1.980108,1.980108,1.980108,1.980108,1.980108,1.980108,1.980108,1.980108,1.980108,1.980108,1.980108,1.980108,1.980108,1.980108,1.980108,2.970162,1.980108,1.980108,1.980108,1.980108,1.980108,1.980108,1.980108,1.980108,1.980108,1.980108,1.980108,1.980108,1.980108,1.980108,1.980108,2.970162,1.980108,1.980108,1.980108,1.980108,1.980108,1.980108,1.980108,1.980108,1.980108,1.980108,1.980108,1.980108,1.980108,1.980108,1.980108,2.970162,1.980108,1.980108,1.980108,1.980108,1.980108,1.980108,1.980108,1.980108,1.980108,1.980108,1.980108,1.980108,1.980108,1.980108,1.980108,2.970162,1.980108,1.980108,1.980108,1.980108,1.980108,1.980108,1.980108,1.980108,1.980108,1.980108,1.980108,1.980108,1.980108,1.980108,1.980108,2.970162,1.980108,1.980108,1.980108,1.980108,1.980108,1.980108,1.980108,1.980108,1.980108,1.980108,1.980108,1.980108,1.980108,1.980108,1.980108,2.970162,1.980108,1.980108,1.980108,1.980108,1.980108,1.980108,1.980108,1.980108,1.980108,1.980108,1.980108,1.980108,1.980108,1.980108,1.980108,2.970162,1.980108,1.980108,1.980108,1.980108,1.980108,1.980108,1.980108,1.980108,1.980108,1.980108,1.980108,1.980108,1.980108,1.980108,1.980108,2.970162,1.980108,1.980108,1.980108,1.980108,1.980108,1.980108,1.980108,1.980108,1.980108,1.980108,1.980108,1.980108,1.980108,1.980108,1.980108,2.970162,1.980108,1.980108,1.980108,1.980108,1.980108,1.980108,1.980108,1.980108,1.980108,1.980108,1.980108,1.980108,1.980108,1.980108,1.980108,2.970162,1.980108,1.980108,1.980108,1.980108,1.980108,1.980108,1.980108,1.980108,1.980108,1.980108,1.980108,1.980108,1.980108,1.980108,1.980108,2.970162,1.980108,1.980108,1.980108,1.980108,1.980108,1.980108,1.980108,1.980108,1.980108,1.980108,1.980108,1.980108,1.980108,1.980108,1.980108,2.970162,1.980108,1.980108,1.980108,1.980108,1.980108,1.980108,1.980108,1.980108,1.980108,1.980108,1.980108,1.980108,1.980108,2.970162,2.970162,-29.732116,2.970162,2.970162,2.970162,2.970162,2.970162,2.970162,2.970162,2.970162,2.970162,2.970162,2.970162,2.970162,2.970162,1.980108,1.980108,2.970162,1.980108,1.980108,1.980108,1.980108,1.980108,1.980108,1.980108,1.980108,1.980108,1.980108,1.980108,1.980108,1.980108
1.980108,1.980108,1.980108,2.970162,1.980108,1.980108,1.980108,1.980108,1.980108,1.980108,1.980108,1.980108,1.980108,1.980108,1.980108,1.980108,1.980108,1.980108,1.980108,2.970162,1.980108,1.980108,1.980108,1.980108,1.980108,1.980108,1.980108,1.980108,1.980108,1.980108,1.980108,1.980108,1.980108,1.980108,1.980108,2.970162,1.980108,1.980108,1.980108,1.980108,1.980108,1.980108,1.980108,1.980108,1.980108,1.980108,1.980108,1.980108,1.980108,1.980108,1.980108,2.970162,1.980108,1.980108,1.980108,1.980108,1.980108,1.980108,1.980108,1.980108,1.980108,1.980108,1.980108,1.980108,1.980108,1.980108,1.980108,2.970162,1.980108,1.980108,1.980108,1.980108,1.980108,1.980108,1.980108,1.980108,1.980108,1.980108,1.980108,1.980108,1.980108,1.980108,1.980108,2.970162,1.980108,1.980108,1.980108,1.980108,1.980108,1.980108,1.980108,1.980108,1.980108,1.980108,1.980108,1.980108,1.980108,1.980108,1.980108,2.970162,1.980108,1.980108,1.980108,1.980108,1.980108,1.980108,1.980108,1.980108,1.980108,1.980108,1.980108,1.980108,1.980108,1.980108,1.980108,2.970162,1.980108,1.980108,1.980108,1.980108,1.980108,1.980108,1.980108,1.980108,1.980108,1.980108,1.980108,1.980108,1.980108,1.980108,1.980108,2.970162,1.980108,1.980108,1.980108,1.980108,1.980108,1.980108,1.980108,1.980108,1.980108,1.980108,1.980108,1.980108,1.980108,1.980108,1.980108,2.970162,1.980108,1.980108,1.980108,1.980108,1.980108,1.980108,1.980108,1.980108,1.980108,1.980108,1.980108,1.980108,1.980108,1.980108,1.980108,2.970162,1.980108,1.980108,1.980108,1.980108,1.980108,1.980108,1.980108,1.980108,1.980108,1.980108,1.980108,1.980108,1.980108,1.980108,1.980108,2.970162,1.980108,1.980108,1.980108,1.980108,1.980108,1.980108,1.980108,1.980108,1.980108,1.980108,1.980108,1.980108,1.980108,1.980108,1.980108,2.970162,1.980108,1.980108,1.980108,1.980108,1.980108,1.980108,1.980108,1.980108,1.980108,1.980108,1.980108,1.980108,1.980108,1.980108,1.980108,2.970162,1.980108,1.980108,1.980108,1.980108,1.980108,1.980108,1.980108,1.980108,1.980108,1.980108,1.980108,1.980108,1.980108,1.980108,1.980108,2.970162,1.980108,1.980108,1.980108,1.980108,1.980108,1.980108,1.980108,1.980108,1.980108,1.980108,1.980108,1.980108,1.980108,1.980108,1.980108,2.970162,1.980108,1.980108,1.980108,1.980108,1.980108,1.980108,1.980108,1.980108,1.980108,1.980108,1.980108,1.980108,1.980108,1.980108,1.980108,2.970162,1.980108,1.980108,1.980108,1.980108,1.980108,1.980108,1.980108,1.980108,1.980108,1.980108,1.980108,1.980108,1.980108,1.980108,1.980108,2.970162,1.980108,1.980108,1.980108,1.980108,1.980108,1.980108,1.980108,1.980108,1.980108,1.980108,1.980108,1.980108,2.970162,2.970162,2.970162,-29.738964,2.970162,2.970162,2.970162,2.970162,2.970162,2.970162,2.970162,2.970162,2.970162,2.970162,2.970162,2.970162,1.980108,1.980108,1.980108,2.970162,1.980108,1.980108,1.980108,1.980108,1.980108,1.980108,1.980108,1.980108,1.980108,1.980108,1.980108,1.980108
1.980108,1.980108,1.980108,1.980108,2.970162,1.980108,1.980108,1.980108,1.980108,1.980108,1.980108,1.980108,1.980108,1.980108,1.980108,1.980108,1.980108,1.980108,1.980108,1.980108,2.970162,1.980108,1.980108,1.980108,1.980108,1.980108,1.980108,1.980108,1.980108,1.980108,1.980108,1.980108,1.980108,1.980108,1.980108,1.980108,2.970162,1.980108,1.980108,1.980108,1.980108,1.980108,1.980108,1.980108,1.980108,1.980108,1.980108,1.980108,1.980108,1.980108,1.980108,1.980108,2.970162,1.980108,1.980108,1.980108,1.980108,1.980108,1.980108,1.980108,1.980108,1.980108,1.980108,1.980108,1.980108,1.980108,1.980108,1.980108,2.970162,1.980108,1.980108,1.980108,1.980108,1.980108,1.980108,1.980108,1.980108,1.980108,1.980108,1.980108,1.980108,1.980108,1.980108,1.980108,2.970162,1.980108,1.980108,1.980108,1.980108,1.980108,1.980108,1.980108,1.980108,1.980108,1.980108,1.980108,1.980108,1.980108,1.980108,1.980108,2.970162,1.980108,1.980108,1.980108,1.980108,1.980108,1.980108,1.980108,1.980108,1.980108,1.980108,1.980108,1.980108,1.980108,1.980108,1.980108,2.970162,1.980108,1.980108,1.980108,1.980108,1.980108,1.980108,1.980108,1.980108,1.980108,1.980108,1.980108,1.980108,1.980108,1.980108,1.980108,2.970162,1.980108,1.980108,1.980108,1.980108,1.980108,1.980108,1.980108,1.980108,1.980108,1.980108,1.980108,1.980108,1.980108,1.980108,1.980108,2.970162,1.980108,1.980108,1.980108,1.980108,1.980108,1.980108,1.980108,1.980108,1.980108,1.980108,1.980108,1.980108,1.980108,1.980108,1.980108,2.970162,1.980108,1.980108,1.980108,1.980108,1.980108,1.980108,1.980108,1.980108,1.980108,1.980108,1.980108,1.980108,1.980108,1.980108,1.980108,2.970162,1.980108,1.980108,1.980108,1.980108,1.980108,1.980108,1.980108,1.980108,1.980108,1.980108,1.980108,1.980108,1.980108,1.980108,1.980108,2.970162,1.980108,1.980108,1.980108,1.980108,1.980108,1.980108,1.980108,1.980108,1.980108,1.980108,1.980108,1.980108,1.980108,1.980108,1.980108,2.970162,1.980108,1.980108,1.980108,1.980108,1.980108,1.980108,1.980108,1.980108,1.980108,1.980108,1.980108,1.980108,1.980108,1.980108,1.980108,2.970162,1.980108,1.980108,1.980108,1.980108,1.980108,1.980108,1.980108,1.980108,1.980108,1.980108,1.980108,1.980108,1.980108,1.980108,1.980108,2.970162,1.980108,1.980108,1.980108,1.980108,1.980108,1.980108,1.980108,1.980108,1.980108,1.980108,1.980108,1.980108,1.980108,1.980108,1.980108,2.970162,1.980108,1.980108,1.980108,1.980108,1.980108,1.980108,1.980108,1.980108,1.980108,1.980108,1.980108,1.980108,1.980108,1.980108,1.980108,2.970162,1.980108,1.980108,1.980108,1.980108,1.980108,1.980108,1.980108,1.980108,1.980108,1.980108,1.980108,2.970162,2.970162,2.970162,2.970162,-30.524216,2.970162,2.970162,2.970162,2.970162,2.970162,2.970162,2.970162,2.970162,2.970162,2.970162,2.970162,1.980108,1.980108,1.980108,1.980108,2.970162,1.980108,1.980108,1.980108,1.980108,1.980108,1.980108,1.980108,1.980108,1.980108,1.980108,1.980108
1.980108,1.980108,1.980108,1.980108,1.980108,2.970162,1.980108,1.980108,1.980108,1.980108,1.980108,1.980108,1.980108,1.980108,1.980108,1.980108,1.980108,1.980108,1.980108,1.980108,1.980108,2.970162,1.980108,1.980108,1.980108,1.980108,1.980108,1.980108,1.980108,1.980108,1.980108,1.980108,1.980108,1.980108,1.980108,1.980108,1.980108,2.970162,1.980108,1.980108,1.980108,1.980108,1.980108,1.980108,1.980108,1.980108,1.980108,1.980108,1.980108,1.980108,1.980108,1.980108,1.980108,2.970162,1.980108,1.980108,1.980108,1.980108,1.980108,1.980108,1.980108,1.980108,1.980108,1.980108,1.980108,1.980108,1.980108,1.980108,1.980108,2.970162,1.980108,1.980108,1.980108,1.980108,1.980108,1.980108,1.980108,1.980108,1.980108,1.980108,1.980108,1.980108,1.980108,1.980108,1.980108,2.970162,1.980108,1.980108,1.980108,1.980108,1.980108,1.980108,1.980108,1.980108,1.980108,1.980108,1.980108,1.980108,1.980108,1.980108,1.980108,2.970162,1.980108,1.980108,1.980108,1.980108,1.980108,1.980108,1.980108,1.980108,1.980108,1.980108,1.980108,1.980108,1.980108,1.980108,1.980108,2.970162,1.980108,1.980108,1.980108,1.980108,1.980108,1.980108,1.980108,1.980108,1.980108,1.980108,1.980108,1.980108,1.980108,1.980108,1.980108,2.970162,1.980108,1.980108,1.980108,1.980108,1.980108,1.980108,1.980108,1.980108,1.980108,1.980108,1.980108,1.980108,1.980108,1.980108,1.980108,2.970162,1.980108,1.980108,1.980108,1.980108,1.980108,1.980108,1.980108,1.980108,1.980108,1.980108,1.980108,1.980108,1.980108,1.980108,1.980108,2.970162,1.980108,1.980108,1.980108,1.980108,1.980108,1.980108,1.980108,1.980108,1.980108,1.980108,1.980108,1.980108,1.980108,1.980108,1.980108,2.970162,1.980108,1.980108,1.980108,1.980108,1.980108,1.980108,1.980108,1.980108,1.980108,1.980108,1.980108,1.980108,1.980108,1.980108,1.980108,2.970162,1.980108,1.980108,1.980108,1.980108,1.980108,1.980108,1.980108,1.980108,1.980108,1.980108,1.980108,1.980108,1.980108,1.980108,1.980108,2.970162,1.980108,1.980108,1.980108,1.980108,1.980108,1.980108,1.980108,1.980108,1.980108,1.980108,1.980108,1.980108,1.980108,1.980108,1.980108,2.970162,1.980108,1.980108,1.980108,1.980108,1.980108,1.980108,1.980108,1.980108,1.980108,1.980108,1.980108,1.980108,1.980108,1.980108,1.980108,2.970162,1.980108,1.980108,1.980108,1.980108,1.980108,1.980108,1.980108,1.980108,1.980108,1.980108,1.980108,1.980108,1.980108,1.980108,1.980108,2.970162,1.980108,1.980108,1.980108,1.980108,1.980108,1.980108,1.980108,1.980108,1.980108,1.980108,1.980108,1.980108,1.980108,1.980108,1.980108,2.970162,1.980108,1.980108,1.980108,1.980108,1.980108,1.980108,1.980108,1.980108,1.980108,1.980108,2.970162,2.970162,2.970162,2.970162,2.970162,-30.061806,2.970162,2.970162,2.970162,2.970162,2.970162,2.970162,2.970162,2.970162,2.970162,2.970162,1.980108,1.980108,1.980108,1.980108,1.980108,2.970162,1.980108,1.980108,1.980108,1.980108,1.980108,1.980108,1.980108,1.980108,1.980108,1.980108
1.980108,1.980108,1.980108,1.980108,1.980108,1.980108,2.970162,1.980108,1.980108,1.980108,1.980108,1.980108,1.980108,1.980108,1.980108,1.980108,1.980108,1.980108,1.980108,1.980108,1.980108,1.980108,2.970162,1.980108,1.980108,1.980108,1.980108,1.980108,1.980108,1.980108,1.980108,1.980108,1.980108,1.980108,1.980108,1.980108,1.980108,1.980108,2.970162,1.980108,1.980108,1.980108,1.980108,1.980108,1.980108,1.980108,1.980108,1.980108,1.980108,1.980108,1.980108,1.980108,1.980108,1.980108,2.970162,1.980108,1.980108,1.980108,1.980108,1.980108,1.980108,1.980108,1.980108,1.980108,1.980108,1.980108,1.980108,1.980108,1.980108,1.980108,2.970162,1.980108,1.980108,1.980108,1.980108,1.980108,1.980108,1.980108,1.980108,1.980108,1.980108,1.980108,1.980108,1.980108,1.980108,1.980108,2.970162,1.980108,1.980108,1.980108,1.980108,1.980108,1.980108,1.980108,1.980108,1.980108,1.980108,1.980108,1.980108,1.980108,1.980108,1.980108,2.970162,1.980108,1.980108,1.980108,1.980108,1.980108,1.980108,1.980108,1.980108,1.980108,1.980108,1.980108,1.980108,1.980108,1.980108,1.980108,2.970162,1.980108,1.980108,1.980108,1.980108,1.980108,1.980108,1.980108,1.980108,1.980108,1.980108,1.980108,1.980108,1.980108,1.980108,1.980108,2.970162,1.980108,1.980108,1.980108,1.980108,1.980108,1.980108,1.980108,1.980108,1.980108,1.980108,1.980108,1.980108,1.980108,1.980108,1.980108,2.970162,1.980108,1.980108,1.980108,1.980108,1.980108,1.980108,1.980108,1.980108,1.980108,1.980108,1.980108,1.980108,1.980108,1.980108,1.980108,2.970162,1.980108,1.980108,1.980108,1.980108,1.980108,1.980108,1.980108,1.980108,1.980108,1.980108,1.980108,1.980108,1.980108,1.980108,1.980108,2.970162,1.980108,1.980108,1.980108,1.980108,1.980108,1.980108,1.980108,1.980108,1.980108,1.980108,1.980108,1.980108,1.980108,1.980108,1.980108,2.970162,1.980108,1.980108,1.980108,1.980108,1.980108,1.980108,1.980108,1.980108,1.980108,1.980108,1.980108,1.980108,1.980108,1.980108,1.980108,2.970162,1.980108,1.980108,1.980108,1.980108,1.980108,1.980108,1.980108,1.980108,1.980108,1.980108,1.980108,1.980108,1.980108,1.980108,1.980108,2.970162,1.980108,1.980108,1.980108,1.980108,1.980108,1.980108,1.980108,1.980108,1.980108,1.980108,1.980108,1.980108,1.980108,1.980108,1.980108,2.970162,1.980108,1.980108,1.980108,1.980108,1.980108,1.980108,1.980108,1.980108,1.980108,1.980108,1.980108,1.980108,1.980108,1.980108,1.980108,2.970162,1.980108,1.980108,1.980108,1.980108,1.980108,1.980108,1.980108,1.980108,1.980108,1.980108,1.980108,1.980108,1.980108,1.980108,1.980108,2.970162,1.980108,1.980108,1.980108,1.980108,1.980108,1.980108,1.980108,1.980108,1.980108,2.970162,2.970162,2.970162,2.970162,2.970162,2.970162,-29.828676,2.970162,2.970162,2.970162,2.970162,2.970162,2.970162,2.970162,2.970162,2.970162,1.980108,1.980108,1.980108,1.980108,1.980108,1.980108,2.970162,1.980108,1.980108,1.980108,1.980108,1.980108,1.980108,1.980108,1.980108,1.980108
1.980108,1.980108,1.980108,1.980108,1.980108,1.980108,1.980108,2.970162,1.980108,1.980108,1.980108,1.980108,1.980108,1.980108,1.980108,1.980108,1.980108,1.980108,1.980108,1.980108,1.980108,1.980108,1.980108,2.970162,1.980108,1.980108,1.980108,1.980108,1.980108,1.980108,1.980108,1.980108,1.980108,1.980108,1.980108,1.980108,1.980108,1.980108,1.980108,2.970162,1.980108,1.980108,1.980108,1.980108,1.980108,1.980108,1.980108,1.980108,1.980108,1.980108,1.980108,1.980108,1.980108,1.980108,1.980108,2.970162,1.980108,1.980108,1.980108,1.980108,1.980108,1.980108,1.980108,1.980108,1.980108,1.980108,1.980108,1.980108,1.980108,1.980108,1.980108,2.970162,1.980108,1.980108,1.980108,1.980108,1.980108,1.980108,1.980108,1.980108,1.980108,1.980108,1.980108,1.980108,1.980108,1.980108,1.980108,2.970162,1.980108,1.980108,1.980108,1.980108,1.980108,1.980108,1.980108,1.980108,1.980108,1.980108,1.980108,1.980108,1.980108,1.980108,1.980108,2.970162,1.980108,1.980108,1.980108,1.980108,1.980108,1.980108,1.980108,1.980108,1.980108,1.980108,1.980108,1.980108,1.980108,1.980108,1.980108,2.970162,1.980108,1.980108,1.980108,1.980108,1.980108,1.980108,1.980108,1.980108,1.980108,1.980108,1.980108,1.980108,1.980108,1.980108,1.980108,2.970162,1.980108,1.980108,1.980108,1.980108,1.980108,1.980108,1.980108,1.980108,1.980108,1.980108,1.980108,1.980108,1.980108,1.980108,1.980108,2.970162,1.980108,1.980108,1.980108,1.980108,1.980108,1.980108,1.980108,1.980108,1.980108,1.980108,1.980108,1.980108,1.980108,1.980108,1.980108,2.970162,1.980108,1.980108,1.980108,1.980108,1.980108,1.980108,1.980108,1.980108,1.980108,1.980108,1.980108,1.980108,1.980108,1.980108,1.980108,2.970162,1.980108,1.980108,1.980108,1.980108,1.980108,1.980108,1.980108,1.980108,1.980108,1.980108,1.980108,1.980108,1.980108,1.980108,1.980108,2.970162,1.980108,1.980108,1.980108,1.980108,1.980108,1.980108,1.980108,1.980108,1.980108,1.980108,1.980108,1.980108,1.980108,1.980108,1.980108,2.970162,1.980108,1.980108,1.980108,1.980108,1.980108,1.980108,1.980108,1.980108,1.980108,1.980108,1.980108,1.980108,1.980108,1.980108,1.980108,2.970162,1.980108,1.980108,1.980108,1.980108,1.980108,1.980108,1.980108,1.980108,1.980108,1.980108,1.980108,1.980108,1.980108,1.980108,1.980108,2.970162,1.980108,1.980108,1.980108,1.980108,1.980108,1.980108,1.980108,1.980108,1.980108,1.980108,1.980108,1.980108,1.980108,1.980108,1.980108,2.970162,1.980108,1.980108,1.980108,1.980108,1.980108,1.980108,1.980108,1.980108,1.980108,1.980108,1.980108,1.980108,1.980108,1.980108,1.980108,2.970162,1.980108,1.980108,1.980108,1.980108,1.980108,1.980108,1.980108,1.980108,2.970162,2.970162,2.970162,2.970162,2.970162,2.970162,2.970162,-30.223859,2.970162,2.970162,2.970162,2.970162,2.970162,2.970162,2.970162,2.970162,1.980108,1.980108,1.980108,1.980108,1.980108,1.980108,1.980108,2.970162,1.980108,1.980108,1.980108,1.980108,1.980108,1.980108,1.980108,1.980108
1.980108,1.980108,1.980108,1.980108,1.980108,1.980108,1.980108,1.980108,2.970162,1.980108,1.980108,1.980108,1.980108,1.980108,1.980108,1.980108,1.980108,1.980108,1.980108,1.980108,1.980108,1.980108,1.980108,1.980108,2.970162,1.980108,1.980108,1.980108,1.980108,1.980108,1.980108,1.980108,1.980108,1.980108,1.980108,1.980108,1.980108,1.980108,1.980108,1.980108,2.970162,1.980108,1.980108,1.980108,1.980108,1.980108,1.980108,1.980108,1.980108,1.980108,1.980108,1.980108,1.980108,1.980108,1.980108,1.980108,2.970162,1.980108,1.980108,1.980108,1.980108,1.980108,1.980108,1.980108,1.980108,1.980108,1.980108,1.980108,1.980108,1.980108,1.980108,1.980108,2.970162,1.980108,1.980108,1.980108,1.980108,1.980108,1.980108,1.980108,1.980108,1.980108,1.980108,1.980108,1.980108,1.980108,1.980108,1.980108,2.970162,1.980108,1.980108,1.980108,1.980108,1.980108,1.980108,1.980108,1.980108,1.980108,1.980108,1.980108,1.980108,1.980108,1.980108,1.980108,2.970162,1.980108,1.980108,1.980108,1.980108,1.980108,1.980108,1.980108,1.980108,1.980108,1.980108,1.980108,1.980108,1.980108,1.980108,1.980108,2.970162,1.980108,1.980108,1.980108,1.980108,1.980108,1.980108,1.980108,1.980108,1.980108,1.980108,1.980108,1.980108,1.980108,1.980108,1.980108,2.970162,1.980108,1.980108,1.980108,1.980108,1.980108,1.980108,1.980108,1.980108,1.980108,1.980108,1.980108,1.980108,1.980108,1.980108,1.980108,2.970162,1.980108,1.980108,1.980108,1.980108,1.980108,1.980108,1.980108,1.980108,1.980108,1.980108,1.980108,1.980108,1.980108,1.980108,1.980108,2.970162,1.980108,1.980108,1.980108,1.980108,1.980108,1.980108,1.980108,1.980108,1.980108,1.980108,1.980108,1.980108,1.980108,1.980108,1.980108,2.970162,1.980108,1.980108,1.980108,1.980108,1.980108,1.980108,1.980108,1.980108,1.980108,1.980108,1.980108,1.980108,1.980108,1.980108,1.980108,2.970162,1.980108,1.980108,1.980108,1.980108,1.980108,1.980108,1.980108,1.980108,1.980108,1.980108,1.980108,1.980108,1.980108,1.980108,1.980108,2.970162,1.980108,1.980108,1.980108,1.980108,1.980108,1.980108,1.980108,1.980108,1.980108,1.980108,1.980108,1.980108,1.980108,1.980108,1.980108,2.970162,1.980108,1.980108,1.980108,1.980108,1.980108,1.980108,1.980108,1.980108,1.980108,1.980108,1.980108,1.980108,1.980108,1.980108,1.980108,2.970162,1.980108,1.980108,1.980108,1.980108,1.980108,1.980108,1.980108,1.980108,1.980108,1.980108,1.980108,1.980108,1.980108,1.980108,1.980108,2.970162,1.980108,1.980108,1.980108,1.980108,1.980108,1.980108,1.980108,1.980108,1.980108,1.980108,1.980108,1.980108,1.980108,1.980108,1.980108,2.970162,1.980108,1.980108,1.980108,1.980108,1.980108,1.980108,1.980108,2.970162,2.970162,2.970162,2.970162,2.970162,2.970162,2.970162,2.970162,-30.471609,2.970162,2.970162,2.970162,2.970162,2.970162,2.970162,2.970162,1.980108,1.980108,1.980108,1.980108,1.980108,1.980108,1.980108,1.980108,2.970162,1.980108,1.980108,1.980108,1.980108,1.980108,1.980108,1.980108
1.980108,1.980108,1.980108,1.980108,1.980108,1.980108,1.980108,1.980108,1.980108,2.970162,1.980108,1.980108,1.980108,1.980108,1.980108,1.980108,1.980108,1.980108,1.980108,1.980108,1.980108,1.980108,1.980108,1.980108,1.980108,2.970162,1.980108,1.980108,1.980108,1.980108,1.980108,1.980108,1.980108,1.980108,1.980108,1.980108,1.980108,1.980108,1.980108,1.980108,1.980108,2.970162,1.980108,1.980108,1.980108,1.980108,1.980108,1.980108,1.980108,1.980108,1.980108,1.980108,1.980108,1.980108,1.980108,1.980108,1.980108,2.970162,1.980108,1.980108,1.980108,1.980108,1.980108,1.980108,1.980108,1.980108,1.980108,1.980108,1.980108,1.980108,1.980108,1.980108,1.980108,2.970162,1.980108,1.980108,1.980108,1.980108,1.980108,1.980108,1.980108,1.980108,1.980108,1.980108,1.980108,1.980108,1.980108,1.980108,1.980108,2.970162,1.980108,1.980108,1.980108,1.980108,1.980108,1.980108,1.980108,1.980108,1.980108,1.980108,1.980108,1.980108,1.980108,1.980108,1.980108,2.970162,1.980108,1.980108,1.980108,1.980108,1.980108,1.980108,1.980108,1.980108,1.980108,1.980108,1.980108,1.980108,1.980108,1.980108,1.980108,2.970162,1.980108,1.980108,1.980108,1.980108,1.980108,1.980108,1.980108,1.980108,1.980108,1.980108,1.980108,1.980108,1.980108,1.980108,1.980108,2.970162,1.980108,1.980108,1.980108,1.980108,1.980108,1.980108,1.980108,1.980108,1.980108,1.980108,1.980108,1.980108,1.980108,1.980108,1.980108,2.970162,1.980108,1.980108,1.980108,1.980108,1.980108,1.980108,1.980108,1.980108,1.980108,1.980108,1.980108,1.980108,1.980108,1.980108,1.980108,2.970162,1.980108,1.980108,1.980108,1.980108,1.980108,1.980108,1.980108,1.980108,1.980108,1.980108,1.980108,1.980108,1.980108,1.980108,1.980108,2.970162,1.980108,1.980108,1.980108,1.980108,1.980108,1.980108,1.980108,1.980108,1.980108,1.980108,1.980108,1.980108,1.980108,1.980108,1.980108,2.970162,1.980108,1.980108,1.980108,1.980108,1.980108,1.980108,1.980108,1.980108,1.980108,1.980108,1.980108,1.980108,1.980108,1.980108,1.980108,2.970162,1.980108,1.980108,1.980108,1.980108,1.980108,1.980108,1.980108,1.980108,1.980108,1.980108,1.980108,1.980108,1.980108,1.980108,1.980108,2.970162,1.980108,1.980108,1.980108,1.980108,1.980108,1.980108,1.980108,1.980108,1.980108,1.980108,1.980108,1.980108,1.980108,1.980108,1.980108,2.970162,1.980108,1.980108,1.980108,1.980108,1.980108,1.980108,1.980108,1.980108,1.980108,1.980108,1.980108,1.980108,1.980108,1.980108,1.980108,2.970162,1.980108,1.980108,1.980108,1.980108,1.980108,1.980108,1.980108,1.980108,1.980108,1.980108,1.980108,1.980108,1.980108,1.980108,1.980108,2.970162,1.980108,1.980108,1.980108,1.980108,1.980108,1.980108,2.970162,2.970162,2.970162,2.970162,2.970162,2.970162,2.970162,2.970162,2.970162,-29.917437,2.970162,2.970162,2.970162,2.970162,2.970162,2.970162,1.980108,1.980108,1.980108,1.980108,1.980108,1.980108,1.980108,1.980108,1.980108,2.970162,1.980108,1.980108,1.980108,1.980108,1.980108,1.980108
1.980108,1.980108,1.980108,1.980108,1.980108,1.980108,1.980108,1.980108,1.980108,1.980108,2.970162,1.980108,1.980108,1.980108,1.980108,1.980108,1.980108,1.980108,1.980108,1.980108,1.980108,1.980108,1.980108,1.980108,1.980108,1.980108,2.970162,1.980108,1.980108,1.980108,1.980108,1.980108,1.980108,1.980108,1.980108,1.980108,1.980108,1.980108,1.980108,1.980108,1.980108,1.980108,2.970162,1.980108,1.980108,1.980108,1.980108,1.980108,1.980108,1.980108,1.980108,1.980108,1.980108,1.980108,1.980108,1.980108,1.980108,1.980108,2.970162,1.980108,1.980108,1.980108,1.980108,1.980108,1.980108,1.980108,1.980108,1.980108,1.980108,1.980108,1.980108,1.980108,1.980108,1.980108,2.970162,1.980108,1.980108,1.980108,1.980108,1.980108,1.980108,1.980108,1.980108,1.980108,1.980108,1.980108,1.980108,1.980108,1.980108,1.980108,2.970162,1.980108,1.980108,1.980108,1.980108,1.980108,1.980108,1.980108,1.980108,1.980108,1.980108,1.980108,1.980108,1.980108,1.980108,1.980108,2.970162,1.980108,1.980108,1.980108,1.980108,1.980108,1.980108,1.980108,1.980108,1.980108,1.980108,1.980108,1.980108,1.980108,1.980108,1.980108,2.970162,1.980108,1.980108,1.980108,1.980108,1.980108,1.980108,1.980108,1.980108,1.980108,1.980108,1.980108,1.980108,1.980108,1.980108,1.980108,2.970162,1.980108,1.980108,1.980108,1.980108,1.980108,1.980108,1.980108,1.980108,1.980108,1.980108,1.980108,1.980108,1.980108,1.980108,1.980108,2.970162,1.980108,1.980108,1.980108,1.980108,1.980108,1.980108,1.980108,1.980108,1.980108,1.980108,1.980108,1.980108,1.980108,1.980108,1.980108,2.970162,1.980108,1.980108,1.980108,1.980108,1.980108,1.980108,1.980108,1.980108,1.980108,1.980108,1.980108,1.980108,1.980108,1.980108,1.980108,2.970162,1.980108,1.980108,1.980108,1.980108,1.980108,1.980108,1.980108,1.980108,1.980108,1.980108,1.980108,1.980108,1.980108,1.980108,1.980108,2.970162,1.980108,1.980108,1.980108,1.980108,1.980108,1.980108,1.980108,1.980108,1.980108,1.980108,1.980108,1.980108,1.980108,1.980108,1.980108,2.970162,1.980108,1.980108,1.980108,1.980108,1.980108,1.980108,1.980108,1.980108,1.980108,1.980108,1.980108,1.980108,1.980108,1.980108,1.980108,2.970162,1.980108,1.980108,1.980108,1.980108,1.980108,1.980108,1.980108,1.980108,1.980108,1.980108,1.980108,1.980108,1.980108,1.980108,1.980108,2.970162,1.980108,1.980108,1.980108,1.980108,1.980108,1.980108,1.980108,1.980108,1.980108,1.980108,1.980108,1.980108,1.980108,1.980108,1.980108,2.970162,1.980108,1.980108,1.980108,1.980108,1.980108,1.980108,1.980108,1.980108,1.980108,1.980108,1.980108,1.980108,1.980108,1.980108,1.980108,2.970162,1.980108,1.980108,1.980108,1.980108,1.980108,2.970162,2.970162,2.970162,2.970162,2.970162,2.970162,2.970162,2.970162,2.970162,2.970162,-30.324506,2.970162,2.970162,2.970162,2.970162,2.970162,1.980108,1.980108,1.980108,1.980108,1.980108,1.980108,1.980108,1.980108,1.980108,1.980108,2.970162,1.980108,1.980108,1.980108,1.980108,1.980108
1.980108,1.980108,1.980108,1.980108,1.980108,1.980108,1.980108,1.980108,1.980108,1.980108,1.980108,2.970162,1.980108,1.980108,1.980108,1.980108,1.980108,1.980108,1.980108,1.980108,1.980108,1.980108,1.980108,1.980108,1.980108,1.980108,1.980108,2.970162,1.980108,1.980108,1.980108,1.980108,1.980108,1.980108,1.980108,1.980108,1.980108,1.980108,1.980108,1.980108,1.980108,1.980108,1.980108,2.970162,1.980108,1.980108,1.980108,1.980108,1.980108,1.980108,1.980108,1.980108,1.980108,1.980108,1.980108,1.980108,1.980108,1.980108,1.980108,2.970162,1.980108,1.980108,1.980108,1.980108,1.980108,1.980108,1.980108,1.980108,1.980108,1.980108,1.980108,1.980108,1.980108,1.980108,1.980108,2.970162,1.980108,1.980108,1.980108,1.980108,1.980108,1.980108,1.980108,1.980108,1.980108,1.980108,1.980108,1.980108,1.980108,1.980108,1.980108,2.970162,1.980108,1.980108,1.980108,1.980108,1.980108,1.980108,1.980108,1.980108,1.980108,1.980108,1.980108,1.980108,1.980108,1.980108,1.980108,2.970162,1.980108,1.980108,1.980108,1.980108,1.980108,1.980108,1.980108,1.980108,1.980108,1.980108,1.980108,1.980108,1.980108,1.980108,1.980108,2.970162,1.980108,1.980108,1.980108,1.980108,1.980108,1.980108,1.980108,1.980108,1.980108,1.980108,1.980108,1.980108,1.980108,1.980108,1.980108,2.970162,1.980108,1.980108,1.980108,1.980108,1.980108,1.980108,1.980108,1.980108,1.980108,1.980108,1.980108,1.980108,1.980108,1.980108,1.980108,2.970162,1.980108,1.980108,1.980108,1.980108,1.980108,1.980108,1.980108,1.980108,1.980108,1.980108,1.980108,1.980108,1.980108,1.980108,1.980108,2.970162,1.980108,1.980108,1.980108,1.980108,1.980108,1.980108,1.980108,1.980108,1.980108,1.980108,1.980108,1.980108,1.980108,1.980108,1.980108,2.970162,1.980108,1.980108,1.980108,1.980108,1.980108,1.980108,1.980108,1.980108,1.980108,1.980108,1.980108,1.980108,1.980108,1.980108,1.980108,2.970162,1.980108,1.980108,1.980108,1.980108,1.980108,1.980108,1.980108,1.980108,1.980108,1.980108,1.980108,1.980108,1.980108,1.980108,1.980108,2.970162,1.980108,1.980108,1.980108,1.980108,1.980108,1.980108,1.980108,1.980108,1.980108,1.980108,1.980108,1.980108,1.980108,1.980108,1.980108,2.970162,1.980108,1.980108,1.980108,1.980108,1.980108,1.980108,1.980108,1.980108,1.980108,1.980108,1.980108,1.980108,1.980108,1.980108,1.980108,2.970162,1.980108,1.980108,1.980108,1.980108,1.980108,1.980108,1.980108,1.980108,1.980108,1.980108,1.980108,1.980108,1.980108,1.980108,1.980108,2.970162,1.980108,1.980108,1.980108,1.980108,1.980108,1.980108,1.980108,1.980108,1.980108,1.980108,1.980108,1.980108,1.980108,1.980108,1.980108,2.970162,1.980108,1.980108,1.980108,1.980108,2.970162,2.970162,2.970162,2.970162,2.970162,2.970162,2.970162,2.970162,2.970162,2.970162,2.970162,-29.786963,2.970162,2.970162,2.970162,2.970162,1.980108,1.980108,1.980108,1.980108,1.980108,1.980108,1.980108,1.980108,1.980108,1.980108,1.980108,2.970162,1.980108,1.980108,1.980108,1.980108
1.980108,1.980108,1.980108,1.980108,1.980108,1.980108,1.980108,1.980108,1.980108,1.980108,1.980108,1.980108,2.970162,1.980108,1.980108,1.980108,1.980108,1.980108,1.980108,1.980108,1.980108,1.980108,1.980108,1.980108,1.980108,1.980108,1.980108,1.980108,2.970162,1.980108,1.980108,1.980108,1.980108,1.980108,1.980108,1.980108,1.980108,1.980108,1.980108,1.980108,1.980108,1.980108,1.980108,1.980108,2.970162,1.980108,1.980108,1.980108,1.980108,1.980108,1.980108,1.980108,1.980108,1.980108,1.980108,1.980108,1.980108,1.980108,1.980108,1.980108,2.970162,1.980108,1.980108,1.980108,1.980108,1.980108,1.980108,1.980108,1.980108,1.980108,1.980108,1.980108,1.980108,1.980108,1.980108,1.980108,2.970162,1.980108,1.980108,1.980108,1.980108,1.980108,1.980108,1.980108,1.980108,1.980108,1.980108,1.980108,1.980108,1.980108,1.980108,1.980108,2.970162,1.980108,1.980108,1.980108,1.980108,1.980108,1.980108,1.980108,1.980108,1.980108,1.980108,1.980108,1.980108,1.980108,1.980108,1.980108,2.970162,1.980108,1.980108,1.980108,1.980108,1.980108,1.980108,1.980108,1.980108,1.980108,1.980108,1.980108,1.980108,1.980108,1.980108,1.980108,2.970162,1.980108,1.980108,1.980108,1.980108,1.980108,1.980108,1.980108,1.980108,1.980108,1.980108,1.980108,1.980108,1.980108,1.980108,1.980108,2.970162,1.980108,1.980108,1.980108,1.980108,1.980108,1.980108,1.980108,1.980108,1.980108,1.980108,1.980108,1.980108,1.980108,1.980108,1.980108,2.970162,1.980108,1.980108,1.980108,1.980108,1.980108,1.980108,1.980108,1.980108,1.980108,1.980108,1.980108,1.980108,1.980108,1.980108,1.980108,2.970162,1.980108,1.980108,1.980108,1.980108,1.980108,1.980108,1.980108,1.980108,1.980108,1.980108,1.980108,1.980108,1.980108,1.980108,1.980108,2.970162,1.980108,1.980108,1.980108,1.980108,1.980108,1.980108,1.980108,1.980108,1.980108,1.980108,1.980108,1.980108,1.980108,1.980108,1.980108,2.970162,1.980108,1.980108,1.980108,1.980108,1.980108,1.980108,1.980108,1.980108,1.980108,1.980108,1.980108,1.980108,1.980108,1.980108,1.980108,2.970162,1.980108,1.980108,1.980108,1.980108,1.980108,1.980108,1.980108,1.980108,1.980108,1.980108,1.980108,1.980108,1.980108,1.980108,1.980108,2.970162,1.980108,1.980108,1.980108,1.980108,1.980108,1.980108,1.980108,1.980108,1.980108,1.980108,1.980108,1.980108,1.980108,1.980108,1.980108,2.970162,1.980108,1.980108,1.980108,1.980108,1.980108,1.980108,1.980108,1.980108,1.980108,1.980108,1.980108,1.980108,1.980108,1.980108,1.980108,2.970162,1.980108,1.980108,1.980108,1.980108,1.980108,1.980108,1.980108,1.980108,1.980108,1.980108,1.980108,1.980108,1.980108,1.980108,1.980108,2.970162,1.980108,1.980108,1.980108,2.970162,2.970162,2.970162,2.970162,2.970162,2.970162,2.970162,2.970162,2.970162,2.970162,2.970162,2.970162,-29.753297,2.970162,2.970162,2.970162,1.980108,1.980108,1.980108,1.980108,1.980108,1.980108,1.980108,1.980108,1.980108,1.980108,1.980108,1.980108,2.970162,1.980108,1.980108,1.980108
1.980108,1.980108,1.980108,1.980108,1.980108,1.980108,1.980108,1.980108,1.980108,1.980108,1.980108,1.980108,1.980108,2.970162,1.980108,1.980108,1.980108,1.980108,1.980108,1.980108,1.980108,1.980108,1.980108,1.980108,1.980108,1.980108,1.980108,1.980108,1.980108,2.970162,1.980108,1.980108,1.980108,1.980108,1.980108,1.980108,1.980108,1.980108,1.980108,1.980108,1.980108,1.980108,1.980108,1.980108,1.980108,2.970162,1.980108,1.980108,1.980108,1.980108,1.980108,1.980108,1.980108,1.980108,1.980108,1.980108,1.980108,1.980108,1.980108,1.980108,1.980108,2.970162,1.980108,1.980108,1.980108,1.980108,1.980108,1.980108,1.980108,1.980108,1.980108,1.980108,1.980108,1.980108,1.980108,1.980108,1.980108,2.970162,1.980108,1.980108,1.980108,1.980108,1.980108,1.980108,1.980108,1.980108,1.980108,1.980108,1.980108,1.980108,1.980108,1.980108,1.980108,2.970162,1.980108,1.980108,1.980108,1.980108,1.980108,1.980108,1.980108,1.980108,1.980108,1.980108,1.980108,1.980108,1.980108,1.980108,1.980108,2.970162,1.980108,1.980108,1.980108,1.980108,1.980108,1.980108,1.980108,1.980108,1.980108,1.980108,1.980108,1.980108,1.980108,1.980108,1.980108,2.970162,1.980108,1.980108,1.980108,1.980108,1.980108,1.980108,1.980108,1.980108,1.980108,1.980108,1.980108,1.980108,1.980108,1.980108,1.980108,2.970162,1.980108,1.980108,1.980108,1.980108,1.980108,1.980108,1.980108,1.980108,1.980108,1.980108,1.980108,1.980108,1.980108,1.980108,1.980108,2.970162,1.980108,1.980108,1.980108,1.980108,1.980108,1.980108,1.980108,1.980108,1.980108,1.980108,1.980108,1.980108,1.980108,1.980108,1.980108,2.970162,1.980108,1.980108,1.980108,1.980108,1.980108,1.980108,1.980108,1.980108,1.980108,1.980108,1.980108,1.980108,1.980108,1.980108,1.980108,2.970162,1.980108,1.980108,1.980108,1.980108,1.980108,1.980108,1.980108,1.980108,1.980108,1.980108,1.980108,1.980108,1.980108,1.980108,1.980108,2.970162,1.980108,1.980108,1.980108,1.980108,1.980108,1.980108,1.980108,1.980108,1.980108,1.980108,1.980108,1.980108,1.980108,1.980108,1.980108,2.970162,1.980108,1.980108,1.980108,1.980108,1.980108,1.980108,1.980108,1.980108,1.980108,1.980108,1.980108,1.980108,1.980108,1.980108,1.980108,2.970162,1.980108,1.980108,1.980108,1.980108,1.980108,1.980108,1.980108,1.980108,1.980108,1.980108,1.980108,1.980108,1.980108,1.980108,1.980108,2.970162,1.980108,1.980108,1.980108,1.980108,1.980108,1.980108,1.980108,1.980108,1.980108,1.980108,1.980108,1.980108,1.980108,1.980108,1.980108,2.970162,1.980108,1.980108,1.980108,1.980108,1.980108,1.980108,1.980108,1.980108,1.980108,1.980108,1.980108,1.980108,1.980108,1.980108,1.980108,2.970162,1.980108,1.980108,2.970162,2.970162,2.970162,2.970162,2.970162,2.970162,2.970162,2.970162,2.970162,2.970162,2.970162,2.970162,2.970162,-30.232970,2.970162,2.970162,1.980108,1.980108,1.980108,1.980108,1.980108,1.980108,1.980108,1.980108,1.980108,1.980108,1.980108,1.980108,1.980108,2.970162,1.980108,1.980108
1.980108,1.980108,1.980108,1.980108,1.980108,1.980108,1.980108,1.980108,1.980108,1.980108,1.980108,1.980108,1.980108,1.980108,2.970162,1.980108,1.980108,1.980108,1.980108,1.980108,1.980108,1.980108,1.980108,1.980108,1.980108,1.980108,1.980108,1.980108,1.980108,1.980108,2.970162,1.980108,1.980108,1.980108,1.980108,1.980108,1.980108,1.980108,1.980108,1.980108,1.980108,1.980108,1.980108,1.980108,1.980108,1.980108,2.970162,1.980108,1.980108,1.980108,1.980108,1.980108,1.980108,1.980108,1.980108,1.980108,1.980108,1.980108,1.980108,1.980108,1.980108,1.980108,2.970162,1.980108,1.980108,1.980108,1.980108,1.980108,1.980108,1.980108,1.980108,1.980108,1.980108,1.980108,1.980108,1.980108,1.980108,1.980108,2.970162,1.980108,1.980108,1.980108,1.980108,1.980108,1.980108,1.980108,1.980108,1.980108,1.980108,1.980108,1.980108,1.980108,1.980108,1.980108,2.970162,1.980108,1.980108,1.980108,1.980108,1.980108,1.980108,1.980108,1.980108,1.980108,1.980108,1.980108,1.980108,1.980108,1.980108,1.980108,2.970162,1.980108,1.980108,1.980108,1.980108,1.980108,1.980108,1.980108,1.980108,1.980108,1.980108,1.980108,1.980108,1.980108,1.980108,1.980108,2.970162,1.980108,1.980108,1.980108,1.980108,1.980108,1.980108,1.980108,1.980108,1.980108,1.980108,1.980108,1.980108,1.980108,1.980108,1.980108,2.970162,1.980108,1.980108,1.980108,1.980108,1.980108,1.980108,1.980108,1.980108,1.980108,1.980108,1.980108,1.980108,1.980108,1.980108,1.980108,2.970162,1.980108,1.980108,1.980108,1.980108,1.980108,1.980108,1.980108,1.980108,1.980108,1.980108,1.980108,1.980108,1.980108,1.980108,1.980108,2.970162,1.980108,1.980108,1.980108,1.980108,1.980108,1.980108,1.980108,1.980108,1.980108,1.980108,1.980108,1.980108,1.980108,1.980108,1.980108,2.970162,1.980108,1.980108,1.980108,1.980108,1.980108,1.980108,1.980108,1.980108,1.980108,1.980108,1.980108,1.980108,1.980108,1.980108,1.980108,2.970162,1.980108,1.980108,1.980108,1.980108,1.980108,1.980108,1.980108,1.980108,1.980108,1.980108,1.980108,1.980108,1.980108,1.980108,1.980108,2.970162,1.980108,1.980108,1.980108,1.980108,1.980108,1.980108,1.980108,1.980108,1.980108,1.980108,1.980108,1.980108,1.980108,1.980108,1.980108,2.970162,1.980108,1.980108,1.980108,1.980108,1.980108,1.980108,1.980108,1.980108,1.980108,1.980108,1.980108,1.980108,1.980108,1.980108,1.980108,2.970162,1.980108,1.980108,1.980108,1.980108,1.980108,1.980108,1.980108,1.980108,1.980108,1.980108,1.980108,1.980108,1.980108,1.980108,1.980108,2.970162,1.980108,1.980108,1.980108,1.980108,1.980108,1.980108,1.980108,1.980108,1.980108,1.980108,1.980108,1.980108,1.980108,1.980108,1.980108,2.970162,1.980108,2.970162,2.970162,2.970162,2.970162,2.970162,2.970162,2.970162,2.970162,2.970162,2.970162,2.970162,2.970162,2.970162,2.970162,-30.242251,2.970162,1.980108,1.980108,1.980108,1.980108,1.980108,1.980108,1.980108,1.980108,1.980108,1.980108,1.980108,1.980108,1.980108,1.980108,2.970162,1.980108
1.980108,1.980108,1.980108,1.980108,1.980108,1.980108,1.980108,1.980108,1.980108,1.980108,1.980108,1.980108,1.980108,1.980108,1.980108,2.970162,1.980108,1.980108,1.980108,1.980108,1.980108,1.980108,1.980108,1.980108,1.980108,1.980108,1.980108,1.980108,1.980108,1.980108,1.980108,2.970162,1.980108,1.980108,1.980108,1.980108,1.980108,1.980108,1.980108,1.980108,1.980108,1.980108,1.980108,1.980108,1.980108,1.980108,1.980108,2.970162,1.980108,1.980108,1.980108,1.980108,1.980108,1.980108,1.980108,1.980108,1.980108,1.980108,1.980108,1.980108,1.980108,1.980108,1.980108,2.970162,1.980108,1.980108,1.980108,1.980108,1.980108,1.980108,1.980108,1.980108,1.980108,1.980108,1.980108,1.980108,1.980108,1.980108,1.980108,2.970162,1.980108,1.980108,1.980108,1.980108,1.980108,1.980108,1.980108,1.980108,1.980108,1.980108,1.980108,1.980108,1.980108,1.980108,1.980108,2.970162,1.980108,1.980108,1.980108,1.980108,1.980108,1.980108,1.980108,1.980108,1.980108,1.980108,1.980108,1.980108,1.980108,1.980108,1.980108,2.970162,1.980108,1.980108,1.980108,1.980108,1.980108,1.980108,1.980108,1.980108,1.980108,1.980108,1.980108,1.980108,1.980108,1.980108,1.980108,2.970162,1.980108,1.980108,1.980108,1.980108,1.980108,1.980108,1.980108,1.980108,1.980108,1.980108,1.980108,1.980108,1.980108,1.980108,1.980108,2.970162,1.980108,1.980108,1.980108,1.980108,1.980108,1.980108,1.980108,1.980108,1.980108,1.980108,1.980108,1.980108,1.980108,1.980108,1.980108,2.970162,1.980108,1.980108,1.980108,1.980108,1.980108,1.980108,1.980108,1.980108,1.980108,1.980108,1.980108,1.980108,1.980108,1.980108,1.980108,2.970162,1.980108,1.980108,1.980108,1.980108,1.980108,1.980108,1.980108,1.980108,1.980108,1.980108,1.980108,1.980108,1.980108,1.980108,1.980108,2.970162,1.980108,1.980108,1.980108,1.980108,1.980108,1.980108,1.980108,1.980108,1.980108,1.980108,1.980108,1.980108,1.980108,1.980108,1.980108,2.970162,1.980108,1.980108,1.980108,1.980108,1.980108,1.980108,1.980108,1.980108,1.980108,1.980108,1.980108,1.980108,1.980108,1.980108,1.980108,2.970162,1.980108,1.980108,1.980108,1.980108,1.980108,1.980108,1.980108,1.980108,1.980108,1.980108,1.980108,1.980108,1.980108,1.980108,1.980108,2.970162,1.980108,1.980108,1.980108,1.980108,1.980108,1.980108,1.980108,1.980108,1.980108,1.980108,1.980108,1.980108,1.980108,1.980108,1.980108,2.970162,1.980108,1.980108,1.980108,1.980108,1.980108,1.980108,1.980108,1.980108,1.980108,1.980108,1.980108,1.980108,1.980108,1.980108,1.980108,2.970162,1.980108,1.980108,1.980108,1.980108,1.980108,1.980108,1.980108,1.980108,1.980108,1.980108,1.980108,1.980108,1.980108,1.980108,1.980108,2.970162,2.970162,2.970162,2.970162,2.970162,2.970162,2.970162,2.970162,2.970162,2.970162,2.970162,2.970162,2.970162,2.970162,2.970162,2.970162,-30.339045,1.980108,1.980108,1.980108,1.980108,1.980108,1.980108,1.980108,1.980108,1.980108,1.980108,1.980108,1.980108,1.980108,1.980108,1.980108,2.970162
2.970162,1.980108,1.980108,1.980108,1.980108,1.980108,1.980108,1.980108,1.980108,1.980108,1.980108,1.980108,1.980108,1.980108,1.980108,1.980108,2.970162,1.980108,1.980108,1.980108,1.980108,1.980108,1.980108,1.980108,1.980108,1.980108,1.980108,1.980108,1.980108,1.980108,1.980108,1.980108,2.970162,1.980108,1.980108,1.980108,1.980108,1.980108,1.980108,1.980108,1.980108,1.980108,1.980108,1.980108,1.980108,1.980108,1.980108,1.980108,2.970162,1.980108,1.980108,1.980108,1.980108,1.980108,1.980108,1.980108,1.980108,1.980108,1.980108,1.980108,1.980108,1.980108,1.980108,1.980108,2.970162,1.980108,1.980108,1.980108,1.980108,1.980108,1.980108,1.980108,1.980108,1.980108,1.980108,1.980108,1.980108,1.980108,1.980108,1.980108,2.970162,1.980108,1.980108,1.980108,1.980108,1.980108,1.980108,1.980108,1.980108,1.980108,1.980108,1.980108,1.980108,1.980108,1.980108,1.980108,2.970162,1.980108,1.980108,1.980108,1.980108,1.980108,1.980108,1.980108,1.980108,1.980108,1.980108,1.980108,1.980108,1.980108,1.980108,1.980108,2.970162,1.980108,1.980108,1.980108,1.980108,1.980108,1.980108,1.980108,1.980108,1.980108,1.980108,1.980108,1.980108,1.980108,1.980108,1.980108,2.970162,1.980108,1.980108,1.980108,1.980108,1.980108,1.980108,1.980108,1.980108,1.980108,1.980108,1.980108,1.980108,1.980108,1.980108,1.980108,2.970162,1.980108,1.980108,1.980108,1.980108,1.980108,1.980108,1.980108,1.980108,1.980108,1.980108,1.980108,1.980108,1.980108,1.980108,1.980108,2.970162,1.980108,1.980108,1.980108,1.980108,1.980108,1.980108,1.980108,1.980108,1.980108,1.980108,1.980108,1.980108,1.980108,1.980108,1.980108,2.970162,1.980108,1.980108,1.980108,1.980108,1.980108,1.980108,1.980108,1.980108,1.980108,1.980108,1.980108,1.980108,1.980108,1.980108,1.980108,2.970162,1.980108,1.980108,1.980108,1.980108,1.980108,1.980108,1.980108,1.980108,1.980108,1.980108,1.980108,1.980108,1.980108,1.980108,1.980108,2.970162,1.980108,1.980108,1.980108,1.980108,1.980108,1.980108,1.980108,1.980108,1.980108,1.980108,1.980108,1.980108,1.980108,1.980108,1.980108,2.970162,1.980108,1.980108,1.980108,1.980108,1.980108,1.980108,1.980108,1.980108,1.980108,1.980108,1.980108,1.980108,1.980108,1.980108,1.980108,2.970162,1.980108,1.980108,1.980108,1.980108,1.980108,1.980108,1.980108,1.980108,1.980108,1.980108,1.980108,1.980108,1.980108,1.980108,1.980108,2.970162,1.980108,1.980108,1.980108,1.980108,1.980108,1.980108,1.980108,1.980108,1.980108,1.980108,1.980108,1.980108,1.980108,1.980108,1.980108,2.970162,1.980108,1.980108,1.980108,1.980108,1.980108,1.980108,1.980108,1.980108,1.980108,1.980108,1.980108,1.980108,1.980108,1.980108,1.980108,2.970162,1.980108,1.980108,1.980108,1.980108,1.980108,1.980108,1.980108,1.980108,1.980108,1.980108,1.980108,1.980108,1.980108,1.980108,1.980108,-30.427707,2.970162,2.970162,2.970162,2.970162,2.970162,2.970162,2.970162,2.970162,2.970162,2.970162,2.970162,2.970162,2.970162,2.970162,2.970162
1.980108,2.970162,1.980108,1.980108,1.980108,1.980108,1.980108,1.980108,1.980108,1.980108,1.980108,1.980108,1.980108,1.980108,1.980108,1.980108,1.980108,2.970162,1.980108,1.980108,1.980108,1.980108,1.980108,1.980108,1.980108,1.980108,1.980108,1.980108,1.980108,1.980108,1.980108,1.980108,1.980108,2.970162,1.980108,1.980108,1.980108,1.980108,1.980108,1.980108,1.980108,1.980108,1.980108,1.980108,1.980108,1.980108,1.980108,1.980108,1.980108,2.970162,1.980108,1.980108,1.980108,1.980108,1.980108,1.980108,1.980108,1.980108,1.980108,1.980108,1.980108,1.980108,1.980108,1.980108,1.980108,2.970162,1.980108,1.980108,1.980108,1.980108,1.980108,1.980108,1.980108,1.980108,1.980108,1.980108,1.980108,1.980108,1.980108,1.980108,1.980108,2.970162,1.980108,1.980108,1.980108,1.980108,1.980108,1.980108,1.980108,1.980108,1.980108,1.980108,1.980108,1.980108,1.980108,1.980108,1.980108,2.970162,1.980108,1.980108,1.980108,1.980108,1.980108,1.980108,1.980108,1.980108,1.980108,1.980108,1.980108,1.980108,1.980108,1.980108,1.980108,2.970162,1.980108,1.980108,1.980108,1.980108,1.980108,1.980108,1.980108,1.980108,1.980108,1.980108,1.980108,1.980108,1.980108,1.980108,1.980108,2.970162,1.980108,1.980108,1.980108,1.980108,1.980108,1.980108,1.980108,1.980108,1.980108,1.980108,1.980108,1.980108,1.980108,1.980108,1.980108,2.970162,1.980108,1.980108,1.980108,1.980108,1.980108,1.980108,1.980108,1.980108,1.980108,1.980108,1.980108,1.980108,1.980108,1.980108,1.980108,2.970162,1.980108,1.980108,1.980108,1.980108,1.980108,1.980108,1.980108,1.980108,1.980108,1.980108,1.980108,1.980108,1.980108,1.980108,1.980108,2.970162,1.980108,1.980108,1.980108,1.980108,1.980108,1.980108,1.980108,1.980108,1.980108,1.980108,1.980108,1.980108,1.980108,1.980108,1.980108,2.970162,1.980108,1.980108,1.980108,1.980108,1.980108,1.980108,1.980108,1.980108,1.980108,1.980108,1.980108,1.980108,1.980108,1.980108,1.980108,2.970162,1.980108,1.980108,1.980108,1.980108,1.980108,1.980108,1.980108,1.980108,1.980108,1.980108,1.980108,1.980108,1.980108,1.980108,1.980108,2.970162,1.980108,1.980108,1.980108,1.980108,1.980108,1.980108,1.980108,1.980108,1.980108,1.980108,1.980108,1.980108,1.980108,1.980108,1.980108,2.970162,1.980108,1.980108,1.980108,1.980108,1.980108,1.980108,1.980108,1.980108,1.980108,1.980108,1.980108,1.980108,1.980108,1.980108,1.980108,2.970162,1.980108,1.980108,1.980108,1.980108,1.980108,1.980108,1.980108,1.980108,1.980108,1.980108,1.980108,1.980108,1.980108,1.980108,1.980108,2.970162,1.980108,1.980108,1.980108,1.980108,1.980108,1.980108,1.980108,1.980108,1.980108,1.980108,1.980108,1.980108,1.980108,1.980108,1.980108,2.970162,1.980108,1.980108,1.980108,1.980108,1.980108,1.980108,1.980108,1.980108,1.980108,1.980108,1.980108,1.980108,1.980108,1.980108,2.970162,-30.677468,2.970162,2.970162,2.970162,2.970162,2.970162,2.970162,2.970162,2.970162,2.970162,2.970162,2.970162,2.970162,2.970162,2.970162
1.980108,1.980108,2.970162,1.980108,1.980108,1.980108,1.980108,1.980108,1.980108,1.980108,1.980108,1.980108,1.980108,1.980108,1.980108,1.980108,1.980108,1.980108,2.970162,1.980108,1.980108,1.980108,1.980108,1.980108,1.980108,1.980108,1.980108,1.980108,1.980108,1.980108,1.980108,1.980108,1.980108,1.980108,2.970162,1.980108,1.980108,1.980108,1.980108,1.980108,1.980108,1.980108,1.980108,1.980108,1.980108,1.980108,1.980108,1.980108,1.980108,1.980108,2.970162,1.980108,1.980108,1.980108,1.980108,1.980108,1.980108,1.980108,1.980108,1.980108,1.980108,1.980108,1.980108,1.980108,1.980108,1.980108,2.970162,1.980108,1.980108,1.980108,1.980108,1.980108,1.980108,1.980108,1.980108,1.980108,1.980108,1.980108,1.980108,1.980108,1.980108,1.980108,2.970162,1.980108,1.980108,1.980108,1.980108,1.980108,1.980108,1.980108,1.980108,1.980108,1.980108,1.980108,1.980108,1.980108,1.980108,1.980108,2.970162,1.980108,1.980108,1.980108,1.980108,1.980108,1.980108,1.980108,1.980108,1.980108,1.980108,1.980108,1.980108,1.980108,1.980108,1.980108,2.970162,1.980108,1.980108,1.980108,1.980108,1.980108,1.980108,1.980108,1.980108,1.980108,1.980108,1.980108,1.980108,1.980108,1.980108,1.980108,2.970162,1.980108,1.980108,1.980108,1.980108,1.980108,1.980108,1.980108,1.980108,1.980108,1.980108,1.980108,1.980108,1.980108,1.980108,1.980108,2.970162,1.980108,1.980108,1.980108,1.980108,1.980108,1.980108,1.980108,1.980108,1.980108,1.980108,1.980108,1.980108,1.980108,1.980108,1.980108,2.970162,1.980108,1.980108,1.980108,1.980108,1.980108,1.980108,1.980108,1.980108,1.980108,1.980108,1.980108,1.980108,1.980108,1.980108,1.980108,2.970162,1.980108,1.980108,1.980108,1.980108,1.980108,1.980108,1.980108,1.980108,1.980108,1.980108,1.980108,1.980108,1.980108,1.980108,1.980108,2.970162,1.980108,1.980108,1.980108,1.980108,1.980108,1.980108,1.980108,1.980108,1.980108,1.980108,1.980108,1.980108,1.980108,1.980108,1.980108,2.970162,1.980108,1.980108,1.980108,1.980108,1.980108,1.980108,1.980108,1.980108,1.980108,1.980108,1.980108,1.980108,1.980108,1.980108,1.980108,2.970162,1.980108,1.980108,1.980108,1.980108,1.980108,1.980108,1.980108,1.980108,1.980108,1.980108,1.980108,1.980108,1.980108,1.980108,1.980108,2.970162,1.980108,1.980108,1.980108,1.980108,1.980108,1.980108,1.980108,1.980108,1.980108,1.980108,1.980108,1.980108,1.980108,1.980108,1.980108,2.970162,1.980108,1.980108,1.980108,1.980108,1.980108,1.980108,1.980108,1.980108,1.980108,1.980108,1.980108,1.980108,1.980108,1.980108,1.980108,2.970162,1.980108,1.980108,1.980108,1.980108,1.980108,1.980108,1.980108,1.980108,1.980108,1.980108,1.980108,1.980108,1.980108,1.980108,1.980108,2.970162,1.980108,1.980108,1.980108,1.980108,1.980108,1.980108,1.980108,1.980108,1.980108,1.980108,1.980108,1.980108,1.980108,2.970162,2.970162,-30.217916,2.970162,2.970162,2.970162,2.970162,2.970162,2.970162,2.970162,2.970162,2.970162,2.970162,2.970162,2.970162,2.970162
1.980108,1.980108,1.980108,2.970162,1.980108,1.980108,1.980108,1.980108,1.980108,1.980108,1.980108,1.980108,1.980108,1.980108,1.980108,1.980108,1.980108,1.980108,1.980108,2.970162,1.980108,1.980108,1.980108,1.980108,1.980108,1.980108,1.980108,1.980108,1.980108,1.980108,1.980108,1.980108,1.980108,1.980108,1.980108,2.970162,1.980108,1.980108,1.980108,1.980108,1.980108,1.980108,1.980108,1.980108,1.980108,1.980108,1.980108,1.980108,1.980108,1.980108,1.980108,2.970162,1.980108,1.980108,1.980108,1.980108,1.980108,1.980108,1.980108,1.980108,1.980108,1.980108,1.980108,1.980108,1.980108,1.980108,1.980108,2.970162,1.980108,1.980108,1.980108,1.980108,1.980108,1.980108,1.980108,1.980108,1.980108,1.980108,1.980108,1.980108,1.980108,1.980108,1.980108,2.970162,1.980108,1.980108,1.980108,1.980108,1.980108,1.980108,1.980108,1.980108,1.980108,1.980108,1.980108,1.980108,1.980108,1.980108,1.980108,2.970162,1.980108,1.980108,1.980108,1.980108,1.980108,1.980108,1.980108,1.980108,1.980108,1.980108,1.980108,1.980108,1.980108,1.980108,1.980108,2.970162,1.980108,1.980108,1.980108,1.980108,1.980108,1.980108,1.980108,1.980108,1.980108,1.980108,1.980108,1.980108,1.980108,1.980108,1.980108,2.970162,1.980108,1.980108,1.980108,1.980108,1.980108,1.980108,1.980108,1.980108,1.980108,1.980108,1.980108,1.980108,1.980108,1.980108,1.980108,2.970162,1.980108,1.980108,1.980108,1.980108,1.980108,1.980108,1.980108,1.980108,1.980108,1.980108,1.980108,1.980108,1.980108,1.980108,1.980108,2.970162,1.980108,1.980108,1.980108,1.980108,1.980108,1.980108,1.980108,1.980108,1.980108,1.980108,1.980108,1.980108,1.980108,1.980108,1.980108,2.970162,1.980108,1.980108,1.980108,1.980108,1.980108,1.980108,1.980108,1.980108,1.980108,1.980108,1.980108,1.980108,1.980108,1.980108,1.980108,2.970162,1.980108,1.980108,1.980108,1.980108,1.980108,1.980108,1.980108,1.980108,1.980108,1.980108,1.980108,1.980108,1.980108,1.980108,1.980108,2.970162,1.980108,1.980108,1.980108,1.980108,1.980108,1.980108,1.980108,1.980108,1.980108,1.980108,1.980108,1.980108,1.980108,1.980108,1.980108,2.970162,1.980108,1.980108,1.980108,1.980108,1.980108,1.980108,1.980108,1.980108,1.980108,1.980108,1.980108,1.980108,1.980108,1.980108,1.980108,2.970162,1.980108,1.980108,1.980108,1.980108,1.980108,1.980108,1.980108,1.980108,1.980108,1.980108,1.980108,1.980108,1.980108,1.980108,1.980108,2.970162,1.980108,1.980108,1.980108,1.980108,1.980108,1.980108,1.980108,1.980108,1.980108,1.980108,1.980108,1.980108,1.980108,1.980108,1.980108,2.970162,1.980108,1.980108,1.980108,1.980108,1.980108,1.980108,1.980108,1.980108,1.980108,1.980108,1.980108,1.980108,1.980108,1.980108,1.980108,2.970162,1.980108,1.980108,1.980108,1.980108,1.980108,1.980108,1.980108,1.980108,1.980108,1.980108,1.980108,1.980108,2.970162,2.970162,2.970162,-30.024572,2.970162,2.970162,2.970162,2.970162,2.970162,2.970162,2.970162,2.970162,2.970162,2.970162,2.970162,2.970162
1.980108,1.980108,1.980108,1.980108,2.970162,1.980108,1.980108,1.980108,1.980108,1.980108,1.980108,1.980108,1.980108,1.980108,1.980108,1.980108,1.980108,1.980108,1.980108,1.980108,2.970162,1.980108,1.980108,1.980108,1.980108,1.980108,1.980108,1.980108,1.980108,1.980108,1.980108,1.980108,1.980108,1.980108,1.980108,1.980108,2.970162,1.980108,1.980108,1.980108,1.980108,1.980108,1.980108,1.980108,1.980108,1.980108,1.980108,1.980108,1.980108,1.980108,1.980108,1.980108,2.970162,1.980108,1.980108,1.980108,1.980108,1.980108,1.980108,1.980108,1.980108,1.980108,1.980108,1.980108,1.980108,1.980108,1.980108,1.980108,2.970162,1.980108,1.980108,1.980108,1.980108,1.980108,1.980108,1.980108,1.980108,1.980108,1.980108,1.980108,1.980108,1.980108,1.980108,1.980108,2.970162,1.980108,1.980108,1.980108,1.980108,1.980108,1.980108,1.980108,1.980108,1.980108,1.980108,1.980108,1.980108,1.980108,1.980108,1.980108,2.970162,1.980108,1.980108,1.980108,1.980108,1.980108,1.980108,1.980108,1.980108,1.980108,1.980108,1.980108,1.980108,1.980108,1.980108,1.980108,2.970162,1.980108,1.980108,1.980108,1.980108,1.980108,1.980108,1.980108,1.980108,1.980108,1.980108,1.980108,1.980108,1.980108,1.980108,1.980108,2.970162,1.980108,1.980108,1.980108,1.980108,1.980108,1.980108,1.980108,1.980108,1.980108,1.980108,1.980108,1.980108,1.980108,1.980108,1.980108,2.970162,1.980108,1.980108,1.980108,1.980108,1.980108,1.980108,1.980108,1.980108,1.980108,1.980108,1.980108,1.980108,1.980108,1.980108,1.980108,2.970162,1.980108,1.980108,1.980108,1.980108,1.980108,1.980108,1.980108,1.980108,1.980108,1.980108,1.980108,1.980108,1.980108,1.980108,1.980108,2.970162,1.980108,1.980108,1.980108,1.980108,1.980108,1.980108,1.980108,1.980108,1.980108,1.980108,1.980108,1.980108,1.980108,1.980108,1.980108,2.970162,1.980108,1.980108,1.980108,1.980108,1.980108,1.980108,1.980108,1.980108,1.980108,1.980108,1.980108,1.980108,1.980108,1.980108,1.980108,2.970162,1.980108,1.980108,1.980108,1.980108,1.980108,1.980108,1.980108,1.980108,1.980108,1.980108,1.980108,1.980108,1.980108,1.980108,1.980108,2.970162,1.980108,1.980108,1.980108,1.980108,1.980108,1.980108,1.980108,1.980108,1.980108,1.980108,1.980108,1.980108,1.980108,1.980108,1.980108,2.970162,1.980108,1.980108,1.980108,1.980108,1.980108,1.980108,1.980108,1.980108,1.980108,1.980108,1.980108,1.980108,1.980108,1.980108,1.980108,2.970162,1.980108,1.980108,1.980108,1.980108,1.980108,1.980108,1.980108,1.980108,1.980108,1.980108,1.980108,1.980108,1.980108,1.980108,1.980108,2.970162,1.980108,1.980108,1.980108,1.980108,1.980108,1.980108,1.980108,1.980108,1.980108,1.980108,1.980108,1.980108,1.980108,1.980108,1.980108,2.970162,1.980108,1.980108,1.980108,1.980108,1.980108,1.980108,1.980108,1.980108,1.980108,1.980108,1.980108,2.970162,2.970162,2.970162,2.970162,-30.496802,2.970162,2.970162,2.970162,2.970162,2.970162,2.970162,2.970162,2.970162,2.970162,2.970162,2.970162
1.980108,1.980108,1.980108,1.980108,1.980108,2.970162,1.980108,1.980108,1.980108,1.980108,1.980108,1.980108,1.980108,1.980108,1.980108,1.980108,1.980108,1.980108,1.980108,1.980108,1.980108,2.970162,1.980108,1.980108,1.980108,1.980108,1.980108,1.980108,1.980108,1.980108,1.980108,1.980108,1.980108,1.980108,1.980108,1.980108,1.980108,2.970162,1.980108,1.980108,1.980108,1.980108,1.980108,1.980108,1.980108,1.980108,1.980108,1.980108,1.980108,1.980108,1.980108,1.980108,1.980108,2.970162,1.980108,1.980108,1.980108,1.980108,1.980108,1.980108,1.980108,1.980108,1.980108,1.980108,1.980108,1.980108,1.980108,1.980108,1.980108,2.970162,1.980108,1.980108,1.980108,1.980108,1.980108,1.980108,1.980108,1.980108,1.980108,1.980108,1.980108,1.980108,1.980108,1.980108,1.980108,2.970162,1.980108,1.980108,1.980108,1.980108,1.980108,1.980108,1.980108,1.980108,1.980108,1.980108,1.980108,1.980108,1.980108,1.980108,1.980108,2.970162,1.980108,1.980108,1.980108,1.980108,1.980108,1.980108,1.980108,1.980108,1.980108,1.980108,1.980108,1.980108,1.980108,1.980108,1.980108,2.970162,1.980108,1.980108,1.980108,1.980108,1.980108,1.980108,1.980108,1.980108,1.980108,1.980108,1.980108,1.980108,1.980108,1.980108,1.980108,2.970162,1.980108,1.980108,1.980108,1.980108,1.980108,1.980108,1.980108,1.980108,1.980108,1.980108,1.980108,1.980108,1.980108,1.980108,1.980108,2.970162,1.980108,1.980108,1.980108,1.980108,1.980108,1.980108,1.980108,1.980108,1.980108,1.980108,1.980108,1.980108,1.980108,1.980108,1.980108,2.970162,1.980108,1.980108,1.980108,1.980108,1.980108,1.980108,1.980108,1.980108,1.980108,1.980108,1.980108,1.980108,1.980108,1.980108,1.980108,2.970162,1.980108,1.980108,1.980108,1.980108,1.980108,1.980108,1.980108,1.980108,1.980108,1.980108,1.980108,1.980108,1.980108,1.980108,1.980108,2.970162,1.980108,1.980108,1.980108,1.980108,1.980108,1.980108,1.980108,1.980108,1.980108,1.980108,1.980108,1.980108,1.980108,1.980108,1.980108,2.970162,1.980108,1.980108,1.980108,1.980108,1.980108,1.980108,1.980108,1.980108,1.980108,1.980108,1.980108,1.980108,1.980108,1.980108,1.980108,2.970162,1.980108,1.980108,1.980108,1.980108,1.980108,1.980108,1.980108,1.980108,1.980108,1.980108,1.980108,1.980108,1.980108,1.980108,1.980108,2.970162,1.980108,1.980108,1.980108,1.980108,1.980108,1.980108,1.980108,1.980108,1.980108,1.980108,1.980108,1.980108,1.980108,1.980108,1.980108,2.970162,1.980108,1.980108,1.980108,1.980108,1.980108,1.980108,1.980108,1.980108,1.980108,1.980108,1.980108,1.980108,1.980108,1.980108,1.980108,2.970162,1.980108,1.980108,1.980108,1.980108,1.980108,1.980108,1.980108,1.980108,1.980108,1.980108,1.980108,1.980108,1.980108,1.980108,1.980108,2.970162,1.980108,1.980108,1.980108,1.980108,1.980108,1.980108,1.980108,1.980108,1.980108,1.980108,2.970162,2.970162,2.970162,2.970162,2.970162,-29.972448,2.970162,2.970162,2.970162,2.970162,2.970162,2.970162,2.970162,2.970162,2.970162,2.970162
1.980108,1.980108,1.980108,1.980108,1.980108,1.980108,2.970162,1.980108,1.980108,1.980108,1.980108,1.980108,1.980108,1.980108,1.980108,1.980108,1.980108,1.980108,1.980108,1.980108,1.980108,1.980108,2.970162,1.980108,1.980108,1.980108,1.980108,1.980108,1.980108,1.980108,1.980108,1.980108,1.980108,1.980108,1.980108,1.980108,1.980108,1.980108,2.970162,1.980108,1.980108,1.980108,1.980108,1.980108,1.980108,1.980108,1.980108,1.980108,1.980108,1.980108,1.980108,1.980108,1.980108,1.980108,2.970162,1.980108,1.980108,1.980108,1.980108,1.980108,1.980108,1.980108,1.980108,1.980108,1.980108,1.980108,1.980108,1.980108,1.980108,1.980108,2.970162,1.980108,1.980108,1.980108,1.980108,1.980108,1.980108,1.980108,1.980108,1.980108,1.980108,1.980108,1.980108,1.980108,1.980108,1.980108,2.970162,1.980108,1.980108,1.980108,1.980108,1.980108,1.980108,1.980108,1.980108,1.980108,1.980108,1.980108,1.980108,1.980108,1.980108,1.980108,2.970162,1.980108,1.980108,1.980108,1.980108,1.980108,1.980108,1.980108,1.980108,1.980108,1.980108,1.980108,1.980108,1.980108,1.980108,1.980108,2.970162,1.980108,1.980108,1.980108,1.980108,1.980108,1.980108,1.980108,1.980108,1.980108,1.980108,1.980108,1.980108,1.980108,1.980108,1.980108,2.970162,1.980108,1.980108,1.980108,1.980108,1.980108,1.980108,1.980108,1.980108,1.980108,1.980108,1.980108,1.980108,1.980108,1.980108,1.980108,2.970162,1.980108,1.980108,1.980108,1.980108,1.980108,1.980108,1.980108,1.980108,1.980108,1.980108,1.980108,1.980108,1.980108,1.980108,1.980108,2.970162,1.980108,1.980108,1.980108,1.980108,1.980108,1.980108,1.980108,1.980108,1.980108,1.980108,1.980108,1.980108,1.980108,1.980108,1.980108,2.970162,1.980108,1.980108,1.980108,1.980108,1.980108,1.980108,1.980108,1.980108,1.980108,1.980108,1.980108,1.980108,1.980108,1.980108,1.980108,2.970162,1.980108,1.980108,1.980108,1.980108,1.980108,1.980108,1.980108,1.980108,1.980108,1.980108,1.980108,1.980108,1.980108,1.980108,1.980108,2.970162,1.980108,1.980108,1.980108,1.980108,1.980108,1.980108,1.980108,1.980108,1.980108,1.980108,1.980108,1.980108,1.980108,1.980108,1.980108,2.970162,1.980108,1.980108,1.980108,1.980108,1.980108,1.980108,1.980108,1.980108,1.980108,1.980108,1.980108,1.980108,1.980108,1.980108,1.980108,2.970162,1.980108,1.980108,1.980108,1.980108,1.980108,1.980108,1.980108,1.980108,1.980108,1.980108,1.980108,1.980108,1.980108,1.980108,1.980108,2.970162,1.980108,1.980108,1.980108,1.980108,1.980108,1.980108,1.980108,1.980108,1.980108,1.980108,1.980108,1.980108,1.980108,1.980108,1.980108,2.970162,1.980108,1.980108,1.980108,1.980108,1.980108,1.980108,1.980108,1.980108,1.980108,1.980108,1.980108,1.980108,1.980108,1.980108,1.980108,2.970162,1.980108,1.980108,1.980108,1.980108,1.980108,1.980108,1.980108,1.980108,1.980108,2.970162,2.970162,2.970162,2.970162,2.970162,2.970162,-30.140587,2.970162,2.970162,2.970162,2.970162,2.970162,2.970162,2.970162,2.970162,2.970162
1.980108,1.980108,1.980108,1.980108,1.980108,1.980108,1.980108,2.970162,1.980108,1.980108,1.980108,1.980108,1.980108,1.980108,1.980108,1.980108,1.980108,1.980108,1.980108,1.980108,1.980108,1.980108,1.980108,2.970162,1.980108,1.980108,1.980108,1.980108,1.980108,1.980108,1.980108,1.980108,1.980108,1.980108,1.980108,1.980108,1.980108,1.980108,1.980108,2.970162,1.980108,1.980108,1.980108,1.980108,1.980108,1.980108,1.980108,1.980108,1.980108,1.980108,1.980108,1.980108,1.980108,1.980108,1.980108,2.970162,1.980108,1.980108,1.980108,1.980108,1.980108,1.980108,1.980108,1.980108,1.980108,1.980108,1.980108,1.980108,1.980108,1.980108,1.980108,2.970162,1.980108,1.980108,1.980108,1.980108,1.980108,1.980108,1.980108,1.980108,1.980108,1.980108,1.980108,1.980108,1.980108,1.980108,1.980108,2.970162,1.980108,1.980108,1.980108,1.980108,1.980108,1.980108,1.980108,1.980108,1.980108,1.980108,1.980108,1.980108,1.980108,1.980108,1.980108,2.970162,1.980108,1.980108,1.980108,1.980108,1.980108,1.980108,1.980108,1.980108,1.980108,1.980108,1.980108,1.980108,1.980108,1.980108,1.980108,2.970162,1.980108,1.980108,1.980108,1.980108,1.980108,1.980108,1.980108,1.980108,1.980108,1.980108,1.980108,1.980108,1.980108,1.980108,1.980108,2.970162,1.980108,1.980108,1.980108,1.980108,1.980108,1.980108,1.980108,1.980108,1.980108,1.980108,1.980108,1.980108,1.980108,1.980108,1.980108,2.970162,1.980108,1.980108,1.980108,1.980108,1.980108,1.980108,1.980108,1.980108,1.980108,1.980108,1.980108,1.980108,1.980108,1.980108,1.980108,2.970162,1.980108,1.980108,1.980108,1.980108,1.980108,1.980108,1.980108,1.980108,1.980108,1.980108,1.980108,1.980108,1.980108,1.980108,1.980108,2.970162,1.980108,1.980108,1.980108,1.980108,1.980108,1.980108,1.980108,1.980108,1.980108,1.980108,1.980108,1.980108,1.980108,1.980108,1.980108,2.970162,1.980108,1.980108,1.980108,1.980108,1.980108,1.980108,1.980108,1.980108,1.980108,1.980108,1.980108,1.980108,1.980108,1.980108,1.980108,2.970162,1.980108,1.980108,1.980108,1.980108,1.980108,1.980108,1.980108,1.980108,1.980108,1.980108,1.980108,1.980108,1.980108,1.980108,1.980108,2.970162,1.980108,1.980108,1.980108,1.980108,1.980108,1.980108,1.980108,1.980108,1.980108,1.980108,1.980108,1.980108,1.980108,1.980108,1.980108,2.970162,1.980108,1.980108,1.980108,1.980108,1.980108,1.980108,1.980108,1.980108,1.980108,1.980108,1.980108,1.980108,1.980108,1.980108,1.980108,2.970162,1.980108,1.980108,1.980108,1.980108,1.980108,1.980108,1.980108,1.980108,1.980108,1.980108,1.980108,1.980108,1.980108,1.980108,1.980108,2.970162,1.980108,1.980108,1.980108,1.980108,1.980108,1.980108,1.980108,1.980108,1.980108,1.980108,1.980108,1.980108,1.980108,1.980108,1.980108,2.970162,1.980108,1.980108,1.980108,1.980108,1.980108,1.980108,1.980108,1.980108,2.970162,2.970162,2.970162,2.970162,2.970162,2.970162,2.970162,-29.780072,2.970162,2.970162,2.970162,2.970162,2.970162,2.970162,2.970162,2.970162
1.980108,1.980108,1.980108,1.980108,1.980108,1.980108,1.980108,1.980108,2.970162,1.980108,1.980108,1.980108,1.980108,1.980108,1.980108,1.980108,1.980108,1.980108,1.980108,1.980108,1.980108,1.980108,1.980108,1.980108,2.970162,1.980108,1.980108,1.980108,1.980108,1.980108,1.980108,1.980108,1.980108,1.980108,1.980108,1.980108,1.980108,1.980108,1.980108,1.980108,2.970162,1.980108,1.980108,1.980108,1.980108,1.980108,1.980108,1.980108,1.980108,1.980108,1.980108,1.980108,1.980108,1.980108,1.980108,1.980108,2.970162,1.980108,1.980108,1.980108,1.980108,1.980108,1.980108,1.980108,1.980108,1.980108,1.980108,1.980108,1.980108,1.980108,1.980108,1.980108,2.970162,1.980108,1.980108,1.980108,1.980108,1.980108,1.980108,1.980108,1.980108,1.980108,1.980108,1.980108,1.980108,1.980108,1.980108,1.980108,2.970162,1.980108,1.980108,1.980108,1.980108,1.980108,1.980108,1.980108,1.980108,1.980108,1.980108,1.980108,1.980108,1.980108,1.980108,1.980108,2.970162,1.980108,1.980108,1.980108,1.980108,1.980108,1.980108,1.980108,1.980108,1.980108,1.980108,1.980108,1.980108,1.980108,1.980108,1.980108,2.970162,1.980108,1.980108,1.980108,1.980108,1.980108,1.980108,1.980108,1.980108,1.980108,1.980108,1.980108,1.980108,1.980108,1.980108,1.980108,2.970162,1.980108,1.980108,1.980108,1.980108,1.980108,1.980108,1.980108,1.980108,1.980108,1.980108,1.980108,1.980108,1.980108,1.980108,1.980108,2.970162,1.980108,1.980108,1.980108,1.980108,1.980108,1.980108,1.980108,1.980108,1.980108,1.980108,1.980108,1.980108,1.980108,1.980108,1.980108,2.970162,1.980108,1.980108,1.980108,1.980108,1.980108,1.980108,1.980108,1.980108,1.980108,1.980108,1.980108,1.980108,1.980108,1.980108,1.980108,2.970162,1.980108,1.980108,1.980108,1.980108,1.980108,1.980108,1.980108,1.980108,1.980108,1.980108,1.980108,1.980108,1.980108,1.980108,1.980108,2.970162,1.980108,1.980108,1.980108,1.980108,1.980108,1.980108,1.980108,1.980108,1.980108,1.980108,1.980108,1.980108,1.980108,1.980108,1.980108,2.970162,1.980108,1.980108,1.980108,1.980108,1.980108,1.980108,1.980108,1.980108,1.980108,1.980108,1.980108,1.980108,1.980108,1.980108,1.980108,2.970162,1.980108,1.980108,1.980108,1.980108,1.980108,1.980108,1.980108,1.980108,1.980108,1.980108,1.980108,1.980108,1.980108,1.980108,1.980108,2.970162,1.980108,1.980108,1.980108,1.980108,1.980108,1.980108,1.980108,1.980108,1.980108,1.980108,1.980108,1.980108,1.980108,1.980108,1.980108,2.970162,1.980108,1.980108,1.980108,1.980108,1.980108,1.980108,1.980108,1.980108,1.980108,1.980108,1.980108,1.980108,1.980108,1.980108,1.980108,2.970162,1.980108,1.980108,1.980108,1.980108,1.980108,1.980108,1.980108,1.980108,1.980108,1.980108,1.980108,1.980108,1.980108,1.980108,1.980108,2.970162,1.980108,1.980108,1.980108,1.980108,1.980108,1.980108,1.980108,2.970162,2.970162,2.970162,2.970162,2.970162,2.970162,2.970162,2.970162,-29.726966,2.970162,2.970162,2.970162,2.970162,2.970162,2.970162,2.970162
1.980108,1.980108,1.980108,1.980108,1.980108,1.980108,1.980108,1.980108,1.980108,2.970162,1.980108,1.980108,1.980108,1.980108,1.980108,1.980108,1.980108,1.980108,1.980108,1.980108,1.980108,1.980108,1.980108,1.980108,1.980108,2.970162,1.980108,1.980108,1.980108,1.980108,1.980108,1.980108,1.980108,1.980108,1.980108,1.980108,1.980108,1.980108,1.980108,1.980108,1.980108,2.970162,1.980108,1.980108,1.980108,1.980108,1.980108,1.980108,1.980108,1.980108,1.980108,1.980108,1.980108,1.980108,1.980108,1.980108,1.980108,2.970162,1.980108,1.980108,1.980108,1.980108,1.980108,1.980108,1.980108,1.980108,1.980108,1.980108,1.980108,1.980108,1.980108,1.980108,1.980108,2.970162,1.980108,1.980108,1.980108,1.980108,1.980108,1.980108,1.980108,1.980108,1.980108,1.980108,1.980108,1.980108,1.980108,1.980108,1.980108,2.970162,1.980108,1.980108,1.980108,1.980108,1.980108,1.980108,1.980108,1.980108,1.980108,1.980108,1.980108,1.980108,1.980108,1.980108,1.980108,2.970162,1.980108,1.980108,1.980108,1.980108,1.980108,1.980108,1.980108,1.980108,1.980108,1.980108,1.980108,1.980108,1.980108,1.980108,1.980108,2.970162,1.980108,1.980108,1.980108,1.980108,1.980108,1.980108,1.980108,1.980108,1.980108,1.980108,1.980108,1.980108,1.980108,1.980108,1.980108,2.970162,1.980108,1.980108,1.980108,1.980108,1.980108,1.980108,1.980108,1.980108,1.980108,1.980108,1.980108,1.980108,1.980108,1.980108,1.980108,2.970162,1.980108,1.980108,1.980108,1.980108,1.980108,1.980108,1.980108,1.980108,1.980108,1.980108,1.980108,1.980108,1.980108,1.980108,1.980108,2.970162,1.980108,1.980108,1.980108,1.980108,1.980108,1.980108,1.980108,1.980108,1.980108,1.980108,1.980108,1.980108,1.980108,1.980108,1.980108,2.970162,1.980108,1.980108,1.980108,1.980108,1.980108,1.980108,1.980108,1.980108,1.980108,1.980108,1.980108,1.980108,1.980108,1.980108,1.980108,2.970162,1.980108,1.980108,1.980108,1.980108,1.980108,1.980108,1.980108,1.980108,1.980108,1.980108,1.980108,1.980108,1.980108,1.980108,1.980108,2.970162,1.980108,1.980108,1.980108,1.980108,1.980108,1.980108,1.980108,1.980108,1.980108,1.980108,1.980108,1.980108,1.980108,1.980108,1.980108,2.970162,1.980108,1.980108,1.980108,1.980108,1.980108,1.980108,1.980108,1.980108,1.980108,1.980108,1.980108,1.980108,1.980108,1.980108,1.980108,2.970162,1.980108,1.980108,1.980108,1.980108,1.980108,1.980108,1.980108,1.980108,1.980108,1.980108,1.980108,1.980108,1.980108,1.980108,1.980108,2.970162,1.980108,1.980108,1.980108,1.980108,1.980108,1.980108,1.980108,1.980108,1.980108,1.980108,1.980108,1.980108,1.980108,1.980108,1.980108,2.970162,1.980108,1.980108,1.980108,1.980108,1.980108,1.980108,1.980108,1.980108,1.980108,1.980108,1.980108,1.980108,1.980108,1.980108,1.980108,2.970162,1.980108,1.980108,1.980108,1.980108,1.980108,1.980108,2.970162,2.970162,2.970162,2.970162,2.970162,2.970162,2.970162,2.970162,2.970162,-30.664264,2.970162,2.970162,2.970162,2.970162,2.970162,2.970162
1.980108,1.980108,1.980108,1.980108,1.980108,1.980108,1.980108,1.980108,1.980108,1.980108,2.970162,1.980108,1.980108,1.980108,1.980108,1.980108,1.980108,1.980108,1.980108,1.980108,1.980108,1.980108,1.980108,1.980108,1.980108,1.980108,2.970162,1.980108,1.980108,1.980108,1.980108,1.980108,1.980108,1.980108,1.980108,1.980108,1.980108,1.980108,1.980108,1.980108,1.980108,1.980108,2.970162,1.980108,1.980108,1.980108,1.980108,1.980108,1.980108,1.980108,1.980108,1.980108,1.980108,1.980108,1.980108,1.980108,1.980108,1.980108,2.970162,1.980108,1.980108,1.980108,1.980108,1.980108,1.980108,1.980108,1.980108,1.980108,1.980108,1.980108,1.980108,1.980108,1.980108,1.980108,2.970162,1.980108,1.980108,1.980108,1.980108,1.980108,1.980108,1.980108,1.980108,1.980108,1.980108,1.980108,1.980108,1.980108,1.980108,1.980108,2.970162,1.980108,1.980108,1.980108,1.980108,1.980108,1.980108,1.980108,1.980108,1.980108,1.980108,1.980108,1.980108,1.980108,1.980108,1.980108,2.970162,1.980108,1.980108,1.980108,1.980108,1.980108,1.980108,1.980108,1.980108,1.980108,1.980108,1.980108,1.980108,1.980108,1.980108,1.980108,2.970162,1.980108,1.980108,1.980108,1.980108,1.980108,1.980108,1.980108,1.980108,1.980108,1.980108,1.980108,1.980108,1.980108,1.980108,1.980108,2.970162,1.980108,1.980108,1.980108,1.980108,1.980108,1.980108,1.980108,1.980108,1.980108,1.980108,1.980108,1.980108,1.980108,1.980108,1.980108,2.970162,1.980108,1.980108,1.980108,1.980108,1.980108,1.980108,1.980108,1.980108,1.980108,1.980108,1.980108,1.980108,1.980108,1.980108,1.980108,2.970162,1.980108,1.980108,1.980108,1.980108,1.980108,1.980108,1.980108,1.980108,1.980108,1.980108,1.980108,1.980108,1.980108,1.980108,1.980108,2.970162,1.980108,1.980108,1.980108,1.980108,1.980108,1.980108,1.980108,1.980108,1.980108,1.980108,1.980108,1.980108,1.980108,1.980108,1.980108,2.970162,1.980108,1.980108,1.980108,1.980108,1.980108,1.980108,1.980108,1.980108,1.980108,1.980108,1.980108,1.980108,1.980108,1.980108,1.980108,2.970162,1.980108,1.980108,1.980108,1.980108,1.980108,1.980108,1.980108,1.980108,1.980108,1.980108,1.980108,1.980108,1.980108,1.980108,1.980108,2.970162,1.980108,1.980108,1.980108,1.980108,1.980108,1.980108,1.980108,1.980108,1.980108,1.980108,1.980108,1.980108,1.980108,1.980108,1.980108,2.970162,1.980108,1.980108,1.980108,1.980108,1.980108,1.980108,1.980108,1.980108,1.980108,1.980108,1.980108,1.980108,1.980108,1.980108,1.980108,2.970162,1.980108,1.980108,1.980108,1.980108,1.980108,1.980108,1.980108,1.980108,1.980108,1.980108,1.980108,1.980108,1.980108,1.980108,1.980108,2.970162,1.980108,1.980108,1.980108,1.980108,1.980108,1.980108,1.980108,1.980108,1.980108,1.980108,1.980108,1.980108,1.980108,1.980108,1.980108,2.970162,1.980108,1.980108,1.980108,1.980108,1.980108,2.970162,2.970162,2.970162,2.970162,2.970162,2.970162,2.970162,2.970162,2.970162,2.970162,-30.537596,2.970162,2.970162,2.970162,2.970162,2.970162
1.980108,1.980108,1.980108,1.980108,1.980108,1.980108,1.980108,1.980108,1.980108,1.980108,1.980108,2.970162,1.980108,1.980108,1.980108,1.980108,1.980108,1.980108,1.980108,1.980108,1.980108,1.980108,1.980108,1.980108,1.980108,1.980108,1.980108,2.970162,1.980108,1.980108,1.980108,1.980108,1.980108,1.980108,1.980108,1.980108,1.980108,1.980108,1.980108,1.980108,1.980108,1.980108,1.980108,2.970162,1.980108,1.980108,1.980108,1.980108,1.980108,1.980108,1.980108,1.980108,1.980108,1.980108,1.980108,1.980108,1.980108,1.980108,1.980108,2.970162,1.980108,1.980108,1.980108,1.980108,1.980108,1.980108,1.980108,1.980108,1.980108,1.980108,1.980108,1.980108,1.980108,1.980108,1.980108,2.970162,1.980108,1.980108,1.980108,1.980108,1.980108,1.980108,1.980108,1.980108,1.980108,1.980108,1.980108,1.980108,1.980108,1.980108,1.980108,2.970162,1.980108,1.980108,1.980108,1.980108,1.980108,1.980108,1.980108,1.980108,1.980108,1.980108,1.980108,1.980108,1.980108,1.980108,1.980108,2.970162,1.980108,1.980108,1.980108,1.980108,1.980108,1.980108,1.980108,1.980108,1.980108,1.980108,1.980108,1.980108,1.980108,1.980108,1.980108,2.970162,1.980108,1.980108,1.980108,1.980108,1.980108,1.980108,1.980108,1.980108,1.980108,1.980108,1.980108,1.980108,1.980108,1.980108,1.980108,2.970162,1.980108,1.980108,1.980108,1.980108,1.980108,1.980108,1.980108,1.980108,1.980108,1.980108,1.980108,1.980108,1.980108,1.980108,1.980108,2.970162,1.980108,1.980108,1.980108,1.980108,1.980108,1.980108,1.980108,1.980108,1.980108,1.980108,1.980108,1.980108,1.980108,1.980108,1.980108,2.970162,1.980108,1.980108,1.980108,1.980108,1.980108,1.980108,1.980108,1.980108,1.980108,1.980108,1.980108,1.980108,1.980108,1.980108,1.980108,2.970162,1.980108,1.980108,1.980108,1.980108,1.980108,1.980108,1.980108,1.980108,1.980108,1.980108,1.980108,1.980108,1.980108,1.980108,1.980108,2.970162,1.980108,1.980108,1.980108,1.980108,1.980108,1.980108,1.980108,1.980108,1.980108,1.980108,1.980108,1.980108,1.980108,1.980108,1.980108,2.970162,1.980108,1.980108,1.980108,1.980108,1.980108,1.980108,1.980108,1.980108,1.980108,1.980108,1.980108,1.980108,1.980108,1.980108,1.980108,2.970162,1.980108,1.980108,1.980108,1.980108,1.980108,1.980108,1.980108,1.980108,1.980108,1.980108,1.980108,1.980108,1.980108,1.980108,1.980108,2.970162,1.980108,1.980108,1.980108,1.980108,1.980108,1.980108,1.980108,1.980108,1.980108,1.980108,1.980108,1.980108,1.980108,1.980108,1.980108,2.970162,1.980108,1.980108,1.980108,1.980108,1.980108,1.980108,1.980108,1.980108,1.980108,1.980108,1.980108,1.980108,1.980108,1.980108,1.980108,2.970162,1.980108,1.980108,1.980108,1.980108,1.980108,1.980108,1.980108,1.980108,1.980108,1.980108,1.980108,1.980108,1.980108,1.980108,1.980108,2.970162,1.980108,1.980108,1.980108,1.980108,2.970162,2.970162,2.970162,2.970162,2.970162,2.970162,2.970162,2.970162,2.970162,2.970162,2.970162,-30.397590,2.970162,2.970162,2.970162,2.970162
1.980108,1.980108,1.980108,1.980108,1.980108,1.980108,1.980108,1.980108,1.980108,1.980108,1.980108,1.980108,2.970162,1.980108,1.980108,1.980108,1.980108,1.980108,1.980108,1.980108,1.980108,1.980108,1.980108,1.980108,1.980108,1.980108,1.980108,1.980108,2.970162,1.980108,1.980108,1.980108,1.980108,1.980108,1.980108,1.980108,1.980108,1.980108,1.980108,1.980108,1.980108,1.980108,1.980108,1.980108,2.970162,1.980108,1.980108,1.980108,1.980108,1.980108,1.980108,1.980108,1.980108,1.980108,1.980108,1.980108,1.980108,1.980108,1.980108,1.980108,2.970162,1.980108,1.980108,1.980108,1.980108,1.980108,1.980108,1.980108,1.980108,1.980108,1.980108,1.980108,1.980108,1.980108,1.980108,1.980108,2.970162,1.980108,1.980108,1.980108,1.980108,1.980108,1.980108,1.980108,1.980108,1.980108,1.980108,1.980108,1.980108,1.980108,1.980108,1.980108,2.970162,1.980108,1.980108,1.980108,1.980108,1.980108,1.980108,1.980108,1.980108,1.980108,1.980108,1.980108,1.980108,1.980108,1.980108,1.980108,2.970162,1.980108,1.980108,1.980108,1.980108,1.980108,1.980108,1.980108,1.980108,1.980108,1.980108,1.980108,1.980108,1.980108,1.980108,1.980108,2.970162,1.980108,1.980108,1.980108,1.980108,1.980108,1.980108,1.980108,1.980108,1.980108,1.980108,1.980108,1.980108,1.980108,1.980108,1.980108,2.970162,1.980108,1.980108,1.980108,1.980108,1.980108,1.980108,1.980108,1.980108,1.980108,1.980108,1.980108,1.980108,1.980108,1.980108,1.980108,2.970162,1.980108,1.980108,1.980108,1.980108,1.980108,1.980108,1.980108,1.980108,1.980108,1.980108,1.980108,1.980108,1.980108,1.980108,1.980108,2.970162,1.980108,1.980108,1.980108,1.980108,1.980108,1.980108,1.980108,1.980108,1.980108,1.980108,1.980108,1.980108,1.980108,1.980108,1.980108,2.970162,1.980108,1.980108,1.980108,1.980108,1.980108,1.980108,1.980108,1.980108,1.980108,1.980108,1.980108,1.980108,1.980108,1.980108,1.980108,2.970162,1.980108,1.980108,1.980108,1.980108,1.980108,1.980108,1.980108,1.980108,1.980108,1.980108,1.980108,1.980108,1.980108,1.980108,1.980108,2.970162,1.980108,1.980108,1.980108,1.980108,1.980108,1.980108,1.980108,1.980108,1.980108,1.980108,1.980108,1.980108,1.980108,1.980108,1.980108,2.970162,1.980108,1.980108,1.980108,1.980108,1.980108,1.980108,1.980108,1.980108,1.980108,1.980108,1.980108,1.980108,1.980108,1.980108,1.980108,2.970162,1.980108,1.980108,1.980108,1.980108,1.980108,1.980108,1.980108,1.980108,1.980108,1.980108,1.980108,1.980108,1.980108,1.980108,1.980108,2.970162,1.980108,1.980108,1.980108,1.980108,1.980108,1.980108,1.980108,1.980108,1.980108,1.980108,1.980108,1.980108,1.980108,1.980108,1.980108,2.970162,1.980108,1.980108,1.980108,1.980108,1.980108,1.980108,1.980108,1.980108,1.980108,1.980108,1.980108,1.980108,1.980108,1.980108,1.980108,2.970162,1.980108,1.980108,1.980108,2.970162,2.970162,2.970162,2.970162,2.970162,2.970162,2.970162,2.970162,2.970162,2.970162,2.970162,2.970162,-30.110568,2.970162,2.970162,2.970162
1.980108,1.980108,1.980108,1.980108,1.980108,1.980108,1.980108,1.980108,1.980108,1.980108,1.980108,1.980108,1.980108,2.970162,1.980108,1.980108,1.980108,1.980108,1.980108,1.980108,1.980108,1.980108,1.980108,1.980108,1.980108,1.980108,1.980108,1.980108,1.980108,2.970162,1.980108,1.980108,1.980108,1.980108,1.980108,1.980108,1.980108,1.980108,1.980108,1.980108,1.980108,1.980108,1.980108,1.980108,1.980108,2.970162,1.980108,1.980108,1.980108,1.980108,1.980108,1.980108,1.980108,1.980108,1.980108,1.980108,1.980108,1.980108,1.980108,1.980108,1.980108,2.970162,1.980108,1.980108,1.980108,1.980108,1.980108,1.980108,1.980108,1.980108,1.980108,1.980108,1.980108,1.980108,1.980108,1.980108,1.980108,2.970162,1.980108,1.980108,1.980108,1.980108,1.980108,1.980108,1.980108,1.980108,1.980108,1.980108,1.980108,1.980108,1.980108,1.980108,1.980108,2.970162,1.980108,1.980108,1.980108,1.980108,1.980108,1.980108,1.980108,1.980108,1.980108,1.980108,1.980108,1.980108,1.980108,1.980108,1.980108,2.970162,1.980108,1.980108,1.980108,1.980108,1.980108,1.980108,1.980108,1.980108,1.980108,1.980108,1.980108,1.980108,1.980108,1.980108,1.980108,2.970162,1.980108,1.980108,1.980108,1.980108,1.980108,1.980108,1.980108,1.980108,1.980108,1.980108,1.980108,1.980108,1.980108,1.980108,1.980108,2.970162,1.980108,1.980108,1.980108,1.980108,1.980108,1.980108,1.980108,1.980108,1.980108,1.980108,1.980108,1.980108,1.980108,1.980108,1.980108,2.970162,1.980108,1.980108,1.980108,1.980108,1.980108,1.980108,1.980108,1.980108,1.980108,1.980108,1.980108,1.980108,1.980108,1.980108,1.980108,2.970162,1.980108,1.980108,1.980108,1.980108,1.980108,1.980108,1.980108,1.980108,1.980108,1.980108,1.980108,1.980108,1.980108,1.980108,1.980108,2.970162,1.980108,1.980108,1.980108,1.980108,1.980108,1.980108,1.980108,1.980108,1.980108,1.980108,1.980108,1.980108,1.980108,1.980108,1.980108,2.970162,1.980108,1.980108,1.980108,1.980108,1.980108,1.980108,1.980108,1.980108,1.980108,1.980108,1.980108,1.980108,1.980108,1.980108,1.980108,2.970162,1.980108,1.980108,1.980108,1.980108,1.980108,1.980108,1.980108,1.980108,1.980108,1.980108,1.980108,1.980108,1.980108,1.980108,1.980108,2.970162,1.980108,1.980108,1.980108,1.980108,1.980108,1.980108,1.980108,1.980108,1.980108,1.980108,1.980108,1.980108,1.980108,1.980108,1.980108,2.970162,1.980108,1.980108,1.980108,1.980108,1.980108,1.980108,1.980108,1.980108,1.980108,1.980108,1.980108,1.980108,1.980108,1.980108,1.980108,2.970162,1.980108,1.980108,1.980108,1.980108,1.980108,1.980108,1.980108,1.980108,1.980108,1.980108,1.980108,1.980108,1.980108,1.980108,1.980108,2.970162,1.980108,1.980108,1.980108,1.980108,1.980108,1.980108,1.980108,1.980108,1.980108,1.980108,1.980108,1.980108,1.980108,1.980108,1.980108,2.970162,1.980108,1.980108,2.970162,2.970162,2.970162,2.970162,2.970162,2.970162,2.970162,2.970162,2.970162,2.970162,2.970162,2.970162,2.970162,-29.874910,2.970162,2.970162
1.980108,1.980108,1.980108,1.980108,1.980108,1.980108,1.980108,1.980108,1.980108,1.980108,1.980108,1.980108,1.980108,1.980108,2.970162,1.980108,1.980108,1.980108,1.980108,1.980108,1.980108,1.980108,1.980108,1.980108,1.980108,1.980108,1.980108,1.980108,1.980108,1.980108,2.970162,1.980108,1.980108,1.980108,1.980108,1.980108,1.980108,1.980108,1.980108,1.980108,1.980108,1.980108,1.980108,1.980108,1.980108,1.980108,2.970162,1.980108,1.980108,1.980108,1.980108,1.980108,1.980108,1.980108,1.980108,1.980108,1.980108,1.980108,1.980108,1.980108,1.980108,1.980108,2.970162,1.980108,1.980108,1.980108,1.980108,1.980108,1.980108,1.980108,1.980108,1.980108,1.980108,1.980108,1.980108,1.980108,1.980108,1.980108,2.970162,1.980108,1.980108,1.980108,1.980108,1.980108,1.980108,1.980108,1.980108,1.980108,1.980108,1.980108,1.980108,1.980108,1.980108,1.980108,2.970162,1.980108,1.980108,1.980108,1.980108,1.980108,1.980108,1.980108,1.980108,1.980108,1.980108,1.980108,1.980108,1.980108,1.980108,1.980108,2.970162,1.980108,1.980108,1.980108,1.980108,1.980108,1.980108,1.980108,1.980108,1.980108,1.980108,1.980108,1.980108,1.980108,1.980108,1.980108,2.970162,1.980108,1.980108,1.980108,1.980108,1.980108,1.980108,1.980108,1.980108,1.980108,1.980108,1.980108,1.980108,1.980108,1.980108,1.980108,2.970162,1.980108,1.980108,1.980108,1.980108,1.980108,1.980108,1.980108,1.980108,1.980108,1.980108,1.980108,1.980108,1.980108,1.980108,1.980108,2.970162,1.980108,1.980108,1.980108,1.980108,1.980108,1.980108,1.980108,1.980108,1.980108,1.980108,1.980108,1.980108,1.980108,1.980108,1.980108,2.970162,1.980108,1.980108,1.980108,1.980108,1.980108,1.980108,1.980108,1.980108,1.980108,1.980108,1.980108,1.980108,1.980108,1.980108,1.980108,2.970162,1.980108,1.980108,1.980108,1.980108,1.980108,1.980108,1.980108,1.980108,1.980108,1.980108,1.980108,1.980108,1.980108,1.980108,1.980108,2.970162,1.980108,1.980108,1.980108,1.980108,1.980108,1.980108,1.980108,1.980108,1.980108,1.980108,1.980108,1.980108,1.980108,1.980108,1.980108,2.970162,1.980108,1.980108,1.980108,1.980108,1.980108,1.980108,1.980108,1.980108,1.980108,1.980108,1.980108,1.980108,1.980108,1.980108,1.980108,2.970162,1.980108,1.980108,1.980108,1.980108,1.980108,1.980108,1.980108,1.980108,1.980108,1.980108,1.980108,1.980108,1.980108,1.980108,1.980108,2.970162,1.980108,1.980108,1.980108,1.980108,1.980108,1.980108,1.980108,1.980108,1.980108,1.980108,1.980108,1.980108,1.980108,1.980108,1.980108,2.970162,1.980108,1.980108,1.980108,1.980108,1.980108,1.980108,1.980108,1.980108,1.980108,1.980108,1.980108,1.980108,1.980108,1.980108,1.980108,2.970162,1.980108,1.980108,1.980108,1.980108,1.980108,1.980108,1.980108,1.980108,1.980108,1.980108,1.980108,1.980108,1.980108,1.980108,1.980108,2.970162,1.980108,2.970162,2.970162,2.970162,2.970162,2.970162,2.970162,2.970162,2.970162,2.970162,2.970162,2.970162,2.970162,2.970162,2.970162,-29.858053,2.970162
1.980108,1.980108,1.980108,1.980108,1.980108,1.980108,1.980108,1.980108,1.980108,1.980108,1.980108,1.980108,1.980108,1.980108,1.980108,2.970162,1.980108,1.980108,1.980108,1.980108,1.980108,1.980108,1.980108,1.980108,1.980108,1.980108,1.980108,1.980108,1.980108,1.980108,1.980108,2.970162,1.980108,1.980108,1.980108,1.980108,1.980108,1.980108,1.980108,1.980108,1.980108,1.980108,1.980108,1.980108,1.980108,1.980108,1.980108,2.970162,1.980108,1.980108,1.980108,1.980108,1.980108,1.980108,1.980108,1.980108,1.980108,1.980108,1.980108,1.980108,1.980108,1.980108,1.980108,2.970162,1.980108,1.980108,1.980108,1.980108,1.980108,1.980108,1.980108,1.980108,1.980108,1.980108,1.980108,1.980108,1.980108,1.980108,1.980108,2.970162,1.980108,1.980108,1.980108,1.980108,1.980108,1.980108,1.980108,1.980108,1.980108,1.980108,1.980108,1.980108,1.980108,1.980108,1.980108,2.970162,1.980108,1.980108,1.980108,1.980108,1.980108,1.980108,1.980108,1.980108,1.980108,1.980108,1.980108,1.980108,1.980108,1.980108,1.980108,2.970162,1.980108,1.980108,1.980108,1.980108,1.980108,1.980108,1.980108,1.980108,1.980108,1.980108,1.980108,1.980108,1.980108,1.980108,1.980108,2.970162,1.980108,1.980108,1.980108,1.980108,1.980108,1.980108,1.980108,1.980108,1.980108,1.980108,1.980108,1.980108,1.980108,1.980108,1.980108,2.970162,1.980108,1.980108,1.980108,1.980108,1.980108,1.980108,1.980108,1.980108,1.980108,1.980108,1.980108,1.980108,1.980108,1.980108,1.980108,2.970162,1.980108,1.980108,1.980108,1.980108,1.980108,1.980108,1.980108,1.980108,1.980108,1.980108,1.980108,1.980108,1.980108,1.980108,1.980108,2.970162,1.980108,1.980108,1.980108,1.980108,1.980108,1.980108,1.980108,1.980108,1.980108,1.980108,1.980108,1.980108,1.980108,1.980108,1.980108,2.970162,1.980108,1.980108,1.980108,1.980108,1.980108,1.980108,1.980108,1.980108,1.980108,1.980108,1.980108,1.980108,1.980108,1.980108,1.980108,2.970162,1.980108,1.980108,1.980108,1.980108,1.980108,1.980108,1.980108,1.980108,1.980108,1.980108,1.980108,1.980108,1.980108,1.980108,1.980108,2.970162,1.980108,1.980108,1.980108,1.980108,1.980108,1.980108,1.980108,1.980108,1.980108,1.980108,1.980108,1.980108,1.980108,1.980108,1.980108,2.970162,1.980108,1.980108,1.980108,1.980108,1.980108,1.980108,1.980108,1.980108,1.980108,1.980108,1.980108,1.980108,1.980108,1.980108,1.980108,2.970162,1.980108,1.980108,1.980108,1.980108,1.980108,1.980108,1.980108,1.980108,1.980108,1.980108,1.980108,1.980108,1.980108,1.980108,1.980108,2.970162,1.980108,1.980108,1.980108,1.980108,1.980108,1.980108,1.980108,1.980108,1.980108,1.980108,1.980108,1.980108,1.980108,1.980108,1.980108,2.970162,1.980108,1.980108,1.980108,1.980108,1.980108,1.980108,1.980108,1.980108,1.980108,1.980108,1.980108,1.980108,1.980108,1.980108,1.980108,2.970162,2.970162,2.970162,2.970162,2.970162,2.970162,2.970162,2.970162,2.970162,2.970162,2.970162,2.970162,2.970162,2.970162,2.970162,2.970162,-29.951858
